commence_time,home_team,away_team,home_resolved,away_resolved,event_name
2026-08-01T14:00:00Z,Daniel Schwindt,David Hosek,False,False,UFC Fight Night: Medic vs. Rodriguez
2026-08-01T14:00:00Z,David Kozma,David Zawada,False,True,UFC Fight Night: Medic vs. Rodriguez
2026-08-01T14:00:00Z,Jakub Tichota,Firas Daud,False,False,UFC Fight Night: Medic vs. Rodriguez
2026-08-01T14:00:00Z,Harun Kurt,Roman Paulus,False,False,UFC Fight Night: Medic vs. Rodriguez
2026-08-01T14:00:00Z,Ivan Klevets,Kevin Enz,False,False,UFC Fight Night: Medic vs. Rodriguez
2026-08-01T14:00:00Z,Will Fleury,Makhmud Muradov,False,True,UFC Fight Night: Medic vs. Rodriguez
2026-08-01T14:00:00Z,Miroslav Broz,Rafael Aronov,False,False,UFC Fight Night: Medic vs. Rodriguez
2026-08-01T15:15:00Z,Nina Milošević,Hailey Cowan,False,True,UFC Fight Night: Medic vs. Rodriguez
2026-08-01T16:00:00Z,Hafeni Nafuka,Tomáš Mudroch,False,False,UFC Fight Night: Medic vs. Rodriguez
2026-08-01T16:00:00Z,Jakub Batfalsky,Vojtěch Kohl,False,False,UFC Fight Night: Medic vs. Rodriguez
2026-08-01T17:00:00Z,Lucia Szabová,Lucie Pudilova,False,True,UFC Fight Night: Medic vs. Rodriguez
2026-08-01T17:15:00Z,Miloš Janičić,Noah Gugnon,False,True,UFC Fight Night: Medic vs. Rodriguez
2026-07-25T17:45:00Z,Islam Dulatov,Wellington Turman,True,True,UFC Fight Night: Ankalaev vs. Guskov
2026-07-25T18:15:00Z,Stephen Erceg,Ramazonbek Temirov,False,False,UFC Fight Night: Ankalaev vs. Guskov
2026-07-26T00:10:00Z,Noah Hermosillo,Jacob Pais,False,False,UFC Fight Night: Ankalaev vs. Guskov
2026-07-26T00:40:00Z,Chad Yard,Coby Bradford,False,False,UFC Fight Night: Ankalaev vs. Guskov
2026-07-26T01:10:00Z,Nkosi Ndebele,Brandon Davis,False,True,UFC Fight Night: Ankalaev vs. Guskov
2026-07-26T01:40:00Z,Bryce Meredith,Michael Cyr,False,False,UFC Fight Night: Ankalaev vs. Guskov
2026-07-26T02:10:00Z,Eliezer Kubanza,Chris Mixan,True,False,UFC Fight Night: Ankalaev vs. Guskov
2026-07-26T02:35:00Z,Sullivan Cauley,Rasul Magomedov,False,False,UFC Fight Night: Ankalaev vs. Guskov
2026-07-26T03:00:00Z,Tyson Pedro,Rafael Alves,True,True,UFC Fight Night: Ankalaev vs. Guskov
2026-07-26T03:30:00Z,Thad Jean,Ernesto Rodriguez,False,False,UFC Fight Night: Ankalaev vs. Guskov
2026-07-18T12:00:00Z,Przemyslaw Gorny,Grzegorz Stabach,False,False,UFC Fight Night: Du Plessis vs. Usman
2026-07-18T14:00:00Z,Mateusz Pawlik,Adam Niedzwiedz,False,False,UFC Fight Night: Du Plessis vs. Usman
2026-07-18T14:00:00Z,Maciej Rozanski,Ibragim Chuzhigaev,False,False,UFC Fight Night: Du Plessis vs. Usman
2026-07-18T15:00:00Z,Mateusz Pawlik,Adam Niedźwiedź,False,False,UFC Fight Night: Du Plessis vs. Usman
2026-07-18T15:00:00Z,Sebastian Przybysz,Edgars Skrīvers,False,False,UFC Fight Night: Du Plessis vs. Usman
2026-07-18T15:00:00Z,Laura Grzyb,Rayla Nascimento,False,False,UFC Fight Night: Du Plessis vs. Usman
2026-07-18T15:00:00Z,Oskar Stachura,Mateusz Balko,False,False,UFC Fight Night: Du Plessis vs. Usman
2026-07-18T16:00:00Z,Artur Szpilka,Augusto Sakai,False,True,UFC Fight Night: Du Plessis vs. Usman
2026-07-18T16:00:00Z,Bartosz Kurek,Laid Zerhouni,False,False,UFC Fight Night: Du Plessis vs. Usman
2026-07-18T16:00:00Z,Rafał Haratyk,Bartosz Leśko,False,False,UFC Fight Night: Du Plessis vs. Usman
2026-07-18T17:00:00Z,Leonardo Damiani,Andrea Bicchi,True,False,UFC Fight Night: Du Plessis vs. Usman
2026-07-18T17:00:00Z,Arbi Chakaev,Dominik Herold,False,False,UFC Fight Night: Du Plessis vs. Usman
2026-07-18T17:00:00Z,Jindrich Byrtus,Ernesto Papa,False,False,UFC Fight Night: Du Plessis vs. Usman
2026-07-18T17:00:00Z,Toni Estorer,Tomas Melis,False,False,UFC Fight Night: Du Plessis vs. Usman
2026-07-18T21:40:00Z,Victoria Alba,Borena Tsertsvadze,False,False,UFC Fight Night: Du Plessis vs. Usman
2026-07-18T22:10:00Z,Jackson Glass,Zak Flessas,False,False,UFC Fight Night: Du Plessis vs. Usman
2026-07-18T22:40:00Z,Mia Grawe,Ashley Thiner,False,False,UFC Fight Night: Du Plessis vs. Usman
2026-07-18T23:10:00Z,Andrea Vazquez,Aleksandra Savicheva,False,False,UFC Fight Night: Du Plessis vs. Usman
2026-07-18T23:15:00Z,Seok Hyun Ko,Jean-Paul Lebosnoyani,False,True,UFC Fight Night: Du Plessis vs. Usman
2026-07-18T23:40:00Z,Biaggio Ali Walsh,Gamid Khizriev,False,False,UFC Fight Night: Du Plessis vs. Usman
2026-07-19T00:00:00Z,Arman Tsarukyan,Colby Covington,True,True,UFC Fight Night: Du Plessis vs. Usman
2026-07-19T00:00:00Z,Frankie Edgar,Clay Guida,True,True,UFC Fight Night: Du Plessis vs. Usman
2026-07-19T00:00:00Z,Jesus Pinedo,Levy Saul Marroquin,True,False,UFC Fight Night: Du Plessis vs. Usman
2026-07-19T00:40:00Z,Caolan Loughran,Julio Arce,True,True,UFC Fight Night: Du Plessis vs. Usman
2026-07-19T01:10:00Z,Lewis McGrillen,Rafael do Nascimento,False,False,UFC Fight Night: Du Plessis vs. Usman
2026-07-19T01:40:00Z,Johnny Eblen,Impa Kasanganay,False,True,UFC Fight Night: Du Plessis vs. Usman
2026-07-11T14:00:00Z,Zoran Milic,Aaron Aby,False,False,UFC 329: McGregor vs. Holloway 2
2026-07-11T14:00:00Z,Patrik Šebek,Altin Zenuni,False,False,UFC 329: McGregor vs. Holloway 2
2026-07-11T14:00:00Z,Kamil Oniszczuk,Mick Stanton,False,False,UFC 329: McGregor vs. Holloway 2
2026-07-11T15:00:00Z,Merab Dvalishvili,Henry Cejudo,True,True,UFC 329: McGregor vs. Holloway 2
2026-07-11T16:00:00Z,Cihad Akipa,Mate Kertesz,False,False,UFC 329: McGregor vs. Holloway 2
2026-07-11T16:00:00Z,Patrik Kincl,Hojat Khajevand,False,False,UFC 329: McGregor vs. Holloway 2
2026-07-11T16:00:00Z,Krzysztof Jotko,Kerim Engizek,True,False,UFC 329: McGregor vs. Holloway 2
2026-07-11T16:00:00Z,Marc Doussis,Olutobi Ayodeji Kalejaiye,False,False,UFC 329: McGregor vs. Holloway 2
2026-06-27T14:00:00Z,Valentina Shevchenko,Natalia Silva,True,True,UFC Fight Night: Fiziev vs. Torres
2026-06-27T16:15:00Z,Abusupyian Magomedov,Michal Oleksiejczuk,False,True,UFC Fight Night: Fiziev vs. Torres
2026-06-27T17:00:00Z,Stephen Costello,Andrea Kabali,False,False,UFC Fight Night: Fiziev vs. Torres
2026-06-27T17:00:00Z,Giovanni Fernandez,Paddy Rutledge,False,False,UFC Fight Night: Fiziev vs. Torres
2026-06-27T17:55:00Z,Cameron Stewart,Callum Haughian,False,False,UFC Fight Night: Fiziev vs. Torres
2026-06-27T18:10:00Z,Kadeem Perkins,Ieuan Mackenzie,False,False,UFC Fight Night: Fiziev vs. Torres
2026-06-27T18:30:00Z,Jordan Vucenic,Nonato Junior,True,False,UFC Fight Night: Fiziev vs. Torres
2026-06-27T18:40:00Z,Tariq Pell,Luan Duarte,False,False,UFC Fight Night: Fiziev vs. Torres
2026-06-27T19:05:00Z,Manuel Del Valle,Michael Dubois,False,False,UFC Fight Night: Fiziev vs. Torres
2026-06-27T19:30:00Z,Ollie Sarwa,Pietro Mochetti,False,False,UFC Fight Night: Fiziev vs. Torres
2026-06-27T20:20:00Z,Nik Bagley,Aiden Lee,False,False,UFC Fight Night: Fiziev vs. Torres
2026-06-27T23:00:00Z,Cobey Fehr,Daniel Bzdigian,False,False,UFC Fight Night: Fiziev vs. Torres
2026-06-27T23:00:00Z,Gamid Khizriev,Lorenzo Parente,False,False,UFC Fight Night: Fiziev vs. Torres
2026-06-27T23:00:00Z,Justin Wetzell,Sarvarjon Hamidov,False,False,UFC Fight Night: Fiziev vs. Torres
2026-06-27T23:40:00Z,Shannon Clark,Ilara Joanne,True,False,UFC Fight Night: Fiziev vs. Torres
2026-06-28T01:10:00Z,Ariane Lipski,Jena Bishop,False,False,UFC Fight Night: Fiziev vs. Torres
2026-06-28T01:40:00Z,Khasan Magomedsharipov,Joshua Weems,False,True,UFC Fight Night: Fiziev vs. Torres
2026-06-28T02:00:00Z,Alexandre Pantoja,Joshua Van,True,True,UFC Fight Night: Fiziev vs. Torres
2026-06-28T02:00:00Z,Tom Aspinall,Ciryl Gane,True,True,UFC Fight Night: Fiziev vs. Torres
2026-06-28T02:00:00Z,Islam Makhachev,Michael Morales,True,True,UFC Fight Night: Fiziev vs. Torres
2026-06-28T02:00:00Z,Weili Zhang,Mackenzie Dern,True,True,UFC Fight Night: Fiziev vs. Torres
2026-06-28T02:00:00Z,Merab Dvalishvili,Petr Yan,True,True,UFC Fight Night: Fiziev vs. Torres
2026-06-28T02:10:00Z,Abraham Bably,Rob Wilkinson,False,True,UFC Fight Night: Fiziev vs. Torres
2026-06-28T02:40:00Z,Alexander Shabliy,Alfie Davis,False,False,UFC Fight Night: Fiziev vs. Torres
2026-06-28T03:10:00Z,Liz Carmouche,Viviane Araujo,True,True,UFC Fight Night: Fiziev vs. Torres
2026-06-28T03:40:00Z,AJ McKee,Salamat Isbulaev,True,False,UFC Fight Night: Fiziev vs. Torres
2026-06-20T15:00:00Z,Konrad Rusinski,Adam Masaev,False,False,UFC Fight Night: Kape vs. Horiguchi
2026-06-20T15:00:00Z,Alina Dalaslan,Djulia Ariana,False,False,UFC Fight Night: Kape vs. Horiguchi
2026-06-20T15:00:00Z,Andrzej Grzebyk,Tymoteusz Łopaczyk,False,False,UFC Fight Night: Kape vs. Horiguchi
2026-06-20T15:00:00Z,Arijan Topallaj,Jan Stanovský,False,False,UFC Fight Night: Kape vs. Horiguchi
2026-06-20T15:00:00Z,Arkadiusz Wrzosek,Tefan Vojcak,False,False,UFC Fight Night: Kape vs. Horiguchi
2026-06-20T15:00:00Z,Attila Korkmaz,Dawid Smielowski,False,False,UFC Fight Night: Kape vs. Horiguchi
2026-06-20T15:00:00Z,Damian Janikowski,Wiktor Zalewski,False,False,UFC Fight Night: Kape vs. Horiguchi
2026-06-20T15:00:00Z,Daniel Rutkowski,Danu Tarchila,False,False,UFC Fight Night: Kape vs. Horiguchi
2026-06-20T15:00:00Z,Denis Frimpong,Niko Samsonidse,False,False,UFC Fight Night: Kape vs. Horiguchi
2026-06-20T15:00:00Z,Michal Martínek,Marek Samociuk,True,False,UFC Fight Night: Kape vs. Horiguchi
2026-06-20T15:00:00Z,Niklas Stolze,Tyrone Pfeifer,True,False,UFC Fight Night: Kape vs. Horiguchi
2026-06-20T15:00:00Z,Zafar Mohsen,Richie Smullen,False,True,UFC Fight Night: Kape vs. Horiguchi
2026-06-20T16:00:00Z,Mateusz Legierski,Gokhan Aksu,False,False,UFC Fight Night: Kape vs. Horiguchi
2026-06-20T16:00:00Z,Will Fleury,Kasim Aras,False,False,UFC Fight Night: Kape vs. Horiguchi
2026-06-20T16:00:00Z,Patryk Kaczmarczyk,Leo Brichta,False,False,UFC Fight Night: Kape vs. Horiguchi
2026-06-20T17:00:00Z,Shay Ingram,Marin Vetrila,False,False,UFC Fight Night: Kape vs. Horiguchi
2026-06-20T18:35:00Z,Tom Wright,Matteo Martignoni,False,False,UFC Fight Night: Kape vs. Horiguchi
2026-06-20T19:40:00Z,George Staines,Conor McCarthy,False,False,UFC Fight Night: Kape vs. Horiguchi
2026-06-20T21:45:00Z,Omiel Brown,Ieuan Davies,False,False,UFC Fight Night: Kape vs. Horiguchi
2026-06-20T23:30:00Z,Melissa Mullins,Beatriz Mesquita,True,False,UFC Fight Night: Kape vs. Horiguchi
2026-06-06T14:00:00Z,Patrick Vespaziani,Adam Palasz,False,False,UFC Fight Night: Muhammad vs. Bonfim
2026-06-06T14:00:00Z,Dastan Amangeldy,Moktar Benkaci,False,False,UFC Fight Night: Muhammad vs. Bonfim
2026-06-06T14:00:00Z,Igor Severino,Zhalgas Zhumagulov,True,True,UFC Fight Night: Muhammad vs. Bonfim
2026-06-06T14:00:00Z,Martin Buday,Lazar Todev,True,False,UFC Fight Night: Muhammad vs. Bonfim
2026-05-30T19:00:00Z,Tommy Hawthorn,Ashlee Evans-Smith,False,True,UFC Fight Night: Song vs. Figueiredo
2026-05-31T00:00:00Z,Gable Steveson,Alexander Romanov,True,True,UFC Fight Night: Song vs. Figueiredo
2026-05-31T00:00:00Z,Colby Covington,Chris Weidman,True,True,UFC Fight Night: Song vs. Figueiredo
2026-05-31T00:00:00Z,Merab Dvalishvili,Frankie Edgar,True,True,UFC Fight Night: Song vs. Figueiredo
2026-05-16T15:00:00Z,Dawid Jarowienko,Altin Zenuni,False,False,UFC Fight Night: Allen vs. Costa
2026-05-16T15:00:00Z,Ivana Petrovic,Danielle Misteli,True,False,UFC Fight Night: Allen vs. Costa
2026-05-16T15:00:00Z,Khalid Taha,Max Holzer,True,False,UFC Fight Night: Allen vs. Costa
2026-05-16T16:00:00Z,Aymard Guih,Marian Ziolkowski,False,False,UFC Fight Night: Allen vs. Costa
2026-05-16T16:00:00Z,Cedric Lushima,Michal Dreczkowski,False,False,UFC Fight Night: Allen vs. Costa
2026-05-16T16:00:00Z,Michal Michalski,Piotr Kuberski,False,False,UFC Fight Night: Allen vs. Costa
2026-05-16T16:00:00Z,Roman Szymanski,Valeriu Mircea,False,False,UFC Fight Night: Allen vs. Costa
2026-05-16T16:00:00Z,Sara Luzar Smajić,Wiktoria Czyżewska,False,False,UFC Fight Night: Allen vs. Costa
2026-05-16T17:00:00Z,Steven Krt,Daniel Kolasiński,False,False,UFC Fight Night: Allen vs. Costa
2026-05-16T23:30:00Z,Thomas Gantt,Artur Minev,False,True,UFC Fight Night: Allen vs. Costa
2026-05-16T23:45:00Z,Jason Jackson,Jeff Creighton,True,False,UFC Fight Night: Allen vs. Costa
2026-05-17T00:45:00Z,Timothy Cuamba,Benardo Sopaj,False,True,UFC Fight Night: Allen vs. Costa
2026-05-17T01:15:00Z,Junior dos Santos,Robelis Despaigne,True,True,UFC Fight Night: Allen vs. Costa
2026-05-17T01:45:00Z,Salahdine Parnasse,Kenneth Cross,True,False,UFC Fight Night: Allen vs. Costa
2026-05-17T02:15:00Z,Nate Diaz,Mike Perry,True,True,UFC Fight Night: Allen vs. Costa
2026-05-17T02:55:00Z,Francis Ngannou,Philipe Lins,True,True,UFC Fight Night: Allen vs. Costa
2026-05-17T03:35:00Z,Ronda Rousey,Gina Carano,True,True,UFC Fight Night: Allen vs. Costa
2026-05-02T12:15:00Z,Stephen Erceg,Tim Elliott,False,True,UFC Fight Night: Della Maddalena vs. Prates
2026-05-02T13:00:00Z,Manne Hampusson,George Youssef,False,False,UFC Fight Night: Della Maddalena vs. Prates
2026-05-02T15:00:00Z,Ali Al-Jasim,Iago Silva,False,False,UFC Fight Night: Della Maddalena vs. Prates
2026-05-02T15:00:00Z,Viktor Mangs,Julius Rijkschroeff,False,False,UFC Fight Night: Della Maddalena vs. Prates
2026-05-02T15:00:00Z,Kevin Munje,Maxime Fondop,False,False,UFC Fight Night: Della Maddalena vs. Prates
2026-05-02T15:00:00Z,Moein Ahmadi,Mattias Henriksson,False,False,UFC Fight Night: Della Maddalena vs. Prates
2026-05-02T15:00:00Z,Patryk Grabowski,Rafael Kveldstad,True,False,UFC Fight Night: Della Maddalena vs. Prates
2026-05-02T15:00:00Z,Sebastian Palacio Gomez,Tome Bokofo,False,False,UFC Fight Night: Della Maddalena vs. Prates
2026-05-02T23:00:00Z,Gadzhi Rabadanov,Aleksandr Chizov,False,False,UFC Fight Night: Della Maddalena vs. Prates
2026-05-02T23:00:00Z,Lucas Almeida,Guram Kutateladze,True,True,UFC Fight Night: Della Maddalena vs. Prates
2026-05-02T23:00:00Z,Magomed Magomedov,Leandro Higo,False,False,UFC Fight Night: Della Maddalena vs. Prates
2026-05-02T23:00:00Z,Renan Ferreira,Sergey Bilostenniy,False,False,UFC Fight Night: Della Maddalena vs. Prates
2026-05-02T23:10:00Z,Maxwell Djantou Nana,Karl Williams,False,True,UFC Fight Night: Della Maddalena vs. Prates
2026-05-02T23:35:00Z,Brett Bye,Taylor Michels,False,False,UFC Fight Night: Della Maddalena vs. Prates
2026-05-03T00:00:00Z,Joel Alvarez,Bryce Logan,True,False,UFC Fight Night: Della Maddalena vs. Prates
2026-05-03T00:00:00Z,Logan Storley,Florim Zendeli,False,False,UFC Fight Night: Della Maddalena vs. Prates
2026-05-03T00:25:00Z,Taila Santos,Qihui Yan,True,True,UFC Fight Night: Della Maddalena vs. Prates
2026-05-03T00:50:00Z,Humberto Bandenay,Sang Won Kim,True,True,UFC Fight Night: Della Maddalena vs. Prates
2026-05-03T01:15:00Z,Sabrinna de Sousa,Cheyanne Bowers,False,False,UFC Fight Night: Della Maddalena vs. Prates
2026-05-03T01:40:00Z,Rasul Magomedov,Rafael Alves,False,True,UFC Fight Night: Della Maddalena vs. Prates
2026-05-03T03:10:00Z,Simeon Powell,Emiliano Sordi,False,True,UFC Fight Night: Della Maddalena vs. Prates
2026-04-25T13:00:00Z,Cam Rowston,Robert Bryczek,True,True,UFC Fight Night: Sterling vs. Zalal
2026-04-25T13:00:00Z,Dom Mar Fan,Kody Steele,True,True,UFC Fight Night: Sterling vs. Zalal
2026-04-25T13:00:00Z,Jonathan Micallef,Themba Gorimbo,True,True,UFC Fight Night: Sterling vs. Zalal
2026-04-25T13:00:00Z,Junior Tafa,Kevin Christian,True,True,UFC Fight Night: Sterling vs. Zalal
2026-04-25T15:00:00Z,Antonio Krajinović,Valentin Knau,False,False,UFC Fight Night: Sterling vs. Zalal
2026-04-25T15:00:00Z,Beneil Dariush,Quillan Salkilld,True,True,UFC Fight Night: Sterling vs. Zalal
2026-04-25T15:00:00Z,Jacob Malkoun,Gerald Meerschaert,True,True,UFC Fight Night: Sterling vs. Zalal
2026-04-25T15:00:00Z,Michael Samperi,Said Kabil,False,False,UFC Fight Night: Sterling vs. Zalal
2026-04-25T16:00:00Z,Clayton Raven,Albert Ugrinčić,False,False,UFC Fight Night: Sterling vs. Zalal
2026-04-25T16:00:00Z,Umut Birdal,Alex Hutyra,False,False,UFC Fight Night: Sterling vs. Zalal
2026-04-25T16:00:00Z,Rade Opacic,Colin George,False,False,UFC Fight Night: Sterling vs. Zalal
2026-04-25T16:00:00Z,Deniz Demirkapu,Mohamed Hamami,False,False,UFC Fight Night: Sterling vs. Zalal
2026-04-25T16:00:00Z,Dominik Humburger,Zebaztian Kadestam,True,False,UFC Fight Night: Sterling vs. Zalal
2026-04-25T16:00:00Z,Václav Štěpán,Firas Daud,False,False,UFC Fight Night: Sterling vs. Zalal
2026-04-25T16:00:00Z,Stefan Koncar,Jan Malach,False,False,UFC Fight Night: Sterling vs. Zalal
2026-04-25T16:00:00Z,Mileide Simplicio,Josefine Knutsson,False,True,UFC Fight Night: Sterling vs. Zalal
2026-04-25T16:00:00Z,Kacper Matyszewski,Liam Pitts,False,False,UFC Fight Night: Sterling vs. Zalal
2026-04-25T16:00:00Z,Mateusz Strzelczyk,Vojtech Garba,False,False,UFC Fight Night: Sterling vs. Zalal
2026-04-25T16:00:00Z,Ozan Aslaner,Vladimír Lengál,False,False,UFC Fight Night: Sterling vs. Zalal
2026-04-25T16:00:00Z,Samuel Bark,Radek Rousal,False,False,UFC Fight Night: Sterling vs. Zalal
2026-04-25T17:00:00Z,Tomáš Mudroch,Josef Hala,False,False,UFC Fight Night: Sterling vs. Zalal
2026-04-25T17:00:00Z,Radek Roušal,Samuel Bark,False,False,UFC Fight Night: Sterling vs. Zalal
2026-04-25T17:35:00Z,Graham Sheehan,Geoff Pavey,False,False,UFC Fight Night: Sterling vs. Zalal
2026-04-25T18:00:00Z,Gary Priestly,Aaron Towns,False,False,UFC Fight Night: Sterling vs. Zalal
2026-04-25T18:00:00Z,Cédric Do,Mohammed Boutasaa,False,False,UFC Fight Night: Sterling vs. Zalal
2026-04-25T18:00:00Z,Lucia Szabová,Leidiane Fernandes,False,False,UFC Fight Night: Sterling vs. Zalal
2026-04-25T18:25:00Z,Igor Wojtas,Leonardo de Oliveira,False,True,UFC Fight Night: Sterling vs. Zalal
2026-04-25T18:30:00Z,Luis Tavares,Mohamed Amine,False,False,UFC Fight Night: Sterling vs. Zalal
2026-04-25T18:50:00Z,Lewis Urquhart,Senan Coakley,False,False,UFC Fight Night: Sterling vs. Zalal
2026-04-25T19:00:00Z,Alin Nechita,Mohammed Hamdi,False,False,UFC Fight Night: Sterling vs. Zalal
2026-04-25T19:10:00Z,Jamie McGowan,Taylor Sullivan,False,False,UFC Fight Night: Sterling vs. Zalal
2026-04-25T19:30:00Z,Aidan Stephen,Josh Abraham,False,False,UFC Fight Night: Sterling vs. Zalal
2026-04-25T19:30:00Z,Michael Blair,Ermil Xhaferi,False,False,UFC Fight Night: Sterling vs. Zalal
2026-04-25T19:30:00Z,Nabil Khachab,Errol Koning,False,False,UFC Fight Night: Sterling vs. Zalal
2026-04-25T19:40:00Z,Norbert Pietrzak,Michael Tchamou,False,False,UFC Fight Night: Sterling vs. Zalal
2026-04-25T20:00:00Z,Stefan Latescu,Iuri Fernandes,False,False,UFC Fight Night: Sterling vs. Zalal
2026-04-25T20:05:00Z,Damon Donald,Leon Armes,False,False,UFC Fight Night: Sterling vs. Zalal
2026-04-25T20:30:00Z,Mohamed Touchassie,Jimmy Omani,False,False,UFC Fight Night: Sterling vs. Zalal
2026-04-25T20:30:00Z,Jordan Stronge,Marc-Philippe Ngatchou,False,False,UFC Fight Night: Sterling vs. Zalal
2026-04-25T20:55:00Z,Jack Foote,Eoin McDonald,False,False,UFC Fight Night: Sterling vs. Zalal
2026-04-25T21:30:00Z,Kevin Tariq Osaro,Nico Horta,False,False,UFC Fight Night: Sterling vs. Zalal
2026-04-25T21:35:00Z,Max Griffin,Victor Valenzuela,True,True,UFC Fight Night: Sterling vs. Zalal
2026-04-25T21:45:00Z,Sean Jr. Clancy,Justin Burlinson,True,True,UFC Fight Night: Sterling vs. Zalal
2026-04-25T21:59:00Z,Donovan Wisse,Chico Kwasi,False,False,UFC Fight Night: Sterling vs. Zalal
2026-04-26T01:15:00Z,Juan Martinetti,Davey Grant,False,True,UFC Fight Night: Sterling vs. Zalal
2026-04-26T01:45:00Z,Rafa Garcia,Alex Hernandez,True,False,UFC Fight Night: Sterling vs. Zalal
2026-04-18T15:00:00Z,Albert Odzimkowski,Andi Vrtacic,False,False,UFC Fight Night: Burns vs. Malott
2026-04-18T15:00:00Z,Oleksii Polischuk,Daniel Rutkowski,False,False,UFC Fight Night: Burns vs. Malott
2026-04-18T15:00:00Z,Hugo Deux,Welisson Paiva,False,False,UFC Fight Night: Burns vs. Malott
2026-04-18T15:00:00Z,Jacek Gać,Luka Vrtačlić,False,False,UFC Fight Night: Burns vs. Malott
2026-04-18T15:00:00Z,Jan Masek,Nacim Belhouachi,False,False,UFC Fight Night: Burns vs. Malott
2026-04-18T15:00:00Z,Pawel Pawlak,Mamed Khalidov,True,False,UFC Fight Night: Burns vs. Malott
2026-04-18T15:00:00Z,Werlleson Martins,Marcelo Morrelli,False,False,UFC Fight Night: Burns vs. Malott
2026-04-18T15:00:00Z,Phil De Fries,Marcin Wojcik,True,False,UFC Fight Night: Burns vs. Malott
2026-04-18T15:00:00Z,Sebastian Decowski,Tobiasz Le,False,False,UFC Fight Night: Burns vs. Malott
2026-04-18T22:25:00Z,Melissa Croden,Darya Zheleznyakova,True,False,UFC Fight Night: Burns vs. Malott
2026-04-19T00:00:00Z,Arman Tsarukyan,Urijah Faber,True,True,UFC Fight Night: Burns vs. Malott
2026-04-19T00:00:00Z,Merab Dvalishvili,Henry Cejudo,True,True,UFC Fight Night: Burns vs. Malott
2026-04-11T15:00:00Z,Alexander Poppeck,Tomasz Narkun,True,False,UFC 327: Prochazka vs. Ulberg
2026-04-11T15:00:00Z,Ion Surdu,Amiran Gogoladze,False,True,UFC 327: Prochazka vs. Ulberg
2026-04-11T15:00:00Z,Michal Materla,Christian Jungwirth,False,False,UFC 327: Prochazka vs. Ulberg
2026-04-11T15:00:00Z,Łukasz Rajewski,Jan Stanovský,False,False,UFC 327: Prochazka vs. Ulberg
2026-04-11T16:00:00Z,Enrico Di Gangi,Claudio Iancu,False,False,UFC 327: Prochazka vs. Ulberg
2026-04-11T16:25:00Z,Manuel Lancioli,Gianluca Rocca,False,False,UFC 327: Prochazka vs. Ulberg
2026-04-11T16:50:00Z,Francesco Tumminiello,Lorenzo de Nigris,False,False,UFC 327: Prochazka vs. Ulberg
2026-04-11T17:15:00Z,Mario Mingaj,Ashlee Evans-Smith,True,True,UFC 327: Prochazka vs. Ulberg
2026-04-11T17:40:00Z,Niko Ceraglia,Christian Soda,False,False,UFC 327: Prochazka vs. Ulberg
2026-04-11T18:05:00Z,Dylan Hazan,Alexandros Moumtzis,False,False,UFC 327: Prochazka vs. Ulberg
2026-04-11T19:20:00Z,Simone Patrizi,Diego Visanzay,False,False,UFC 327: Prochazka vs. Ulberg
2026-04-11T19:45:00Z,Luca Borando,Caique Araujo,False,False,UFC 327: Prochazka vs. Ulberg
2026-04-11T22:00:00Z,Biaggio Ali Walsh,Dash Harris,False,False,UFC 327: Prochazka vs. Ulberg
2026-04-11T22:00:00Z,Jena Bishop,Borena Tsertsvadze,False,False,UFC 327: Prochazka vs. Ulberg
2026-04-11T22:00:00Z,Omar El Dafrawy,James Vake,False,False,UFC 327: Prochazka vs. Ulberg
2026-04-11T22:00:00Z,Kana Watanabe,Paulina Wiśniewska,False,False,UFC 327: Prochazka vs. Ulberg
2026-04-11T22:00:00Z,Valanti Atsas,Nate Jennerman,False,False,UFC 327: Prochazka vs. Ulberg
2026-04-11T23:00:00Z,Rodrigo Nascimento,Alexander Romanov,True,True,UFC 327: Prochazka vs. Ulberg
2026-04-11T23:10:00Z,Tatiana Suarez,Lupita Godinez,True,False,UFC 327: Prochazka vs. Ulberg
2026-04-12T00:40:00Z,Shanna Young,Viviane Araujo,True,True,UFC 327: Prochazka vs. Ulberg
2026-04-12T01:00:00Z,Gabriel Alves Braga,Cheyden Leialoha,False,True,UFC 327: Prochazka vs. Ulberg
2026-04-12T01:30:00Z,Sergio Pettis,Mitchell Mckee,True,False,UFC 327: Prochazka vs. Ulberg
2026-04-12T01:45:00Z,Renat Khavalov,Raufeon Stots,False,False,UFC 327: Prochazka vs. Ulberg
2026-04-12T02:15:00Z,Joshua Silveira,Jordan Newman,False,False,UFC 327: Prochazka vs. Ulberg
2026-04-12T02:45:00Z,Azamat Murzakanov,Paulo Henrique Costa,True,True,UFC 327: Prochazka vs. Ulberg
2026-03-28T22:00:00Z,Joseph White,Guilherme Viana,False,True,UFC Fight Night: Adesanya vs. Pyfer
2026-03-28T23:00:00Z,Tatiana Postarnakova,Elora Dana,False,False,UFC Fight Night: Adesanya vs. Pyfer
2026-03-28T23:00:00Z,Ethan Goss,Frederik Dupras,False,False,UFC Fight Night: Adesanya vs. Pyfer
2026-03-28T23:00:00Z,Natan Schulte,Jakub Kaszuba,False,False,UFC Fight Night: Adesanya vs. Pyfer
2026-03-28T23:35:00Z,Jarrah Al-Silawi,Josh Fremd,False,True,UFC Fight Night: Adesanya vs. Pyfer
2026-03-29T00:25:00Z,Masayuki Kikuiri,Ernesto Rodriguez,False,False,UFC Fight Night: Adesanya vs. Pyfer
2026-03-29T00:50:00Z,Dakota Bush,Robert Watley,True,False,UFC Fight Night: Adesanya vs. Pyfer
2026-03-29T01:00:00Z,Dalton Rosta,Impa Kasanganay,False,True,UFC Fight Night: Adesanya vs. Pyfer
2026-03-29T01:00:00Z,Lazaro Dayron,Jacob Thrall,False,False,UFC Fight Night: Adesanya vs. Pyfer
2026-03-29T01:40:00Z,Jack Shore,Allan Begosso,True,True,UFC Fight Night: Adesanya vs. Pyfer
2026-03-29T02:40:00Z,Alexei Pergande,Julio Arce,False,True,UFC Fight Night: Adesanya vs. Pyfer
2026-03-29T03:10:00Z,Sumiko Inaba,Ariane Lipski,False,False,UFC Fight Night: Adesanya vs. Pyfer
2026-03-29T03:45:00Z,Israel Adesanya,Joseph Pyfer,True,False,UFC Fight Night: Adesanya vs. Pyfer
2026-03-29T04:10:00Z,Johnny Eblen,Bryan Battle,False,True,UFC Fight Night: Adesanya vs. Pyfer
2026-03-14T16:00:00Z,Adrian Bartosinski,Madars Fleminas,False,False,UFC Fight Night: Emmett vs. Vallejos
2026-03-14T16:00:00Z,Oliver Tero,Alexis Tsarmantidis,False,False,UFC Fight Night: Emmett vs. Vallejos
2026-03-14T16:00:00Z,Tomasz Romanowski,Bartosz Kurek,False,False,UFC Fight Night: Emmett vs. Vallejos
2026-03-14T16:00:00Z,Chris Morris,Mariusz Mikolajewski,False,False,UFC Fight Night: Emmett vs. Vallejos
2026-03-14T16:00:00Z,Connor Wilson,Kiru Sahota,False,True,UFC Fight Night: Emmett vs. Vallejos
2026-03-14T16:00:00Z,Damian Piwowarczyk,Sergiusz Zajac,True,False,UFC Fight Night: Emmett vs. Vallejos
2026-03-14T16:00:00Z,George Staines,Marcelo Marques,False,False,UFC Fight Night: Emmett vs. Vallejos
2026-03-14T16:00:00Z,Ieuan Davies,Michael Pagani,False,False,UFC Fight Night: Emmett vs. Vallejos
2026-03-14T16:00:00Z,Samuel Silva,Omiel Brown,True,False,UFC Fight Night: Emmett vs. Vallejos
2026-03-14T16:00:00Z,Sam Kelly,Pietro Mochetti,False,False,UFC Fight Night: Emmett vs. Vallejos
2026-03-14T16:00:00Z,Sasha Moisa,Wojciech Kawa,False,False,UFC Fight Night: Emmett vs. Vallejos
2026-03-14T16:00:00Z,Shay Ingram,Torpal Merjoev,False,False,UFC Fight Night: Emmett vs. Vallejos
2026-03-14T17:00:00Z,Andrzej Karkula,Dominik Mazur,False,False,UFC Fight Night: Emmett vs. Vallejos
2026-03-14T17:00:00Z,Bartosz Leśko,Bartosz Szewczyk,False,True,UFC Fight Night: Emmett vs. Vallejos
2026-03-14T17:00:00Z,Damian Mieczkowski,Maksymilian Kowalski,False,False,UFC Fight Night: Emmett vs. Vallejos
2026-03-14T17:00:00Z,Ewelina Woźniak,Eva Dourthe,False,False,UFC Fight Night: Emmett vs. Vallejos
2026-03-14T17:00:00Z,Kacper Formela,Krzysztof Mendlewski,False,False,UFC Fight Night: Emmett vs. Vallejos
2026-03-14T19:30:00Z,Adam Cullen,Loibe Neto,False,False,UFC Fight Night: Emmett vs. Vallejos
2026-03-14T19:30:00Z,Nathan Fletcher,Thyago Silva,True,True,UFC Fight Night: Emmett vs. Vallejos
2026-03-14T20:00:00Z,Beatriz Mesquita,Montserrat Rendon,False,False,UFC Fight Night: Emmett vs. Vallejos
2026-03-07T15:00:00Z,Mohammed Walid,Abdullah Sultani,False,False,UFC 326: Holloway vs. Oliveira 2
2026-03-07T15:00:00Z,Deniz Ilbay,Adrian Hamerski,False,False,UFC 326: Holloway vs. Oliveira 2
2026-03-07T15:00:00Z,Khurshed Kakhorov,Igor Severino,False,True,UFC 326: Holloway vs. Oliveira 2
2026-03-07T15:00:00Z,Tyrone Pfeifer,Marek Bartl,False,False,UFC 326: Holloway vs. Oliveira 2
2026-03-07T15:00:00Z,Shawn Marcos Da Silva,Matheus Severino,False,False,UFC 326: Holloway vs. Oliveira 2
2026-03-07T15:00:00Z,Ruben Wolf,Olutobi Ayodeji Kalejaiye,False,False,UFC 326: Holloway vs. Oliveira 2
2026-03-07T15:00:00Z,Veronika Smolkova,Stephanie Egger,False,True,UFC 326: Holloway vs. Oliveira 2
2026-03-07T17:00:00Z,Raul Lemberanskij,Ali Gündüz,False,False,UFC 326: Holloway vs. Oliveira 2
2026-03-07T17:00:00Z,Christian Eckerlin,Matouš Kohout,False,False,UFC 326: Holloway vs. Oliveira 2
2026-03-07T17:00:00Z,Denis Frimpong,Tomáš Cigánik,False,False,UFC 326: Holloway vs. Oliveira 2
2026-03-07T22:00:00Z,Sumudaerji Sumudaerji,Jesus Santos Aguilar,True,False,UFC 326: Holloway vs. Oliveira 2
2026-03-07T23:45:00Z,Su Mudaerji,Jesus Santos Aguilar,False,False,UFC 326: Holloway vs. Oliveira 2
2026-03-01T01:00:00Z,Aljamain Sterling,Benson Henderson,True,True,UFC Fight Night: Moreno vs. Kavanagh
2026-03-01T01:00:00Z,Urijah Faber,Henry Cejudo,True,True,UFC Fight Night: Moreno vs. Kavanagh
2026-02-21T17:00:00Z,Lukasz Charzewski,Alioune Nahaye,False,False,UFC Fight Night: Strickland vs. Hernandez
2026-02-21T17:00:00Z,Artur Szczepaniak,Kacper Koziorzębski,False,False,UFC Fight Night: Strickland vs. Hernandez
2026-02-21T17:00:00Z,Mariusz Joniak,Karol Durszlewicz,False,False,UFC Fight Night: Strickland vs. Hernandez
2026-02-21T17:00:00Z,Sebastian Przybysz,Vitaliy Yakimenko,False,False,UFC Fight Night: Strickland vs. Hernandez
2026-02-21T17:30:00Z,Adam Darby,Thiago Habib,True,False,UFC Fight Night: Strickland vs. Hernandez
2026-02-21T17:30:00Z,Alex Keogh,Taylor Sullivan,False,False,UFC Fight Night: Strickland vs. Hernandez
2026-02-21T17:30:00Z,Andreeas Binder,Oton Jasse,False,False,UFC Fight Night: Strickland vs. Hernandez
2026-02-21T17:30:00Z,Conor McCarthy,Edilson Silva,False,True,UFC Fight Night: Strickland vs. Hernandez
2026-02-21T17:30:00Z,Damien McKenna,Pedro Silva,False,False,UFC Fight Night: Strickland vs. Hernandez
2026-02-21T17:30:00Z,Lewis Byrne,Dylan Logan,False,False,UFC Fight Night: Strickland vs. Hernandez
2026-02-21T17:30:00Z,Keith Keogh,Gabriel Ramos,False,False,UFC Fight Night: Strickland vs. Hernandez
2026-02-21T17:30:00Z,Kenny Mokhonoana,Grant Ogborne,False,False,UFC Fight Night: Strickland vs. Hernandez
2026-02-21T18:00:00Z,Alioune Nahaye,Lukasz Sudolski,False,True,UFC Fight Night: Strickland vs. Hernandez
2026-02-21T18:00:00Z,Borys Dzikowski,Kacper Pakeltys,False,False,UFC Fight Night: Strickland vs. Hernandez
2026-02-21T18:00:00Z,Daniel Skibiński,Dawid Kuczmarski,False,False,UFC Fight Night: Strickland vs. Hernandez
2026-02-21T18:00:00Z,Jordan Nandor,Kacper Sochacki,False,False,UFC Fight Night: Strickland vs. Hernandez
2026-02-21T18:00:00Z,Kacper Fornalski,Kristians Boguzs,False,False,UFC Fight Night: Strickland vs. Hernandez
2026-02-21T19:15:00Z,Alexander O'Sullivan,Scott Harvey,False,False,UFC Fight Night: Strickland vs. Hernandez
2026-02-21T20:40:00Z,Ger Harris,Tanio Pagliariccio,True,False,UFC Fight Night: Strickland vs. Hernandez
2026-02-21T21:05:00Z,Leon Hill,Aldo Pereira,False,False,UFC Fight Night: Strickland vs. Hernandez
2026-02-21T21:30:00Z,Max Lally,Alexandre Junior,False,True,UFC Fight Night: Strickland vs. Hernandez
2026-02-21T22:20:00Z,Dario Bellandi,Paddy Mccorry,False,True,UFC Fight Night: Strickland vs. Hernandez
2026-02-21T22:50:00Z,Solomon Simon,Nik Bagley,False,False,UFC Fight Night: Strickland vs. Hernandez
2026-02-22T02:15:00Z,Ante Delija,Sergey Spivak,True,False,UFC Fight Night: Strickland vs. Hernandez
2026-02-22T03:15:00Z,Geoffrey Neal,Uros Medic,False,True,UFC Fight Night: Strickland vs. Hernandez
2026-02-07T14:00:00Z,Haider Khan,Jhony Gregory,False,False,UFC Fight Night: Bautista vs. Oliveira
2026-02-07T14:30:00Z,Khabib Nabiev,Ahmed Sami,False,False,UFC Fight Night: Bautista vs. Oliveira
2026-02-07T15:00:00Z,Luis Tavares,Alin Nechita,False,False,UFC Fight Night: Bautista vs. Oliveira
2026-02-07T15:00:00Z,Anis Bouzid,Errol Zimmerman,False,True,UFC Fight Night: Bautista vs. Oliveira
2026-02-07T15:00:00Z,Bahram Rajabzadeh,Cristian Ristea,False,False,UFC Fight Night: Bautista vs. Oliveira
2026-02-07T15:00:00Z,Hamicha,Brice Kombou,False,False,UFC Fight Night: Bautista vs. Oliveira
2026-02-07T15:00:00Z,Kevin Tariq Osaro,Nidal Bchiri,False,False,UFC Fight Night: Bautista vs. Oliveira
2026-02-07T15:00:00Z,Luke Trainer,Rob Wilkinson,False,True,UFC Fight Night: Bautista vs. Oliveira
2026-02-07T15:00:00Z,Mory Kromah,Michael Boapeah,False,False,UFC Fight Night: Bautista vs. Oliveira
2026-02-07T15:00:00Z,Sofian Laïdouni,Miloš Cvjetićanin,False,False,UFC Fight Night: Bautista vs. Oliveira
2026-02-07T15:00:00Z,Serdar Yiğit Eroğlu,Vasile Amariței,False,False,UFC Fight Night: Bautista vs. Oliveira
2026-02-07T15:20:00Z,Denise Kielholtz,Antonia Silvaneide,False,False,UFC Fight Night: Bautista vs. Oliveira
2026-02-07T16:15:00Z,Amin Ayoub,Makkasharip Zaynukov,False,False,UFC Fight Night: Bautista vs. Oliveira
2026-02-07T16:30:00Z,Renat Khavalov,Edgars Skrīvers,False,False,UFC Fight Night: Bautista vs. Oliveira
2026-02-07T16:45:00Z,Taylor Lapilus,Kasum Kasumov,True,False,UFC Fight Night: Bautista vs. Oliveira
2026-02-07T17:00:00Z,Amru Magomedov,Kolton Englund,False,True,UFC Fight Night: Bautista vs. Oliveira
2026-02-07T17:15:00Z,Pouya Rahmani,Karl Williams,False,True,UFC Fight Night: Bautista vs. Oliveira
2026-02-07T17:50:00Z,Jesus Pinedo,Salamat Isbulaev,True,False,UFC Fight Night: Bautista vs. Oliveira
2026-02-07T18:15:00Z,Abdoul Abdouraguimov,Kendly St. Louis,False,False,UFC Fight Night: Bautista vs. Oliveira
2026-02-07T18:45:00Z,Ramazan Kuramagomedov,Shamil Musaev,True,False,UFC Fight Night: Bautista vs. Oliveira
2026-02-07T19:30:00Z,Usman Nurmagomedov,Alfie Davis,True,False,UFC Fight Night: Bautista vs. Oliveira
2026-02-08T00:00:00Z,Andrei Arlovski,Ben Rothwell,True,True,UFC Fight Night: Bautista vs. Oliveira
2026-01-31T16:00:00Z,Ahmad Halimson,Jan Malach,False,False,UFC 325: Volkanovski vs. Lopes 2
2026-01-31T16:00:00Z,Emilio Quissua,Jorick Montagnac,True,False,UFC 325: Volkanovski vs. Lopes 2
2026-01-31T16:00:00Z,Josh Parisian,Lazar Todev,True,False,UFC 325: Volkanovski vs. Lopes 2
2026-01-31T16:00:00Z,Katharina Lehner,Lucie Pudilova,False,True,UFC 325: Volkanovski vs. Lopes 2
2026-01-31T17:00:00Z,Arijan Topallaj,Marco Elpidio,False,False,UFC 325: Volkanovski vs. Lopes 2
2026-01-31T17:00:00Z,Daniel Schwindt,Brian Manning,False,False,UFC 325: Volkanovski vs. Lopes 2
2026-01-31T17:00:00Z,Wanderley Junior,Dastan Amangeldy,False,False,UFC 325: Volkanovski vs. Lopes 2
2026-01-31T17:00:00Z,Harun Kurt,Nathan Haywood,False,False,UFC 325: Volkanovski vs. Lopes 2
2026-01-31T18:00:00Z,Niko Samsonidse,Mochamed Machaev,False,False,UFC 325: Volkanovski vs. Lopes 2
2026-01-31T23:00:00Z,Aaron Tau,Namsrai Batbayar,True,True,UFC 325: Volkanovski vs. Lopes 2
2026-01-31T23:10:00Z,Dom Mar Fan,Sang Uk Kim,True,False,UFC 325: Volkanovski vs. Lopes 2
2026-01-31T23:45:00Z,Kaan Ofli,Yi Zha,True,False,UFC 325: Volkanovski vs. Lopes 2
2026-02-01T03:45:00Z,Daniel Hooker,Benoit Saint-Denis,False,True,UFC 325: Volkanovski vs. Lopes 2
2026-02-01T04:15:00Z,Alex Volkanovski,Diego Lopes,False,True,UFC 325: Volkanovski vs. Lopes 2
2026-01-24T22:00:00Z,Alex Hernandez,Michael Johnson,False,True,UFC 324: Gaethje vs. Pimblett
2025-12-13T15:00:00Z,Abraham Vidales,Achraf Aasila,False,False,UFC Fight Night: Royval vs. Kape
2025-12-13T15:00:00Z,Miguel Trindade,Bobo Sacko,False,False,UFC Fight Night: Royval vs. Kape
2025-12-13T15:00:00Z,Cem Aygun,Miloš Cvjetićanin,False,False,UFC Fight Night: Royval vs. Kape
2025-12-13T15:00:00Z,Don Sno,Endy Semeleer,False,False,UFC Fight Night: Royval vs. Kape
2025-12-13T15:00:00Z,Ismail Ouzgni,Figuereido Landman,False,False,UFC Fight Night: Royval vs. Kape
2025-12-13T15:00:00Z,Gustavo Oliveira,Movsar Ibragimov,False,False,UFC Fight Night: Royval vs. Kape
2025-12-13T15:00:00Z,Ismael Lazaar,Luis Tavares,False,False,UFC Fight Night: Royval vs. Kape
2025-12-13T15:00:00Z,Michael Boapeah,Iuri Fernandes,False,False,UFC Fight Night: Royval vs. Kape
2025-12-13T15:00:00Z,Rayan Balbali,Levi Batchelor,False,False,UFC Fight Night: Royval vs. Kape
2025-12-13T15:00:00Z,Nico Horta,Nidal Bchiri,False,False,UFC Fight Night: Royval vs. Kape
2025-12-13T15:00:00Z,Paulina Wiśniewska,Sabrinna de Sousa,False,False,UFC Fight Night: Royval vs. Kape
2025-12-13T17:25:00Z,Connor Hughes,Aleksandr Chizov,False,False,UFC Fight Night: Royval vs. Kape
2025-12-13T17:50:00Z,Boris Mbarga Atangana,Guilherme Soares,False,False,UFC Fight Night: Royval vs. Kape
2025-12-13T18:00:00Z,Chico Kwasi,Teodor Hristov,False,False,UFC Fight Night: Royval vs. Kape
2025-12-13T18:00:00Z,Petchpanomrung Kiatmoo9,Dennis Wosik,False,False,UFC Fight Night: Royval vs. Kape
2025-12-13T18:15:00Z,Baris Adiguzel,Dean Garnett,False,False,UFC Fight Night: Royval vs. Kape
2025-12-13T18:40:00Z,Taylor Lapilus,Liam Gittins,True,False,UFC Fight Night: Royval vs. Kape
2025-12-13T19:00:00Z,Antonio Plazibat,Nordine Mahieddine,False,False,UFC Fight Night: Royval vs. Kape
2025-12-13T19:05:00Z,Patrick Habirora,Kevin Jousset,False,True,UFC Fight Night: Royval vs. Kape
2025-12-13T19:30:00Z,Cris Cyborg,Sara Collins,False,False,UFC Fight Night: Royval vs. Kape
2025-12-13T19:55:00Z,Vadim Nemkov,Renan Ferreira,False,False,UFC Fight Night: Royval vs. Kape
2025-12-14T02:45:00Z,Amanda Lemos,Gillian Robertson,True,True,UFC Fight Night: Royval vs. Kape
2025-12-06T18:00:00Z,Jack Foote,Brennan Gait,False,False,UFC 323: Dvalishvili vs. Yan 2
2025-12-06T18:00:00Z,Charles Joyner,Norbert Pietrzak,False,False,UFC 323: Dvalishvili vs. Yan 2
2025-12-06T18:00:00Z,Daniel Bainbridge,Charlie Boulton,False,False,UFC 323: Dvalishvili vs. Yan 2
2025-12-06T18:00:00Z,George Hardwick,Daniel Konrad,True,False,UFC 323: Dvalishvili vs. Yan 2
2025-12-06T18:00:00Z,Geoff Pavey,Farshad Nazarnia,False,False,UFC 323: Dvalishvili vs. Yan 2
2025-12-06T18:00:00Z,George Staines,Ioan Harris,False,False,UFC 323: Dvalishvili vs. Yan 2
2025-12-06T18:00:00Z,Josh Abraham,Nicolas Barna,False,False,UFC 323: Dvalishvili vs. Yan 2
2025-12-06T18:00:00Z,Teddy Adlington-Stringer,Leandro Camargo,False,False,UFC 323: Dvalishvili vs. Yan 2
2025-12-06T18:00:00Z,Shajidul Haque,Nicolas Leblond,False,False,UFC 323: Dvalishvili vs. Yan 2
2025-12-06T19:00:00Z,Sean Jr. Clancy,Melvin van Suijdam,True,False,UFC 323: Dvalishvili vs. Yan 2
2025-11-22T15:00:00Z,Alexander Poppeck,David Hosek,True,False,UFC Fight Night: Tsarukyan vs. Hooker
2025-11-22T15:00:00Z,Attila Korkmaz,Mateusz Legierski,False,False,UFC Fight Night: Tsarukyan vs. Hooker
2025-11-22T15:00:00Z,Niklas Stolze,Christian Jungwirth,True,False,UFC Fight Night: Tsarukyan vs. Hooker
2025-11-22T15:00:00Z,Denis Frimpong,Gokhan Aksu,False,False,UFC Fight Night: Tsarukyan vs. Hooker
2025-11-22T15:00:00Z,Eemil Kurhela,Eugen Black-Dell,False,False,UFC Fight Night: Tsarukyan vs. Hooker
2025-11-22T15:00:00Z,Geraldo Neto,Ronald Paradeiser,False,False,UFC Fight Night: Tsarukyan vs. Hooker
2025-11-22T15:45:00Z,Nurullo Aliev,Shaqueme Rock,True,False,UFC Fight Night: Tsarukyan vs. Hooker
2025-11-22T18:00:00Z,Chris Price,Artūrs Leisāns,True,False,UFC Fight Night: Tsarukyan vs. Hooker
2025-11-22T18:00:00Z,Fran Breen,Ayoub Nacer,False,False,UFC Fight Night: Tsarukyan vs. Hooker
2025-11-22T18:00:00Z,Chris Bungard,Simone Patrizi,False,False,UFC Fight Night: Tsarukyan vs. Hooker
2025-11-22T18:00:00Z,Chris Morris,Theo Pino,False,False,UFC Fight Night: Tsarukyan vs. Hooker
2025-11-22T18:00:00Z,Christian Soda,Roman David,False,False,UFC Fight Night: Tsarukyan vs. Hooker
2025-11-22T18:00:00Z,Oliver Tero,Davide Manente,False,False,UFC Fight Night: Tsarukyan vs. Hooker
2025-11-22T18:00:00Z,Enrico Di Gangi,Jack McCloughlin,False,False,UFC Fight Night: Tsarukyan vs. Hooker
2025-11-22T18:00:00Z,Jack Humphries,Joab Souza,False,False,UFC Fight Night: Tsarukyan vs. Hooker
2025-11-22T18:00:00Z,Ryan Hewitt,Matthew Friel,False,False,UFC Fight Night: Tsarukyan vs. Hooker
2025-11-22T18:00:00Z,Tim Wilde,Oscar Ownsworth,False,False,UFC Fight Night: Tsarukyan vs. Hooker
2025-11-22T18:00:00Z,Shay Ingram,Wellington Lopes,False,False,UFC Fight Night: Tsarukyan vs. Hooker
2025-11-22T19:00:00Z,Omar Tugarev,Omiel Brown,False,False,UFC Fight Night: Tsarukyan vs. Hooker
2025-11-22T20:15:00Z,Belal Muhammad,Ian Garry,True,False,UFC Fight Night: Tsarukyan vs. Hooker
2025-11-22T20:45:00Z,Arman Tsarukyan,Daniel Hooker,True,False,UFC Fight Night: Tsarukyan vs. Hooker
2025-11-15T12:00:00Z,Lany Silva,Charles Oliveira,False,True,UFC 322: Della Maddalena vs. Makhachev
2025-11-15T12:00:00Z,Furkatbek Yokubov,Ruel Panales,False,True,UFC 322: Della Maddalena vs. Makhachev
2025-11-15T17:00:00Z,Maciej Kazieczko,Adam Masaev,False,False,UFC 322: Della Maddalena vs. Makhachev
2025-11-15T17:00:00Z,Tomasz Romanowski,Alain Van De Merckt,False,True,UFC 322: Della Maddalena vs. Makhachev
2025-11-15T17:00:00Z,Cedric Lushima,Wojciech Janusz,False,False,UFC 322: Della Maddalena vs. Makhachev
2025-11-15T17:00:00Z,Krystian Kaszubowski,Dawid Kuczmarski,False,False,UFC 322: Della Maddalena vs. Makhachev
2025-11-15T17:00:00Z,Hugo Deux,Wojciech Kawa,False,False,UFC 322: Della Maddalena vs. Makhachev
2025-11-15T17:00:00Z,Oleksii Polischuk,Kamil Szkaradek,False,False,UFC 322: Della Maddalena vs. Makhachev
2025-11-15T17:00:00Z,Marcin Held,Marian Ziolkowski,True,False,UFC 322: Della Maddalena vs. Makhachev
2025-11-15T17:00:00Z,Valeriu Mircea,Wilson Varela,False,False,UFC 322: Della Maddalena vs. Makhachev
2025-11-15T18:00:00Z,Patryk Kaczmarczyk,Adam Soldaev,False,False,UFC 322: Della Maddalena vs. Makhachev
2025-11-15T20:00:00Z,Solomon Simon,Caique Araujo,False,False,UFC 322: Della Maddalena vs. Makhachev
2025-11-15T20:00:00Z,Kadeem Perkins,Ciaran Brady,False,False,UFC 322: Della Maddalena vs. Makhachev
2025-11-15T20:00:00Z,Jawany Scott,Michelangelo Lupoli,False,False,UFC 322: Della Maddalena vs. Makhachev
2025-11-15T20:00:00Z,Thomas Paull,Marin Vetrila,True,False,UFC 322: Della Maddalena vs. Makhachev
2025-11-15T20:00:00Z,Ollie Sarwa,Tuomas Gronvall,False,False,UFC 322: Della Maddalena vs. Makhachev
2025-11-15T21:00:00Z,Jordan Vucenic,Torpal Merjoev,True,False,UFC 322: Della Maddalena vs. Makhachev
2025-11-08T22:00:00Z,Tecia Torres,Denise Gomes,False,True,UFC Fight Night: Bonfim vs. Brown
2025-11-01T20:45:00Z,Philip Rowe,Seok Hyun Ko,True,False,UFC Fight Night: Garcia vs. Onama
2025-11-01T22:15:00Z,Timothy Cuamba,Chang Ho Lee,False,True,UFC Fight Night: Garcia vs. Onama
2025-10-25T18:00:00Z,Andrea Bicchi,Tomas Melis,False,False,UFC 321: Aspinall vs. Gane
2025-10-25T23:00:00Z,Chance Ikei,Jordan Burkholder,False,False,UFC 321: Aspinall vs. Gane
2025-10-25T23:00:00Z,Christian Natividad,Jostin Quilca,False,False,UFC 321: Aspinall vs. Gane
2025-10-25T23:00:00Z,Kyle Estrada,Ernesto Ibarra,False,False,UFC 321: Aspinall vs. Gane
2025-10-25T23:00:00Z,Kasey Tanner,Michael Cyr,True,False,UFC 321: Aspinall vs. Gane
2025-10-25T23:00:00Z,Kevin Natividad,Ryan Kuse,True,False,UFC 321: Aspinall vs. Gane
2025-10-18T16:00:00Z,Abdoullah Kane,Emmanuel Mukam,False,False,UFC Fight Night: De Ridder vs. Allen
2025-10-18T16:00:00Z,Abraham Bably,Joffie Houlton,False,False,UFC Fight Night: De Ridder vs. Allen
2025-10-18T16:00:00Z,Mohamed Camara,Alain Majorique,False,False,UFC Fight Night: De Ridder vs. Allen
2025-10-18T16:00:00Z,Alfan Rocher-Labes,Tobiasz Le,False,False,UFC Fight Night: De Ridder vs. Allen
2025-10-18T16:00:00Z,Alina Dalaslan,Katharina Lehner,False,False,UFC Fight Night: De Ridder vs. Allen
2025-10-18T16:00:00Z,Arijan Topallaj,Hassan Kayani,False,False,UFC Fight Night: De Ridder vs. Allen
2025-10-18T16:00:00Z,Shido Boris Esperanca,Ayinda Octave,False,False,UFC Fight Night: De Ridder vs. Allen
2025-10-18T16:00:00Z,Rafał Haratyk,Bartosz Leśko,False,False,UFC Fight Night: De Ridder vs. Allen
2025-10-18T16:00:00Z,Boule Godogo,Karim Henniene,False,False,UFC Fight Night: De Ridder vs. Allen
2025-10-18T16:00:00Z,David Zoula,Jan Masek,False,False,UFC Fight Night: De Ridder vs. Allen
2025-10-18T16:00:00Z,Wasiu Adeshina,Dwight Joseph,False,True,UFC Fight Night: De Ridder vs. Allen
2025-10-18T16:00:00Z,Yabna N'Tchalá,Emilios Dassi,False,False,UFC Fight Night: De Ridder vs. Allen
2025-10-18T16:00:00Z,Igor Severino,Khurshed Kakhorov,True,False,UFC Fight Night: De Ridder vs. Allen
2025-10-18T16:00:00Z,James Opio,Isaac Omeda,False,False,UFC Fight Night: De Ridder vs. Allen
2025-10-18T16:00:00Z,Maxwell Djantou Nana,Justin Clarke,False,False,UFC Fight Night: De Ridder vs. Allen
2025-10-18T16:00:00Z,Laura Grzyb,Karolína Vaňková,False,False,UFC Fight Night: De Ridder vs. Allen
2025-10-18T16:00:00Z,Kasim Aras,Simon Biyong,False,True,UFC Fight Night: De Ridder vs. Allen
2025-10-18T16:00:00Z,Marek Bartl,Kennedy Rayomba,False,False,UFC Fight Night: De Ridder vs. Allen
2025-10-18T16:00:00Z,Leo Brichta,Werlleson Martins,False,False,UFC Fight Night: De Ridder vs. Allen
2025-10-18T16:00:00Z,Matus Juracek,Mateusz Pawlik,False,False,UFC Fight Night: De Ridder vs. Allen
2025-10-18T16:00:00Z,Nkosi Ndebele,Simbarashe Hokonya,False,False,UFC Fight Night: De Ridder vs. Allen
2025-10-18T16:00:00Z,Phil De Fries,Tefan Vojcak,True,False,UFC Fight Night: De Ridder vs. Allen
2025-10-18T17:00:00Z,Patrick Ocheme,Abdoul Razac Sankara,False,False,UFC Fight Night: De Ridder vs. Allen
2025-10-18T17:00:00Z,Christian Eckerlin,Ivica Trušček,False,False,UFC Fight Night: De Ridder vs. Allen
2025-10-18T23:45:00Z,Cody Gibson,Aori Qileng,True,False,UFC Fight Night: De Ridder vs. Allen
2025-10-11T16:00:00Z,Berjan Peposhi,Aitor Ibanez Currito,False,False,UFC Fight Night: Oliveira vs. Gamrot
2025-10-11T16:00:00Z,Miloš Cvjetićanin,Alin Nechita,False,False,UFC Fight Night: Oliveira vs. Gamrot
2025-10-11T16:00:00Z,Levi Rigters,Asadulla Nasipov,False,False,UFC Fight Night: Oliveira vs. Gamrot
2025-10-11T16:00:00Z,Miguel Trindade,Bobo Sacko,False,False,UFC Fight Night: Oliveira vs. Gamrot
2025-10-11T16:00:00Z,Errol Koning,Mohamed Amine,False,False,UFC Fight Night: Oliveira vs. Gamrot
2025-10-11T16:00:00Z,Sergej Braun,Iliass Hammouche,False,False,UFC Fight Night: Oliveira vs. Gamrot
2025-10-11T16:00:00Z,Rade Opacic,Mike Kena,False,False,UFC Fight Night: Oliveira vs. Gamrot
2025-10-11T16:00:00Z,Sofian Laïdouni,Nabil Khachab,False,False,UFC Fight Night: Oliveira vs. Gamrot
2025-10-11T18:00:00Z,Tarik Khbabez,Bahram Rajabzadeh,False,False,UFC Fight Night: Oliveira vs. Gamrot
2025-10-11T21:45:00Z,Irina Alekseeva,Beatriz Mesquita,True,False,UFC Fight Night: Oliveira vs. Gamrot
2025-10-04T15:30:00Z,Daniele Scatizzi,Adrian Kępa,False,False,UFC 320: Ankalaev vs. Pereira 2
2025-10-04T15:30:00Z,Chiara Penco,Fabiola Pidroni,False,True,UFC 320: Ankalaev vs. Pereira 2
2025-10-04T15:30:00Z,Claudio Iancu,Kevin Caperna,False,False,UFC 320: Ankalaev vs. Pereira 2
2025-10-04T15:30:00Z,Dario Bellandi,Claudio Ribeiro,False,True,UFC 320: Ankalaev vs. Pereira 2
2025-10-04T15:30:00Z,Nicolo Solli,Daniel Karlsson,False,False,UFC 320: Ankalaev vs. Pereira 2
2025-10-04T15:30:00Z,Theodor Berggren,Daniele Battaglia,True,False,UFC 320: Ankalaev vs. Pereira 2
2025-10-04T15:30:00Z,Emanuele Tetti,Dimitrios Tzeiranidis,False,False,UFC 320: Ankalaev vs. Pereira 2
2025-10-04T15:30:00Z,Dylan Hazan,Igor Wojtas,False,False,UFC 320: Ankalaev vs. Pereira 2
2025-10-04T15:30:00Z,Francesco Nuzzi,Lucas Rodrigues,False,False,UFC 320: Ankalaev vs. Pereira 2
2025-10-04T15:30:00Z,Gabriele Cera,Francesco Tumminiello,False,False,UFC 320: Ankalaev vs. Pereira 2
2025-10-04T15:30:00Z,Gabriele Casella,Rob Earls,False,False,UFC 320: Ankalaev vs. Pereira 2
2025-10-04T15:30:00Z,Pietro Mochetti,Jack Foote,False,False,UFC 320: Ankalaev vs. Pereira 2
2025-10-04T15:30:00Z,Niko Ceraglia,Lorenzo de Nigris,False,False,UFC 320: Ankalaev vs. Pereira 2
2025-10-04T15:30:00Z,Luca Borando,Tariel Abbasov,False,False,UFC 320: Ankalaev vs. Pereira 2
2025-10-04T15:30:00Z,Simone D'Anna,Nicolas Barna,False,False,UFC 320: Ankalaev vs. Pereira 2
2025-10-04T16:00:00Z,Veronika Smolkova,Ana Carolina Araujo,False,False,UFC 320: Ankalaev vs. Pereira 2
2025-10-04T16:00:00Z,Monika Chochlíková,Atenea Flores,False,False,UFC 320: Ankalaev vs. Pereira 2
2025-10-04T16:00:00Z,Karol Ryšavý,Ayton De Paepe,False,False,UFC 320: Ankalaev vs. Pereira 2
2025-10-04T16:00:00Z,Vlasto Cepo,Daniel Schwindt,True,False,UFC 320: Ankalaev vs. Pereira 2
2025-10-04T16:00:00Z,Marco Novák,Daniel Solaja,False,False,UFC 320: Ankalaev vs. Pereira 2
2025-10-04T16:00:00Z,Krzysztof Jotko,Hojat Khajevand,True,False,UFC 320: Ankalaev vs. Pereira 2
2025-10-04T16:00:00Z,Ivan Buchinger,Richie Smullen,False,True,UFC 320: Ankalaev vs. Pereira 2
2025-10-04T16:00:00Z,Samuel Kristofic,Jaime Cordero,False,False,UFC 320: Ankalaev vs. Pereira 2
2025-10-04T16:00:00Z,Jorick Montagnac,Mateusz Duczmal,False,False,UFC 320: Ankalaev vs. Pereira 2
2025-10-04T16:00:00Z,Tomáš Cigánik,Konrad Dyrschka,False,False,UFC 320: Ankalaev vs. Pereira 2
2025-10-04T16:30:00Z,Alexander O'Sullivan,Manuel Lancioli,False,False,UFC 320: Ankalaev vs. Pereira 2
2025-10-04T17:00:00Z,Kerim Engizek,Dominik Humburger,False,True,UFC 320: Ankalaev vs. Pereira 2
2025-10-04T22:00:00Z,Mike Perry,Jeremy Stephens,True,True,UFC 320: Ankalaev vs. Pereira 2
2025-10-05T02:15:00Z,Abusupyian Magomedov,Joseph Pyfer,False,False,UFC 320: Ankalaev vs. Pereira 2
2025-09-27T14:45:00Z,Yanis Ghemmouri,Izzeddine Al Derbani,True,False,UFC Fight Night: Ulberg vs. Reyes
2025-09-27T16:00:00Z,Adam Darby,Robert Alexandru Constantin,True,False,UFC Fight Night: Ulberg vs. Reyes
2025-09-27T16:00:00Z,Malik Basahel,Ahmed Mostafa,False,False,UFC Fight Night: Ulberg vs. Reyes
2025-09-27T16:00:00Z,Anthony Orozco,Aldo Pereira,False,False,UFC Fight Night: Ulberg vs. Reyes
2025-09-27T16:00:00Z,Badreddine Diani,Amir Fazli,False,False,UFC Fight Night: Ulberg vs. Reyes
2025-09-27T16:00:00Z,Yanis Ghemmouri,Assem Ghanem,True,False,UFC Fight Night: Ulberg vs. Reyes
2025-09-27T16:00:00Z,Ben Ellis,Max Lally,False,False,UFC Fight Night: Ulberg vs. Reyes
2025-09-27T16:00:00Z,Conor McCarthy,Diego Visanzay,False,False,UFC Fight Night: Ulberg vs. Reyes
2025-09-27T16:00:00Z,Keith Keogh,Damien McKenna,False,False,UFC Fight Night: Ulberg vs. Reyes
2025-09-27T16:00:00Z,Kenny Mokhonoana,Damon Donald,False,False,UFC Fight Night: Ulberg vs. Reyes
2025-09-27T16:00:00Z,Eimear Darcy,Justyna Kulinska,False,False,UFC Fight Night: Ulberg vs. Reyes
2025-09-27T16:00:00Z,Ryan Hall,Gabriele Galluccio,True,False,UFC Fight Night: Ulberg vs. Reyes
2025-09-27T16:00:00Z,Gary Priestly,Gary Rooney,False,False,UFC Fight Night: Ulberg vs. Reyes
2025-09-27T16:00:00Z,Ger Harris,Jonny Touma,True,False,UFC Fight Night: Ulberg vs. Reyes
2025-09-27T16:00:00Z,Hussein Salem,Izzeddine Al Derbani,False,False,UFC Fight Night: Ulberg vs. Reyes
2025-09-27T16:00:00Z,Islam Reda,Taha Bendaoud,False,False,UFC Fight Night: Ulberg vs. Reyes
2025-09-27T16:00:00Z,Xavier Alaoui,Islam Youssef,False,False,UFC Fight Night: Ulberg vs. Reyes
2025-09-27T16:00:00Z,Jamie Abbott,Matthew Friel,False,False,UFC Fight Night: Ulberg vs. Reyes
2025-09-27T16:00:00Z,Joe Doyle,Jamie McGowan,False,False,UFC Fight Night: Ulberg vs. Reyes
2025-09-27T16:00:00Z,Stephen Costello,Manuel Del Valle,False,False,UFC Fight Night: Ulberg vs. Reyes
2025-09-27T16:00:00Z,Mohsen Mohammadseifi,Mohammad Fahmi,False,False,UFC Fight Night: Ulberg vs. Reyes
2025-09-27T16:00:00Z,Moktar Benkaci,Nawras Abzakh,False,False,UFC Fight Night: Ulberg vs. Reyes
2025-09-27T16:00:00Z,Norbert Pietrzak,Trevor Makengo,False,False,UFC Fight Night: Ulberg vs. Reyes
2025-09-27T16:00:00Z,Salah Eddine Hamli,Souhil Tairi,False,False,UFC Fight Night: Ulberg vs. Reyes
2025-09-27T17:00:00Z,Mohammad Alaqraa,Ayman Galal,False,False,UFC Fight Night: Ulberg vs. Reyes
2025-09-27T17:00:00Z,Luan Duarte,Leon Hill,False,False,UFC Fight Night: Ulberg vs. Reyes
2025-09-27T19:00:00Z,Alvi Dasuyev,Daniil Prikaza,True,False,UFC Fight Night: Ulberg vs. Reyes
2025-09-27T19:00:00Z,Daniel Holt,Oscar Mendez,False,False,UFC Fight Night: Ulberg vs. Reyes
2025-09-27T19:00:00Z,Gocha Shainidze,Magomed Nazurov,False,False,UFC Fight Night: Ulberg vs. Reyes
2025-09-27T19:00:00Z,Guilherme Soares,Robin Roos,False,False,UFC Fight Night: Ulberg vs. Reyes
2025-09-27T20:00:00Z,Jefferson Nascimento,Baysangur Makaev,True,False,UFC Fight Night: Ulberg vs. Reyes
2025-09-27T21:15:00Z,Lucas Almeida,Walter Cogliandro,True,False,UFC Fight Night: Ulberg vs. Reyes
2025-09-13T16:00:00Z,Hugo Vach,Abdullah Sultani,False,False,UFC Fight Night: Lopes vs. Silva
2025-09-13T16:00:00Z,Arian Sadiković,Dawid Jarowienko,False,False,UFC Fight Night: Lopes vs. Silva
2025-09-13T16:00:00Z,Mohammed Walid,David Dvorak,False,True,UFC Fight Night: Lopes vs. Silva
2025-09-13T16:00:00Z,Edgar Delgado,Khalid Taha,False,True,UFC Fight Night: Lopes vs. Silva
2025-09-13T16:00:00Z,Mateusz Strzelczyk,Emilio Quissua,False,True,UFC Fight Night: Lopes vs. Silva
2025-09-13T16:00:00Z,Emir-Can Al,Lukáš Eliáš,False,False,UFC Fight Night: Lopes vs. Silva
2025-09-13T16:00:00Z,Gjoni Palokaj,Jakub Batfalsky,False,False,UFC Fight Night: Lopes vs. Silva
2025-09-13T16:00:00Z,Lazar Todev,Luis Henrique Barbosa,False,True,UFC Fight Night: Lopes vs. Silva
2025-09-13T16:00:00Z,Mochamed Machaev,Wanderley Junior,False,False,UFC Fight Night: Lopes vs. Silva
2025-09-13T17:05:00Z,Matthew Elliott,Alexis Tsarmantidis,False,False,UFC Fight Night: Lopes vs. Silva
2025-09-13T18:20:00Z,Ieuan Mackenzie,Keir Harvie,False,False,UFC Fight Night: Lopes vs. Silva
2025-09-13T18:45:00Z,Connor Patterson,Jake McHugh,False,False,UFC Fight Night: Lopes vs. Silva
2025-09-13T19:10:00Z,Giovanni Fernandez,Sam Kelly,False,False,UFC Fight Night: Lopes vs. Silva
2025-09-13T19:30:00Z,Alice Pereira,Montserrat Rendon,True,False,UFC Fight Night: Lopes vs. Silva
2025-09-13T20:45:00Z,Jesus Santos Aguilar,Luis Gurule,False,True,UFC Fight Night: Lopes vs. Silva
2025-09-13T20:55:00Z,Andrew Fisher,Orlando Wilson Prins,False,False,UFC Fight Night: Lopes vs. Silva
2025-09-13T22:45:00Z,Carlos Diego Ferreira,Alex Hernandez,True,False,UFC Fight Night: Lopes vs. Silva
2025-08-23T16:00:00Z,Alin Nechita,Naim Hebbar,False,False,UFC Fight Night: Walker vs. Zhang
2025-08-23T16:00:00Z,Yuri Farcas,Asadulla Nasipov,False,False,UFC Fight Night: Walker vs. Zhang
2025-08-23T16:00:00Z,Sofian Laïdouni,Cihad Kepenek,False,False,UFC Fight Night: Walker vs. Zhang
2025-08-23T16:00:00Z,Miloš Cvjetićanin,Colin George,False,False,UFC Fight Night: Walker vs. Zhang
2025-08-23T16:00:00Z,Mory Kromah,Cristian Ristea,False,False,UFC Fight Night: Walker vs. Zhang
2025-08-23T16:00:00Z,Tayfun Özcan,Don Sno,False,False,UFC Fight Night: Walker vs. Zhang
2025-08-23T16:00:00Z,Mike Kena,Errol Koning,False,False,UFC Fight Night: Walker vs. Zhang
2025-08-23T16:00:00Z,Rade Opacic,Ionut Iancu,False,False,UFC Fight Night: Walker vs. Zhang
2025-08-23T16:00:00Z,Nabil Khachab,Nathan Cook,False,False,UFC Fight Night: Walker vs. Zhang
2025-08-23T18:00:00Z,Chico Kwasi,Mehdi Ait El Hadj,False,False,UFC Fight Night: Walker vs. Zhang
2025-08-23T19:00:00Z,Levi Rigters,Ben Sosoli,False,True,UFC Fight Night: Walker vs. Zhang
2025-08-17T00:00:00Z,Alex Hernandez,Chase Hooper,False,True,UFC 319: Du Plessis vs. Chimaev
2025-08-17T00:00:00Z,Jessica Andrade,Lupita Godinez,True,False,UFC 319: Du Plessis vs. Chimaev
2025-08-17T03:15:00Z,Geoffrey Neal,Carlos Prates,False,True,UFC 319: Du Plessis vs. Chimaev
2025-08-09T13:00:00Z,Radek Rousal,Adrian Hamerski,False,False,UFC Fight Night: Dolidze vs. Hernandez
2025-08-09T15:00:00Z,Shadrick Dju Yemba,Abdoul Razac Sankara,False,False,UFC Fight Night: Dolidze vs. Hernandez
2025-08-09T16:00:00Z,Elbert Lukas Steyn,Abderrahman Errachidy,False,False,UFC Fight Night: Dolidze vs. Hernandez
2025-08-09T16:00:00Z,British Boloyoang,Ayinda Octave,False,False,UFC Fight Night: Dolidze vs. Hernandez
2025-08-09T16:00:00Z,Desmond Awa Tamungang,Kunle Lawal,False,False,UFC Fight Night: Dolidze vs. Hernandez
2025-08-09T16:00:00Z,Wilker Nsamo,Dwight Joseph,False,True,UFC Fight Night: Dolidze vs. Hernandez
2025-08-09T16:00:00Z,Osvaldo Benedito,Emilios Dassi,False,False,UFC Fight Night: Dolidze vs. Hernandez
2025-08-09T16:00:00Z,Shido Boris Esperanca,Ibrahima Mane,False,False,UFC Fight Night: Dolidze vs. Hernandez
2025-08-09T16:00:00Z,Wasiu Adeshina,Jean-Jacques Lubaya,False,False,UFC Fight Night: Dolidze vs. Hernandez
2025-08-09T16:00:00Z,Patrick Ocheme,Mohamed Camara,False,False,UFC Fight Night: Dolidze vs. Hernandez
2025-08-09T16:00:00Z,Sanon Sadeck,Yabna N'Tchalá,False,False,UFC Fight Night: Dolidze vs. Hernandez
2025-08-09T17:00:00Z,Radek Roušal,Adrian Hamerski,False,False,UFC Fight Night: Dolidze vs. Hernandez
2025-08-09T17:00:00Z,Borys Dzikowski,Alain Van De Merckt,False,True,UFC Fight Night: Dolidze vs. Hernandez
2025-08-09T17:00:00Z,Bartosz Szewczyk,Dawid Kasperski,True,False,UFC Fight Night: Dolidze vs. Hernandez
2025-08-09T17:00:00Z,David Zawada,Kamil Oniszczuk,True,False,UFC Fight Night: Dolidze vs. Hernandez
2025-08-09T17:00:00Z,Dominik Humburger,Mark De La Rosa,True,True,UFC Fight Night: Dolidze vs. Hernandez
2025-08-09T17:00:00Z,Eduard Kexel,Josef Stummer,False,False,UFC Fight Night: Dolidze vs. Hernandez
2025-08-09T17:00:00Z,Piotr Wawrzyniak,Hojat Khajevand,False,False,UFC Fight Night: Dolidze vs. Hernandez
2025-08-09T17:00:00Z,Kerim Engizek,Mick Stanton,False,False,UFC Fight Night: Dolidze vs. Hernandez
2025-08-09T17:00:00Z,Krzysztof Jotko,Marek Mazuch,True,False,UFC Fight Night: Dolidze vs. Hernandez
2025-08-09T17:00:00Z,Michal Gniady,Viktor Cervinsky,False,False,UFC Fight Night: Dolidze vs. Hernandez
2025-08-09T18:00:00Z,Michal Michalski,Andi Vrtacic,False,False,UFC Fight Night: Dolidze vs. Hernandez
2025-08-09T18:00:00Z,Cecilie Bolander,Lucia Szabová,False,False,UFC Fight Night: Dolidze vs. Hernandez
2025-08-09T18:00:00Z,Oskar Szczepaniak,Daniel Skibiński,False,False,UFC Fight Night: Dolidze vs. Hernandez
2025-08-09T18:00:00Z,Ewelina Woźniak,Monika Kučinič,False,False,UFC Fight Night: Dolidze vs. Hernandez
2025-08-09T18:00:00Z,Piotr Kuberski,Radoslaw Paczuski,False,False,UFC Fight Night: Dolidze vs. Hernandez
2025-08-10T01:15:00Z,Ode Osbourne,Stephen Erceg,True,False,UFC Fight Night: Dolidze vs. Hernandez
2025-07-27T02:00:00Z,Erick Viscondi,Chris Mecate,False,False,UFC Fight Night: Whittaker vs. De Ridder
2025-07-27T02:00:00Z,Jose Augusto,Marek Samociuk,True,False,UFC Fight Night: Whittaker vs. De Ridder
2025-07-27T02:10:00Z,Shealor Ladd,Pedro Lay Jr.,False,False,UFC Fight Night: Whittaker vs. De Ridder
2025-07-27T02:35:00Z,Noah Bey,Cedric Manhoef,False,False,UFC Fight Night: Whittaker vs. De Ridder
2025-07-27T03:00:00Z,Edmund Kwan,Loai Abushaar,False,False,UFC Fight Night: Whittaker vs. De Ridder
2025-07-27T03:25:00Z,Isaac Thomson,Jeremy Henry,True,False,UFC Fight Night: Whittaker vs. De Ridder
2025-07-27T03:50:00Z,Chris Gonzalez,Jacob Rosales,False,True,UFC Fight Night: Whittaker vs. De Ridder
2025-07-27T04:15:00Z,Rafael do Nascimento,Arnold Jimenez,False,False,UFC Fight Night: Whittaker vs. De Ridder
2025-07-19T13:00:00Z,Wojciech Kazieczko,Dawid Kareta,False,False,UFC 318: Holloway vs. Poirier 3
2025-07-19T13:00:00Z,Dawid Kuczmarski,Michal Guzik,False,False,UFC 318: Holloway vs. Poirier 3
2025-07-19T14:00:00Z,Abdoullah Kane,Joffie Houlton,False,False,UFC 318: Holloway vs. Poirier 3
2025-07-19T14:00:00Z,Abraham Bably,Paul-Emmanuel Gnaze,False,False,UFC 318: Holloway vs. Poirier 3
2025-07-19T14:00:00Z,Asiashu Tshitamba,Karim Henniene,False,False,UFC 318: Holloway vs. Poirier 3
2025-07-19T14:00:00Z,Shannon van Tonder,Boule Godogo,False,False,UFC 318: Holloway vs. Poirier 3
2025-07-19T14:00:00Z,Juliet Ukah,Ceileigh Niedermayr,False,False,UFC 318: Holloway vs. Poirier 3
2025-07-19T14:00:00Z,Simbarashe Hokonya,Frans Mlambo,False,False,UFC 318: Holloway vs. Poirier 3
2025-07-19T14:00:00Z,Jashell Ticha Awa,Justin Clarke,False,False,UFC 318: Holloway vs. Poirier 3
2025-07-19T14:00:00Z,Nkosi Ndebele,Mahmoud Atef,False,False,UFC 318: Holloway vs. Poirier 3
2025-07-19T14:00:00Z,Maxwell Djantou Nana,Mickaël Groguhe,False,False,UFC 318: Holloway vs. Poirier 3
2025-07-19T16:00:00Z,Adam Niedzwiedz,Adrian Zielinski,False,False,UFC 318: Holloway vs. Poirier 3
2025-07-19T16:00:00Z,Adam Niedźwiedź,Adrian Zielinski,False,False,UFC 318: Holloway vs. Poirier 3
2025-07-19T16:00:00Z,Leo Brichta,Adam Soldaev,False,False,UFC 318: Holloway vs. Poirier 3
2025-07-19T16:00:00Z,Wiktoria Czyżewska,Bianca Sattelmayer,False,False,UFC 318: Holloway vs. Poirier 3
2025-07-19T16:00:00Z,Igor Włodarczyk,Dominik Gabner,False,False,UFC 318: Holloway vs. Poirier 3
2025-07-19T16:00:00Z,Grzegorz Stabach,Karol Durszlewicz,False,False,UFC 318: Holloway vs. Poirier 3
2025-07-19T16:00:00Z,Ibragim Chuzhigaev,Marcin Wojcik,False,False,UFC 318: Holloway vs. Poirier 3
2025-07-19T16:00:00Z,Matheus Scheffel,Michal Martínek,True,True,UFC 318: Holloway vs. Poirier 3
2025-07-19T18:10:00Z,Denis Goltsov,Corey Anderson,False,True,UFC 318: Holloway vs. Poirier 3
2025-07-19T18:45:00Z,Makkasharip Zaynukov,Takeshi Izumi,False,False,UFC 318: Holloway vs. Poirier 3
2025-07-19T19:00:00Z,Akhmed Magomedov,AJ McKee,False,True,UFC 318: Holloway vs. Poirier 3
2025-07-19T19:25:00Z,Sumiko Inaba,Dakota Ditcheva,False,False,UFC 318: Holloway vs. Poirier 3
2025-07-19T19:55:00Z,Costello Van Steenis,Johnny Eblen,False,False,UFC 318: Holloway vs. Poirier 3
2025-07-19T21:00:00Z,Lorenz Larkin,Randall Wallace,True,True,UFC 318: Holloway vs. Poirier 3
2025-07-20T02:00:00Z,Dan Ige,Patricio Freire,True,False,UFC 318: Holloway vs. Poirier 3
2025-07-20T02:45:00Z,Dan Ige,Patricio Pitbull,True,True,UFC 318: Holloway vs. Poirier 3
2025-07-20T03:45:00Z,Paulo Henrique Costa,Roman Kopylov,True,True,UFC 318: Holloway vs. Poirier 3
2025-07-12T17:00:00Z,Callum Haughian,Joshua Adeboye,False,False,UFC Fight Night: Lewis vs. Teixeira
2025-07-12T17:00:00Z,Shajidul Haque,Jawany Scott,False,False,UFC Fight Night: Lewis vs. Teixeira
2025-07-12T17:05:00Z,Tom Creasey,Raz Bring,False,False,UFC Fight Night: Lewis vs. Teixeira
2025-07-12T17:30:00Z,Ali Taleb,Antonio Amodeo,False,False,UFC Fight Night: Lewis vs. Teixeira
2025-07-12T17:55:00Z,Mitchell Goode,Tye Palmer,False,False,UFC Fight Night: Lewis vs. Teixeira
2025-07-12T18:20:00Z,Rafael Aronov,Brad Wheeler,False,False,UFC Fight Night: Lewis vs. Teixeira
2025-07-12T18:45:00Z,Joe Middleton,Naglis Kanisauskas,False,False,UFC Fight Night: Lewis vs. Teixeira
2025-07-12T19:10:00Z,Jack Humphries,Rory Evans,False,False,UFC Fight Night: Lewis vs. Teixeira
2025-07-12T19:25:00Z,Ollie Sarwa,Damiano Scogna,False,False,UFC Fight Night: Lewis vs. Teixeira
2025-07-12T19:35:00Z,Tariq Pell,Adam Shelley,False,False,UFC Fight Night: Lewis vs. Teixeira
2025-07-12T20:00:00Z,Weslley Maia,Aidan Stephen,False,False,UFC Fight Night: Lewis vs. Teixeira
2025-07-12T20:25:00Z,Anthony Orozco,Luan Duarte,False,False,UFC Fight Night: Lewis vs. Teixeira
2025-07-12T20:50:00Z,Leon Hill,Steven Hill,False,False,UFC Fight Night: Lewis vs. Teixeira
2025-07-12T21:15:00Z,Shirzad Qadrian,Cameron Else,False,True,UFC Fight Night: Lewis vs. Teixeira
2025-06-28T14:00:00Z,Adam Palasz,Kasim Aras,False,False,UFC 317: Topuria vs. Oliveira
2025-06-28T14:00:00Z,Zhalgas Zhumagulov,Beno Adamia,True,False,UFC 317: Topuria vs. Oliveira
2025-06-28T14:00:00Z,Joilton Lutterbach,Kaik Brito,True,True,UFC 317: Topuria vs. Oliveira
2025-06-28T16:00:00Z,Tomáš Cigánik,Ahmad Halimson,False,False,UFC 317: Topuria vs. Oliveira
2025-06-28T16:00:00Z,Altin Zenuni,Tibor Balázs,False,False,UFC 317: Topuria vs. Oliveira
2025-06-28T16:00:00Z,Jonas Mågård,Farbod Iran Nezhad,False,False,UFC 317: Topuria vs. Oliveira
2025-06-28T16:00:00Z,Marek Bartl,Omar Amasha,False,False,UFC 317: Topuria vs. Oliveira
2025-06-28T16:00:00Z,Vojto Barborík,Richie Smullen,False,True,UFC 317: Topuria vs. Oliveira
2025-06-28T17:00:00Z,Adam Cullen,Lukas Cruz,False,False,UFC 317: Topuria vs. Oliveira
2025-06-28T17:00:00Z,Sheldon Ryan,Brad Camps,False,False,UFC 317: Topuria vs. Oliveira
2025-06-28T17:00:00Z,Chris Price,Tony Silva,True,False,UFC 317: Topuria vs. Oliveira
2025-06-28T17:00:00Z,Christian Eckerlin,Robert Pukač,False,False,UFC 317: Topuria vs. Oliveira
2025-06-28T17:00:00Z,Shay Ingram,Farukh Aligadzhiev,False,False,UFC 317: Topuria vs. Oliveira
2025-06-28T17:00:00Z,Fran Breen,Mario Ferreira,False,False,UFC 317: Topuria vs. Oliveira
2025-06-28T17:00:00Z,James Power,Omar Tugarev,False,False,UFC 317: Topuria vs. Oliveira
2025-06-28T17:00:00Z,Mariusz Mikolajewski,Samir Selmi,False,False,UFC 317: Topuria vs. Oliveira
2025-06-28T17:00:00Z,Yusuf Nazokatov,Ryan Campbell,False,False,UFC 317: Topuria vs. Oliveira
2025-06-28T17:00:00Z,Teddy Adlington-Stringer,Torpal Merjoev,False,False,UFC 317: Topuria vs. Oliveira
2025-06-28T18:25:00Z,Ghassan Abdenabi,Ashlee Evans-Smith,False,True,UFC 317: Topuria vs. Oliveira
2025-06-28T19:00:00Z,Joe Fields,Davide Scarano,False,False,UFC 317: Topuria vs. Oliveira
2025-06-28T19:10:00Z,Connor Wilson,Florian Doskja,False,False,UFC 317: Topuria vs. Oliveira
2025-06-28T20:50:00Z,Michael Pagani,Tim Wilde,False,False,UFC 317: Topuria vs. Oliveira
2025-06-28T21:40:00Z,Liam Gittins,Alessandro Giordano,False,False,UFC 317: Topuria vs. Oliveira
2025-06-29T02:00:00Z,Niklas Stolze,Jessin Ayari,True,True,UFC 317: Topuria vs. Oliveira
2025-06-21T17:30:00Z,Melissa Mullins,Darya Zheleznyakova,True,False,UFC Fight Night: Hill vs. Rountree Jr.
2025-06-21T18:30:00Z,Seok Hyun Ko,Oban Elliott,False,True,UFC Fight Night: Hill vs. Rountree Jr.
2025-06-22T00:00:00Z,Mariya Agapova,Jessica Eye,True,True,UFC Fight Night: Hill vs. Rountree Jr.
2025-06-14T13:05:00Z,Iuri Fernandes,Samuele Pugliese,False,False,UFC Fight Night: Usman vs. Buckley
2025-06-14T13:30:00Z,Iraj Azizpour,Ionut Iancu,False,False,UFC Fight Night: Usman vs. Buckley
2025-06-14T14:00:00Z,Phil De Fries,Arkadiusz Wrzosek,True,False,UFC Fight Night: Usman vs. Buckley
2025-06-14T14:00:00Z,Ayton De Paepe,Roman Paulus,False,False,UFC Fight Night: Usman vs. Buckley
2025-06-14T14:00:00Z,Daniel Skvor,Lucas Alsina,False,False,UFC Fight Night: Usman vs. Buckley
2025-06-14T14:00:00Z,Ivan Buchinger,Vladimír Lengál,False,False,UFC Fight Night: Usman vs. Buckley
2025-06-14T14:00:00Z,Karol Rosa,Jakub Batfalsky,True,False,UFC Fight Night: Usman vs. Buckley
2025-06-14T14:00:00Z,Kacper Formela,Roman Szymanski,False,False,UFC Fight Night: Usman vs. Buckley
2025-06-14T14:00:00Z,Kamil Szkaradek,Kenji Bortoluzzi,False,False,UFC Fight Night: Usman vs. Buckley
2025-06-14T14:00:00Z,Makhmud Muradov,Patrik Kincl,True,False,UFC Fight Night: Usman vs. Buckley
2025-06-14T14:00:00Z,Sebastian Przybysz,Oleksii Polischuk,False,False,UFC Fight Night: Usman vs. Buckley
2025-06-14T14:15:00Z,Asadulla Nasipov,Anis Bouzid,False,False,UFC Fight Night: Usman vs. Buckley
2025-06-14T14:45:00Z,Colin George,Nico Horta,False,False,UFC Fight Night: Usman vs. Buckley
2025-06-14T15:00:00Z,Miloš Cvjetićanin,Cem Aygun,False,False,UFC Fight Night: Usman vs. Buckley
2025-06-14T15:45:00Z,Berjan Peposhi,Deniz Demirkapu,False,False,UFC Fight Night: Usman vs. Buckley
2025-06-14T15:55:00Z,Serkan Ozcaglayan,Mohamed Touchassie,False,False,UFC Fight Night: Usman vs. Buckley
2025-06-14T16:00:00Z,Alina Dalaslan,Róża Gumienna,False,False,UFC Fight Night: Usman vs. Buckley
2025-06-14T16:00:00Z,Bojan Veličković,Ronald Paradeiser,False,False,UFC Fight Night: Usman vs. Buckley
2025-06-14T16:00:00Z,Damian Piwowarczyk,Cedric Lushima,True,False,UFC Fight Night: Usman vs. Buckley
2025-06-14T16:00:00Z,Jan Stanovský,Daniel Solaja,False,False,UFC Fight Night: Usman vs. Buckley
2025-06-14T16:00:00Z,Jaime Cordero,David Hosek,False,False,UFC Fight Night: Usman vs. Buckley
2025-06-14T16:00:00Z,Hadji Ndiaye,Wojciech Kawa,False,False,UFC Fight Night: Usman vs. Buckley
2025-06-14T16:00:00Z,Islam Djabrailov,Marcelo Morrelli,False,False,UFC Fight Night: Usman vs. Buckley
2025-06-14T16:00:00Z,Karol Ryšavý,Jakub Batfalsky,False,False,UFC Fight Night: Usman vs. Buckley
2025-06-14T16:00:00Z,Wiktor Zalewski,Mateusz Pawlik,False,False,UFC Fight Night: Usman vs. Buckley
2025-06-14T16:15:00Z,Mory Kromah,Alin Nechita,False,False,UFC Fight Night: Usman vs. Buckley
2025-06-14T16:45:00Z,Bahram Rajabzadeh,Asdren Gashi,False,False,UFC Fight Night: Usman vs. Buckley
2025-06-14T17:00:00Z,Karlos Vémola,Attila Végh,True,False,UFC Fight Night: Usman vs. Buckley
2025-06-14T17:15:00Z,Kevin Tariq Osaro,Luijg Gashi,False,False,UFC Fight Night: Usman vs. Buckley
2025-06-14T17:45:00Z,Ben Sosoli,Sofian Laïdouni,True,False,UFC Fight Night: Usman vs. Buckley
2025-06-14T18:15:00Z,Iliass Hammouche,Mesud Selimovic,False,False,UFC Fight Night: Usman vs. Buckley
2025-06-14T19:45:00Z,Petchpanomrung Kiatmoo9,Miguel Trindade,False,False,UFC Fight Night: Usman vs. Buckley
2025-06-14T20:30:00Z,Donovan Wisse,Michael Boapeah,False,False,UFC Fight Night: Usman vs. Buckley
2025-06-14T22:15:00Z,Tarik Khbabez,Sergej Maslobojev,False,False,UFC Fight Night: Usman vs. Buckley
2025-06-14T22:55:00Z,Rico Verhoeven,Artem Vakhitov,False,True,UFC Fight Night: Usman vs. Buckley
2025-06-15T02:00:00Z,Joshua Van,Brandon Royval,True,True,UFC Fight Night: Usman vs. Buckley
2025-06-07T23:35:00Z,Ariane Lipski,Wang Cong,False,True,UFC 316: Dvalishvili vs. O'Malley 2
2025-06-08T00:40:00Z,Waldo Cortes-Acosta,Sergey Spivak,True,False,UFC 316: Dvalishvili vs. O'Malley 2
2025-06-08T03:05:00Z,Kelvin Gastelum,Joseph Pyfer,True,False,UFC 316: Dvalishvili vs. O'Malley 2
2025-05-31T14:30:00Z,Antonio Amodeo,Manuel Lancioli,False,False,UFC Fight Night: Blanchfield vs. Barber
2025-05-31T14:30:00Z,Pietro Mochetti,Dimitrios Tzeiranidis,False,False,UFC Fight Night: Blanchfield vs. Barber
2025-05-31T14:30:00Z,Emanuele Tetti,Rodrigo Rivoin,False,False,UFC Fight Night: Blanchfield vs. Barber
2025-05-31T14:30:00Z,Enrico Di Gangi,Gary Rooney,False,False,UFC Fight Night: Blanchfield vs. Barber
2025-05-31T14:30:00Z,Fabio Condidorio,Salvatore Bellotta,False,False,UFC Fight Night: Blanchfield vs. Barber
2025-05-31T14:30:00Z,Francesco Tumminiello,Umberto Di Munno,False,False,UFC Fight Night: Blanchfield vs. Barber
2025-05-31T14:30:00Z,Kevin Caperna,Gabriele Lionetti,False,False,UFC Fight Night: Blanchfield vs. Barber
2025-05-31T14:30:00Z,Giuseppe Mastrogiacomo,Mervan Gencer,False,False,UFC Fight Night: Blanchfield vs. Barber
2025-05-31T14:30:00Z,Luca Borando,Jan Masek,False,False,UFC Fight Night: Blanchfield vs. Barber
2025-05-31T14:30:00Z,Matteo Martignoni,Luca Tarabori,False,False,UFC Fight Night: Blanchfield vs. Barber
2025-05-31T14:30:00Z,Nicolas Leblond,Mateus Brauns,False,False,UFC Fight Night: Blanchfield vs. Barber
2025-05-31T18:30:00Z,Khadim Dia,George McManus,False,False,UFC Fight Night: Blanchfield vs. Barber
2025-05-31T18:30:00Z,Giuseppe Ruggeri,Nicolas Barna,False,False,UFC Fight Night: Blanchfield vs. Barber
2025-05-31T18:30:00Z,Nicolo Solli,Sulo Hilaj,False,False,UFC Fight Night: Blanchfield vs. Barber
2025-05-31T18:30:00Z,Paddy Mccorry,Shuki Farage,True,False,UFC Fight Night: Blanchfield vs. Barber
2025-05-31T18:30:00Z,Simone D'Anna,Ryan Hall,False,True,UFC Fight Night: Blanchfield vs. Barber
2025-05-31T19:30:00Z,Giacomo Michelis,Sado Ucar,False,False,UFC Fight Night: Blanchfield vs. Barber
2025-06-01T03:45:00Z,Erin Blanchfield,Maycee Barber,True,True,UFC Fight Night: Blanchfield vs. Barber
2025-05-17T16:00:00Z,Alexander Poppeck,Pavol Langer,True,False,UFC Fight Night: Burns vs. Morales
2025-05-17T16:00:00Z,Arijan Topallaj,Denis Frimpong,False,False,UFC Fight Night: Burns vs. Morales
2025-05-17T16:00:00Z,Shaqueme Rock,Attila Korkmaz,False,False,UFC Fight Night: Burns vs. Morales
2025-05-17T16:00:00Z,Shem Rock,Attila Korkmaz,True,False,UFC Fight Night: Burns vs. Morales
2025-05-17T16:00:00Z,Elias Jakobi,Peter Gabal,False,False,UFC Fight Night: Burns vs. Morales
2025-05-17T16:00:00Z,Endrit Brajshori,Jan Malach,False,False,UFC Fight Night: Burns vs. Morales
2025-05-17T16:00:00Z,George Staines,Hafeni Nafuka,False,False,UFC Fight Night: Burns vs. Morales
2025-05-17T16:00:00Z,Gokhan Aksu,Ognjen Dimić,False,False,UFC Fight Night: Burns vs. Morales
2025-05-17T16:00:00Z,Harun Uzun,Zdenek Polivka,False,False,UFC Fight Night: Burns vs. Morales
2025-05-17T16:00:00Z,Jakub Dohnal,Wanderley Junior,False,False,UFC Fight Night: Burns vs. Morales
2025-05-17T16:00:00Z,Jovan Zeljkovic,Patrick Vespaziani,False,False,UFC Fight Night: Burns vs. Morales
2025-05-17T16:00:00Z,Tomáš Mudroch,Ozan Aslaner,False,False,UFC Fight Night: Burns vs. Morales
2025-05-17T17:00:00Z,Victor Hugo Silva,Damien Lapilus,True,False,UFC Fight Night: Burns vs. Morales
2025-05-17T20:10:00Z,Tecia Torres,Luana Pinheiro,False,True,UFC Fight Night: Burns vs. Morales
2025-05-17T22:40:00Z,Gabriel Green,Matheus Camilo,False,True,UFC Fight Night: Burns vs. Morales
2025-05-18T00:45:00Z,Rodolfo Bellato,Paul Craig,True,True,UFC Fight Night: Burns vs. Morales
2025-05-10T15:00:00Z,Alioune Nahaye,Piotr Kacprzak,False,False,UFC 315: Muhammad vs. Della Maddalena
2025-05-10T15:00:00Z,Amaury Wako,Kacper Fornalski,False,False,UFC 315: Muhammad vs. Della Maddalena
2025-05-10T15:00:00Z,Hugo Deux,Krystian Blezien,False,False,UFC 315: Muhammad vs. Della Maddalena
2025-05-10T15:00:00Z,Michal Guzik,Joel Kouadja,False,False,UFC 315: Muhammad vs. Della Maddalena
2025-05-10T15:00:00Z,Salahdine Parnasse,Marian Ziolkowski,True,False,UFC 315: Muhammad vs. Della Maddalena
2025-05-10T16:00:00Z,Lewis McGrillen,Alan Philpott,False,False,UFC 315: Muhammad vs. Della Maddalena
2025-05-10T16:00:00Z,Mark Ewen,Aleksandr Chizov,False,False,UFC 315: Muhammad vs. Della Maddalena
2025-05-10T16:00:00Z,Mickael Lebout,Amin Ayoub,True,False,UFC 315: Muhammad vs. Della Maddalena
2025-05-10T16:00:00Z,Aymard Guih,Mateusz Makarowski,False,False,UFC 315: Muhammad vs. Della Maddalena
2025-05-10T16:00:00Z,Paul Hughes,Bruno Miranda,False,False,UFC 315: Muhammad vs. Della Maddalena
2025-05-10T16:00:00Z,Claudio Pacella,Gavin Hughes,False,False,UFC 315: Muhammad vs. Della Maddalena
2025-05-10T16:00:00Z,Connor Hughes,Sebastien Di Franco,False,False,UFC 315: Muhammad vs. Della Maddalena
2025-05-10T16:00:00Z,Corey McLaughlin,Nahom Wedi,False,False,UFC 315: Muhammad vs. Della Maddalena
2025-05-10T16:00:00Z,Damian Janikowski,Laïd Zerhouni,False,False,UFC 315: Muhammad vs. Della Maddalena
2025-05-10T16:00:00Z,Decky McAleenan,Gino van Steenis,False,False,UFC 315: Muhammad vs. Della Maddalena
2025-05-10T16:00:00Z,Eoin Sheridan,Malachi Edwards,False,False,UFC 315: Muhammad vs. Della Maddalena
2025-05-10T16:00:00Z,Gemma Auld,Sammy-Jo Luxton,False,False,UFC 315: Muhammad vs. Della Maddalena
2025-05-10T16:00:00Z,Haider Khan,Sean McCormac,False,False,UFC 315: Muhammad vs. Della Maddalena
2025-05-10T16:00:00Z,Souheil Kaouchen,Oskar Stachura,False,False,UFC 315: Muhammad vs. Della Maddalena
2025-05-10T22:30:00Z,Marc-Andre Barriault,Bruno Silva,True,True,UFC 315: Muhammad vs. Della Maddalena
2025-05-10T23:10:00Z,Jeongyoung Lee,Daniel Santos,False,True,UFC 315: Muhammad vs. Della Maddalena
2025-05-11T02:00:00Z,John Mitchell,Lorenzo Parente,False,False,UFC 315: Muhammad vs. Della Maddalena
2025-05-11T03:15:00Z,José Aldo,Aiemann Zahabi,False,True,UFC 315: Muhammad vs. Della Maddalena
2025-04-26T13:00:00Z,Marcin Krakowiak,Adam Niedzwiedz,False,False,UFC Fight Night: Machado Garry vs. Prates
2025-04-26T13:00:00Z,Andrej Kalasnik,Mate Kertesz,False,False,UFC Fight Night: Machado Garry vs. Prates
2025-04-26T13:00:00Z,Michal Turynski,Denis Gorniak,False,False,UFC Fight Night: Machado Garry vs. Prates
2025-04-26T13:00:00Z,Katharina Dalisda,Elin Oberg,False,False,UFC Fight Night: Machado Garry vs. Prates
2025-04-26T13:00:00Z,Radek Rousal,Karol Kutyla,False,False,UFC Fight Night: Machado Garry vs. Prates
2025-04-26T15:00:00Z,Madars Fleminas,Kacper Koziorzębski,False,False,UFC Fight Night: Machado Garry vs. Prates
2025-04-26T15:30:00Z,Adam Darby,Tomasz Łangowski,True,False,UFC Fight Night: Machado Garry vs. Prates
2025-04-26T15:30:00Z,Alexander O'Sullivan,Daire Toman,False,False,UFC Fight Night: Machado Garry vs. Prates
2025-04-26T15:30:00Z,Max Lally,Alexis Tsarmantidis,False,False,UFC Fight Night: Machado Garry vs. Prates
2025-04-26T15:30:00Z,Jamie Abbott,Charlie Falco,False,False,UFC Fight Night: Machado Garry vs. Prates
2025-04-26T15:30:00Z,Chasen Blair,Diego Visanzay,True,False,UFC Fight Night: Machado Garry vs. Prates
2025-04-26T15:30:00Z,Ciaran Brady,Giovanni Fernandez,False,False,UFC Fight Night: Machado Garry vs. Prates
2025-04-26T15:30:00Z,Joshua Onwordi,Conor McCarthy,False,False,UFC Fight Night: Machado Garry vs. Prates
2025-04-26T15:30:00Z,Solomon Simon,Cristian Iorga,False,False,UFC Fight Night: Machado Garry vs. Prates
2025-04-26T15:30:00Z,Eimear Darcy,Daniela Sanches,False,False,UFC Fight Night: Machado Garry vs. Prates
2025-04-26T15:30:00Z,Marcus Ferreira,Ger Harris,False,True,UFC Fight Night: Machado Garry vs. Prates
2025-04-26T15:30:00Z,Paddy Mccorry,Ghassan Abdenabi,True,False,UFC Fight Night: Machado Garry vs. Prates
2025-04-26T15:30:00Z,James Sheehan,Justin Burlinson,False,True,UFC Fight Night: Machado Garry vs. Prates
2025-04-26T15:30:00Z,James Webb,John Allan,False,True,UFC Fight Night: Machado Garry vs. Prates
2025-04-26T15:30:00Z,Keith Keogh,Joe Doyle,False,False,UFC Fight Night: Machado Garry vs. Prates
2025-04-26T15:30:00Z,Matthew Elliott,Kenny Mokhonoana,False,False,UFC Fight Night: Machado Garry vs. Prates
2025-04-26T15:30:00Z,Scott Harvey,Leon Armes,False,False,UFC Fight Night: Machado Garry vs. Prates
2025-04-26T16:00:00Z,Marcin Krakowiak,Adam Niedźwiedź,False,False,UFC Fight Night: Machado Garry vs. Prates
2025-04-26T16:00:00Z,Andrej Kalašnik,Mate Kertesz,False,False,UFC Fight Night: Machado Garry vs. Prates
2025-04-26T16:00:00Z,Igor Michaliszyn,Artur Szczepaniak,False,False,UFC Fight Night: Machado Garry vs. Prates
2025-04-26T16:00:00Z,Artur Szpilka,Errol Zimmerman,False,True,UFC Fight Night: Machado Garry vs. Prates
2025-04-26T16:00:00Z,Szymon Bajor,Augusto Sakai,False,True,UFC Fight Night: Machado Garry vs. Prates
2025-04-26T16:00:00Z,Daniel Skvor,Marc Doussis,False,False,UFC Fight Night: Machado Garry vs. Prates
2025-04-26T16:00:00Z,Michał Turyński,Denis Górniak,False,False,UFC Fight Night: Machado Garry vs. Prates
2025-04-26T16:00:00Z,Samuel Kristofic,Dominik Humburger,False,True,UFC Fight Night: Machado Garry vs. Prates
2025-04-26T16:00:00Z,Vlasto Cepo,Erhan Kartal,True,False,UFC Fight Night: Machado Garry vs. Prates
2025-04-26T16:00:00Z,Mallory Martin,Eva Dourthe,True,False,UFC Fight Night: Machado Garry vs. Prates
2025-04-26T16:00:00Z,Laura Grzyb,Gabriela Hristea,False,False,UFC Fight Night: Machado Garry vs. Prates
2025-04-26T16:00:00Z,Lukasz Siwiec,Hojat Khajevand,False,False,UFC Fight Night: Machado Garry vs. Prates
2025-04-26T16:00:00Z,Ion Surdu,Krzysztof Jotko,False,True,UFC Fight Night: Machado Garry vs. Prates
2025-04-26T16:00:00Z,Madars Fleminas,Kacper Koziorzebski,False,False,UFC Fight Night: Machado Garry vs. Prates
2025-04-26T16:00:00Z,Radek Roušal,Karol Kutyla,False,False,UFC Fight Night: Machado Garry vs. Prates
2025-04-26T16:00:00Z,Piotr Wawrzyniak,Marek Mazuch,False,False,UFC Fight Night: Machado Garry vs. Prates
2025-04-26T16:00:00Z,Mateusz Strzelczyk,Mateusz Duczmal,False,False,UFC Fight Night: Machado Garry vs. Prates
2025-04-26T17:00:00Z,Adam Darby,Tomasz Langowski,True,False,UFC Fight Night: Machado Garry vs. Prates
2025-04-26T17:00:00Z,Andrea Bicchi,Chris Camozzi,False,True,UFC Fight Night: Machado Garry vs. Prates
2025-04-26T17:00:00Z,Arbi Chakaev,Jindrich Byrtus,False,False,UFC Fight Night: Machado Garry vs. Prates
2025-04-26T17:00:00Z,Walter Pugliesi,Dominik Herold,False,False,UFC Fight Night: Machado Garry vs. Prates
2025-04-26T17:00:00Z,Mariusz Pudzianowski,Eddie Hall,False,False,UFC Fight Night: Machado Garry vs. Prates
2025-04-26T17:00:00Z,Michael Igwegbe,Enzo Tobbia,False,False,UFC Fight Night: Machado Garry vs. Prates
2025-04-26T17:00:00Z,Toni Estorer,Ernesto Papa,False,False,UFC Fight Night: Machado Garry vs. Prates
2025-04-26T17:00:00Z,Josef Hala,Giovanni Carpentieri,False,False,UFC Fight Night: Machado Garry vs. Prates
2025-04-26T17:00:00Z,Steve Banks,Haze Hepi,False,False,UFC Fight Night: Machado Garry vs. Prates
2025-04-26T17:00:00Z,Tomas Melis,Jesus De Nazaret,False,False,UFC Fight Night: Machado Garry vs. Prates
2025-04-26T17:00:00Z,Jimmy Sweeney,Rico Franco,False,False,UFC Fight Night: Machado Garry vs. Prates
2025-04-26T17:00:00Z,Kenny Mokhonoana,Matt Eliott,False,False,UFC Fight Night: Machado Garry vs. Prates
2025-04-26T17:00:00Z,Zdravko Dimitrov,Marco Giustarini,False,False,UFC Fight Night: Machado Garry vs. Prates
2025-04-26T17:00:00Z,Ruslan Tokhtarov,Navid Mansouri,False,False,UFC Fight Night: Machado Garry vs. Prates
2025-04-26T17:00:00Z,Sara Bitto,Nicole Schaefer,False,False,UFC Fight Night: Machado Garry vs. Prates
2025-04-26T18:00:00Z,Adrian Bartosinski,Andrzej Grzebyk,False,False,UFC Fight Night: Machado Garry vs. Prates
2025-04-26T22:45:00Z,Timothy Cuamba,Roberto Romero,False,True,UFC Fight Night: Machado Garry vs. Prates
2025-04-26T23:46:00Z,Heili Alateng,Da'Mon Blackshear,False,True,UFC Fight Night: Machado Garry vs. Prates
2025-04-27T02:16:00Z,Abusupyian Magomedov,Michel Pereira,False,True,UFC Fight Night: Machado Garry vs. Prates
2025-04-27T03:46:00Z,Carlos Prates,Ian Garry,True,False,UFC Fight Night: Machado Garry vs. Prates
2025-04-12T23:10:00Z,Su Mudaerji,Mitch Raposo,False,True,UFC 314: Volkanovski vs. Lopes
2025-04-13T03:15:00Z,Yair Rodriguez,Patricio Freire,True,False,UFC 314: Volkanovski vs. Lopes
2025-04-13T03:15:00Z,Yair Rodriguez,Patricio Pitbull,True,True,UFC 314: Volkanovski vs. Lopes
2025-04-13T04:15:00Z,Diego Lopes,Alex Volkanovski,True,False,UFC 314: Volkanovski vs. Lopes
2025-04-05T15:00:00Z,Nathan Cook,Anis Bouzid,False,False,UFC Fight Night: Emmett vs. Murphy
2025-04-05T15:00:00Z,Asdren Gashi,Nidal Bchiri,False,False,UFC Fight Night: Emmett vs. Murphy
2025-04-05T15:00:00Z,Miroslav Vujovic,Colin George,False,False,UFC Fight Night: Emmett vs. Murphy
2025-04-05T15:00:00Z,Yuri Farcas,Iraj Azizpour,False,False,UFC Fight Night: Emmett vs. Murphy
2025-04-05T15:00:00Z,Petr Romankevich,Luijg Gashi,False,False,UFC Fight Night: Emmett vs. Murphy
2025-04-05T16:00:00Z,Aaron Aby,Mohammed Walid,False,False,UFC Fight Night: Emmett vs. Murphy
2025-04-05T16:00:00Z,David Hosek,Aleksandar Stefanovic,False,False,UFC Fight Night: Emmett vs. Murphy
2025-04-05T16:00:00Z,Lucie Pudilova,Brittney Cloudy,True,False,UFC Fight Night: Emmett vs. Murphy
2025-04-05T16:00:00Z,Uwe Schuder,Ediz Tasci,False,False,UFC Fight Night: Emmett vs. Murphy
2025-04-05T16:00:00Z,Karol Ryšavý,Eugen Black-Dell,False,False,UFC Fight Night: Emmett vs. Murphy
2025-04-05T16:00:00Z,Fedor Duric,Predrag Bogdanović,False,False,UFC Fight Night: Emmett vs. Murphy
2025-04-05T16:00:00Z,Gjoni Palokaj,Marco Novák,False,False,UFC Fight Night: Emmett vs. Murphy
2025-04-05T16:00:00Z,Khalid Taha,Jose Zarauz,True,False,UFC Fight Night: Emmett vs. Murphy
2025-04-05T16:00:00Z,Mohamed Grabinski,Karol Skrzypek,False,False,UFC Fight Night: Emmett vs. Murphy
2025-04-05T17:00:00Z,Alin Nechita,Ahmed Krnjić,False,False,UFC Fight Night: Emmett vs. Murphy
2025-04-05T17:00:00Z,Asadulla Nasipov,Murat Aygun,False,False,UFC Fight Night: Emmett vs. Murphy
2025-04-05T17:00:00Z,Brian Douwes,Bahram Rajabzadeh,False,False,UFC Fight Night: Emmett vs. Murphy
2025-04-05T17:00:00Z,Kevin Tariq Osaro,Benjamin Adegbuyi,False,False,UFC Fight Night: Emmett vs. Murphy
2025-04-05T17:00:00Z,Ionut Iancu,Cihad Kepenek,False,False,UFC Fight Night: Emmett vs. Murphy
2025-04-05T17:00:00Z,Max Holzer,Deniz Ilbay,False,False,UFC Fight Night: Emmett vs. Murphy
2025-04-05T17:00:00Z,Nabil Khachab,Miloš Cvjetićanin,False,False,UFC Fight Night: Emmett vs. Murphy
2025-04-05T17:00:00Z,Nicolas Wamba,Mory Kromah,False,False,UFC Fight Night: Emmett vs. Murphy
2025-04-05T17:00:00Z,Rade Opacic,Nico Horta,False,False,UFC Fight Night: Emmett vs. Murphy
2025-04-05T17:00:00Z,Sofian Laïdouni,Oleg Pryimachov,False,False,UFC Fight Night: Emmett vs. Murphy
2025-04-05T17:00:00Z,Sina Karimian,Tomas Mozny,False,False,UFC Fight Night: Emmett vs. Murphy
2025-04-05T18:00:00Z,Ben Sosoli,Cristian Ristea,True,False,UFC Fight Night: Emmett vs. Murphy
2025-04-06T00:40:00Z,Davey Grant,Daniel Santos,True,True,UFC Fight Night: Emmett vs. Murphy
2025-03-29T17:00:00Z,Mateo Lerena,Alex Sanchez,False,False,UFC Fight Night: Moreno vs. Erceg
2025-03-29T17:00:00Z,Nabil Malki,Delmar Silva,False,False,UFC Fight Night: Moreno vs. Erceg
2025-03-29T17:00:00Z,Rohullah Yousofi,Karvann Ahmadi,False,False,UFC Fight Night: Moreno vs. Erceg
2025-03-29T17:00:00Z,Theodor Berggren,Leonardo Damiani,True,True,UFC Fight Night: Moreno vs. Erceg
2025-03-29T21:25:00Z,Julia Polastri,Lupita Godinez,True,False,UFC Fight Night: Moreno vs. Erceg
2025-03-30T00:45:00Z,Kelvin Gastelum,Joseph Pyfer,True,False,UFC Fight Night: Moreno vs. Erceg
2025-03-30T01:45:00Z,Brandon Moreno,Stephen Erceg,True,False,UFC Fight Night: Moreno vs. Erceg
2025-03-22T19:15:00Z,Marcin Tybura,Michael Parkin,True,False,UFC Fight Night: Edwards vs. Brady
2025-03-23T01:00:00Z,An Tuan Ho,Jimi Natividad,True,False,UFC Fight Night: Edwards vs. Brady
2025-03-23T01:00:00Z,Hugo Cunha,Denzel Freeman,True,True,UFC Fight Night: Edwards vs. Brady
2025-03-23T01:00:00Z,Ednilson Santos,Dylan Mantello,False,True,UFC Fight Night: Edwards vs. Brady
2025-03-23T01:00:00Z,Joe Giannetti,Leonardo Limberger,True,False,UFC Fight Night: Edwards vs. Brady
2025-03-23T01:00:00Z,Justin Sumter,Luis Henrique Barbosa,True,True,UFC Fight Night: Edwards vs. Brady
2025-03-15T17:00:00Z,Joshua Adeboye,Aaron Pierre,False,False,UFC Fight Night: Vettori vs. Dolidze 2
2025-03-15T17:00:00Z,Ryan Hewitt,Christian Tebbett,False,False,UFC Fight Night: Vettori vs. Dolidze 2
2025-03-15T17:00:00Z,Fran Breen,Elves Oliveira,False,False,UFC Fight Night: Vettori vs. Dolidze 2
2025-03-15T17:00:00Z,Leon Naumann,Ethan Charlton,False,False,UFC Fight Night: Vettori vs. Dolidze 2
2025-03-15T17:00:00Z,Sam Kelly,Richard Kallos,False,False,UFC Fight Night: Vettori vs. Dolidze 2
2025-03-15T20:30:00Z,Teddy Adlington-Stringer,Antonio Sheldon,False,False,UFC Fight Night: Vettori vs. Dolidze 2
2025-03-15T20:30:00Z,George Smith,Olli Santalahti,False,False,UFC Fight Night: Vettori vs. Dolidze 2
2025-03-15T20:30:00Z,Jack Humphries,Nick Beukema,False,False,UFC Fight Night: Vettori vs. Dolidze 2
2025-03-15T20:30:00Z,Omiel Brown,Samuel Blasco,False,False,UFC Fight Night: Vettori vs. Dolidze 2
2025-03-15T21:30:00Z,Luke Riley,Tariel Abbasov,True,False,UFC Fight Night: Vettori vs. Dolidze 2
2025-03-16T00:44:00Z,Kurt Holobaugh,Alex Hernandez,True,False,UFC Fight Night: Vettori vs. Dolidze 2
2025-03-08T16:00:00Z,Adam Shelley,Simone Patrizi,False,False,UFC 313: Pereira vs. Ankalaev
2025-03-08T16:00:00Z,Damiano Scogna,Gerasimos Sioutis,False,False,UFC 313: Pereira vs. Ankalaev
2025-03-08T16:00:00Z,Davide Scarano,Florian Doskja,False,False,UFC 313: Pereira vs. Ankalaev
2025-03-08T16:00:00Z,Riccardo Sartirana,Francesco Tumminiello,False,False,UFC 313: Pereira vs. Ankalaev
2025-03-08T16:00:00Z,Orlando Wilson Prins,Giuseppe Ruggeri,False,False,UFC 313: Pereira vs. Ankalaev
2025-03-08T16:00:00Z,Kevin Caperna,Jordan Molinari,False,False,UFC 313: Pereira vs. Ankalaev
2025-03-08T16:00:00Z,Manuel Del Valle,Marco Doda,False,False,UFC 313: Pereira vs. Ankalaev
2025-03-08T16:00:00Z,Niko Ceraglia,Mirco Negrisoli,False,False,UFC 313: Pereira vs. Ankalaev
2025-03-08T17:00:00Z,Alan Omer,Łukasz Kopera,True,False,UFC 313: Pereira vs. Ankalaev
2025-03-08T17:00:00Z,Alina Dalaslan,Kamila Šimková,False,False,UFC 313: Pereira vs. Ankalaev
2025-03-08T17:00:00Z,Jessin Ayari,Andreas Stahl,True,True,UFC 313: Pereira vs. Ankalaev
2025-03-08T17:00:00Z,Damian Mieczkowski,Bartosz Kurek,False,False,UFC 313: Pereira vs. Ankalaev
2025-03-08T17:00:00Z,Bartosz Leśko,Maciej Rozanski,False,False,UFC 313: Pereira vs. Ankalaev
2025-03-08T17:00:00Z,Bartłomiej Kopera,Szymon Karolczyk,False,False,UFC 313: Pereira vs. Ankalaev
2025-03-08T17:00:00Z,Kevin Enz,Benny Bajrami,False,False,UFC 313: Pereira vs. Ankalaev
2025-03-08T17:00:00Z,Daniel Ligocki,Erik Lorenz,False,False,UFC 313: Pereira vs. Ankalaev
2025-03-08T17:00:00Z,Marek Bartl,Daniel Schwindt,False,False,UFC 313: Pereira vs. Ankalaev
2025-03-08T17:00:00Z,Robin Frank,Denis Frimpong,False,False,UFC 313: Pereira vs. Ankalaev
2025-03-08T17:00:00Z,Roman Paulus,Elvis Silva,False,False,UFC 313: Pereira vs. Ankalaev
2025-03-08T17:00:00Z,Ewelina Woźniak,Sofiia Bagishvili,False,False,UFC 313: Pereira vs. Ankalaev
2025-03-08T17:00:00Z,Marek Samociuk,Filip Stawowy,False,False,UFC 313: Pereira vs. Ankalaev
2025-03-08T17:00:00Z,Jakub Batfalsky,Joel Batobo,False,False,UFC 313: Pereira vs. Ankalaev
2025-03-08T17:00:00Z,Roman Szymanski,Maciej Kazieczko,False,False,UFC 313: Pereira vs. Ankalaev
2025-03-08T17:00:00Z,Makhmud Muradov,Yasubey Enomoto,True,False,UFC 313: Pereira vs. Ankalaev
2025-03-08T17:00:00Z,Sergiusz Zajac,Michal Dreczkowski,False,False,UFC 313: Pereira vs. Ankalaev
2025-03-08T17:00:00Z,Oskar Szczepaniak,Tymoteusz Łopaczyk,False,False,UFC 313: Pereira vs. Ankalaev
2025-03-08T18:00:00Z,Lazar Todev,Will Fleury,False,False,UFC 313: Pereira vs. Ankalaev
2025-03-08T18:00:00Z,Piotr Kuberski,Tomasz Romanowski,False,False,UFC 313: Pereira vs. Ankalaev
2025-03-08T19:30:00Z,Giuseppe Mastrogiacomo,Aiden Lee,False,False,UFC 313: Pereira vs. Ankalaev
2025-03-08T19:30:00Z,Dario Bellandi,Naglis Kanisauskas,False,False,UFC 313: Pereira vs. Ankalaev
2025-03-08T19:30:00Z,Dylan Hazan,Michelangelo Lupoli,False,False,UFC 313: Pereira vs. Ankalaev
2025-03-08T19:30:00Z,Gianluca Scottoli,Simone D'Anna,False,False,UFC 313: Pereira vs. Ankalaev
2025-03-08T19:30:00Z,Konstantinos Ntelis,Michael Pagani,False,False,UFC 313: Pereira vs. Ankalaev
2025-03-08T20:30:00Z,Liam Gittins,Alessandro Giordano,False,False,UFC 313: Pereira vs. Ankalaev
2025-03-09T00:15:00Z,Chris Gutierrez,John Castaneda,True,True,UFC 313: Pereira vs. Ankalaev
2025-03-09T02:30:00Z,Curtis Blaydes,Rizvan Kuniev,True,True,UFC 313: Pereira vs. Ankalaev
2025-03-09T03:15:00Z,Bobby King,Mauricio Ruffy,False,True,UFC 313: Pereira vs. Ankalaev
2025-03-01T21:45:00Z,Charles Johnson,Ramazonbek Temirov,True,False,UFC Fight Night: Kape vs. Almabayev
2025-03-01T23:15:00Z,Ricardo Ramos,Jose Mariscal,True,False,UFC Fight Night: Kape vs. Almabayev
2025-02-22T17:00:00Z,Bobo Sacko,Ahmad Chikh Mousa,False,False,UFC Fight Night: Cejudo vs. Song
2025-02-22T17:00:00Z,Veronika Smolkova,Aitana Alvarez,False,False,UFC Fight Night: Cejudo vs. Song
2025-02-22T17:00:00Z,Andreas Michailidis,Mark Hulme,True,False,UFC Fight Night: Cejudo vs. Song
2025-02-22T17:00:00Z,Soufian El Hammouchi,Antonio Krajinović,False,False,UFC Fight Night: Cejudo vs. Song
2025-02-22T17:00:00Z,Daniel Skvor,Antonio Zovak,False,False,UFC Fight Night: Cejudo vs. Song
2025-02-22T17:00:00Z,Sam Creasey,Beno Adamia,False,False,UFC Fight Night: Cejudo vs. Song
2025-02-22T17:00:00Z,Daniel Ligocki,Dominic Schober,False,False,UFC Fight Night: Cejudo vs. Song
2025-02-22T17:00:00Z,David Kozma,Robert Pukač,False,False,UFC Fight Night: Cejudo vs. Song
2025-02-22T17:00:00Z,Dennis Wosik,Matthan Choinard,False,False,UFC Fight Night: Cejudo vs. Song
2025-02-22T17:00:00Z,Don Sno,Ismail Ayaadi,False,False,UFC Fight Night: Cejudo vs. Song
2025-02-22T17:00:00Z,Niko Samsonidse,Edgar Delgado,False,False,UFC Fight Night: Cejudo vs. Song
2025-02-22T17:00:00Z,Milan Ďatelinka,Jamie Cordero,False,False,UFC Fight Night: Cejudo vs. Song
2025-02-22T17:00:00Z,Lucia Szabová,Kalindra Faria,False,True,UFC Fight Night: Cejudo vs. Song
2025-02-22T17:00:00Z,Robin Ciric,Mehdi Ait El Hadj,False,False,UFC Fight Night: Cejudo vs. Song
2025-02-22T17:00:00Z,Miloš Petrášek,Mick Stanton,False,False,UFC Fight Night: Cejudo vs. Song
2025-02-22T17:00:00Z,Tomáš Mudroch,Petru Buzdugan,False,False,UFC Fight Night: Cejudo vs. Song
2025-02-22T19:00:00Z,André Santos,Chris Wunn,True,False,UFC Fight Night: Cejudo vs. Song
2025-02-22T19:00:00Z,Hamicha,Calmente Mendes,False,False,UFC Fight Night: Cejudo vs. Song
2025-02-22T19:00:00Z,Cem Caceres,Mory Kromah,False,False,UFC Fight Night: Cejudo vs. Song
2025-02-22T19:00:00Z,Chico Kwasi,Teodor Hristov,False,False,UFC Fight Night: Cejudo vs. Song
2025-02-22T19:00:00Z,Michael Boapeah,Ibrahim El Bouni,False,False,UFC Fight Night: Cejudo vs. Song
2025-02-22T19:00:00Z,Iliass Hammouche,Mesud Selimovic,False,False,UFC Fight Night: Cejudo vs. Song
2025-02-22T21:00:00Z,Uku Jurjendal,Ben Sosoli,False,True,UFC Fight Night: Cejudo vs. Song
2025-02-15T23:15:00Z,Rafael Estevam,Jesus Santos Aguilar,True,False,UFC Fight Night: Cannonier vs. Rodrigues
2025-02-09T00:40:00Z,Kody Steele,Zhu Rong,True,False,UFC 312: Du Plessis vs. Strickland 2
2025-02-01T16:00:00Z,Matouš Kohout,Cihad Akipa,False,False,UFC Fight Night: Adesanya vs. Imavov
2025-02-01T16:00:00Z,Daniel Solaja,Raphael Federico,False,False,UFC Fight Night: Adesanya vs. Imavov
2025-02-01T16:00:00Z,Sara Luzar Smajić,Danielle Misteli,False,False,UFC Fight Night: Adesanya vs. Imavov
2025-02-01T16:00:00Z,Matěj Peňáz,David Zawada,False,True,UFC Fight Night: Adesanya vs. Imavov
2025-02-01T16:00:00Z,Deniz Ilbay,Vladimír Lengál,False,False,UFC Fight Night: Adesanya vs. Imavov
2025-02-01T16:00:00Z,Emir-Can Al,Viktor Kováč,False,False,UFC Fight Night: Adesanya vs. Imavov
2025-02-01T16:00:00Z,Tamerlan Dulatov,Ghith Ighzawi,False,False,UFC Fight Night: Adesanya vs. Imavov
2025-02-01T16:00:00Z,Hojat Khajevand,Kamil Oniszczuk,False,False,UFC Fight Night: Adesanya vs. Imavov
2025-02-01T16:00:00Z,Zoran Solaja,Lukáš Eliáš,False,False,UFC Fight Night: Adesanya vs. Imavov
2025-01-19T02:00:00Z,Jailton Almeida,Sergey Spivak,True,False,UFC 311: Makhachev vs. Moicano
2025-01-11T21:10:00Z,Nurullo Aliev,Joseph Solecki,True,False,UFC Fight Night: Dern vs. Ribas 2
2024-12-07T16:00:00Z,Oleh Pryimachov,Abderrahman Barkouch,False,False,UFC 310: Pantoja vs. Asakura
2024-12-07T16:00:00Z,Ayoub Bourass,Anass Ahmidouch,False,False,UFC 310: Pantoja vs. Asakura
2024-12-07T16:00:00Z,Endy Semeleer,Jay Overmeer,False,False,UFC 310: Pantoja vs. Asakura
2024-12-07T16:00:00Z,Serkan Ozcaglayan,Ramy Deghir,False,False,UFC 310: Pantoja vs. Asakura
2024-12-07T16:00:00Z,Tayfun Özcan,Younes Smaili,False,False,UFC 310: Pantoja vs. Asakura
2024-12-07T17:00:00Z,Alexander Poppeck,Marc Doussis,True,False,UFC 310: Pantoja vs. Asakura
2024-12-07T17:00:00Z,Bahram Rajabzadeh,Daniel Stefanovski,False,False,UFC 310: Pantoja vs. Asakura
2024-12-07T17:00:00Z,Cam Caceres,Pascal Touré,False,False,UFC 310: Pantoja vs. Asakura
2024-12-07T17:00:00Z,Marek Bartl,Endrit Brajshori,False,False,UFC 310: Pantoja vs. Asakura
2024-12-07T17:00:00Z,Max Holzer,Eugen Black-Dell,False,False,UFC 310: Pantoja vs. Asakura
2024-12-07T17:00:00Z,Gokhan Aksu,Jan Malach,False,False,UFC 310: Pantoja vs. Asakura
2024-12-07T17:00:00Z,Hatef Moeil,Lazar Todev,False,False,UFC 310: Pantoja vs. Asakura
2024-12-07T17:00:00Z,Kaik Brito,Ion Surdu,True,False,UFC 310: Pantoja vs. Asakura
2024-12-07T17:00:00Z,Jamie Cordero,Ion Taburceanu,False,False,UFC 310: Pantoja vs. Asakura
2024-12-07T17:00:00Z,Ionut Iancu,Sofian Laïdouni,False,False,UFC 310: Pantoja vs. Asakura
2024-12-07T17:00:00Z,Michael Deiga-Scheck,Jakub Dohnal,False,False,UFC 310: Pantoja vs. Asakura
2024-12-07T17:00:00Z,Miloš Cvjetićanin,Mory Kromah,False,False,UFC 310: Pantoja vs. Asakura
2024-12-07T17:00:00Z,Patrick Vespaziani,Sebastian Herzberg,False,False,UFC 310: Pantoja vs. Asakura
2024-12-07T17:00:00Z,Sergej Maslobojev,Stefan Latescu,False,False,UFC 310: Pantoja vs. Asakura
2024-12-07T20:00:00Z,Tarik Khbabez,Donegi Abena,False,False,UFC 310: Pantoja vs. Asakura
2024-12-07T21:00:00Z,Rico Verhoeven,Levi Rigters,False,False,UFC 310: Pantoja vs. Asakura
2024-12-08T04:50:00Z,Ian Garry,Shavkat Rakhmonov,False,True,UFC 310: Pantoja vs. Asakura
2024-11-23T16:00:00Z,Aiden Lee,Daniel Konrad,False,False,UFC Fight Night: Yan vs. Figueiredo
2024-11-23T16:00:00Z,Bailey Gilbert,Alberth Dias,False,False,UFC Fight Night: Yan vs. Figueiredo
2024-11-23T16:00:00Z,Andrey Augusto,Sean Jr. Clancy,False,True,UFC Fight Night: Yan vs. Figueiredo
2024-11-23T16:00:00Z,Charles Joyner,Yannick Bahati,False,False,UFC Fight Night: Yan vs. Figueiredo
2024-11-23T16:00:00Z,Delmar Silva,Michael Tchamou,False,False,UFC Fight Night: Yan vs. Figueiredo
2024-11-23T16:00:00Z,James Power,Dumitru Girlean,False,False,UFC Fight Night: Yan vs. Figueiredo
2024-11-23T16:00:00Z,Harry Hardwick,Keweny Lopes,True,False,UFC Fight Night: Yan vs. Figueiredo
2024-11-23T16:00:00Z,James Dixon,Qendrim Pallata,False,False,UFC Fight Night: Yan vs. Figueiredo
2024-11-23T16:00:00Z,Justin Burlinson,Theodor Berggren,True,True,UFC Fight Night: Yan vs. Figueiredo
2024-11-23T16:00:00Z,Kennedy Freeman,Mafalda Carmona,True,False,UFC Fight Night: Yan vs. Figueiredo
2024-11-23T16:00:00Z,Shajidul Haque,Nicolas Leblond,False,False,UFC Fight Night: Yan vs. Figueiredo
2024-11-16T18:00:00Z,Adam Brysz,Nicolae Bivol,False,False,UFC 309: Jones vs. Miocic
2024-11-16T18:00:00Z,Dawid Smielowski,Aymard Guih,False,False,UFC 309: Jones vs. Miocic
2024-11-16T18:15:00Z,Piotr Kuberski,Damian Janikowski,False,False,UFC 309: Jones vs. Miocic
2024-11-16T18:15:00Z,Igor Michaliszyn,Madars Fleminas,False,False,UFC 309: Jones vs. Miocic
2024-11-16T18:30:00Z,Andrzej Grzebyk,Wiktor Zalewski,False,False,UFC 309: Jones vs. Miocic
2024-11-16T18:45:00Z,Robert Ruchala,Kacper Formela,True,False,UFC 309: Jones vs. Miocic
2024-11-16T19:00:00Z,Arkadiusz Wrzosek,Matheus Scheffel,False,True,UFC 309: Jones vs. Miocic
2024-11-16T19:15:00Z,Rafał Haratyk,Marcin Wojcik,False,False,UFC 309: Jones vs. Miocic
2024-11-16T19:30:00Z,Phil De Fries,Darko Stosic,True,True,UFC 309: Jones vs. Miocic
2024-11-16T20:00:00Z,Mamed Khalidov,Adrian Bartosinski,False,False,UFC 309: Jones vs. Miocic
2024-11-17T02:15:00Z,Chris Weidman,Eryk Anders,True,True,UFC 309: Jones vs. Miocic
2024-11-09T21:00:00Z,Elizeu Zaleski,Zach Scroggin,True,False,UFC Fight Night: Magny vs. Prates
2024-11-10T00:00:00Z,Ricky Turcios,Benardo Sopaj,True,True,UFC Fight Night: Magny vs. Prates
2024-11-02T16:00:00Z,Andrea Flamminio,Niko Ceraglia,False,False,UFC Fight Night: Moreno vs. Albazi
2024-11-02T16:00:00Z,Gianluca Rocca,Conor McCarthy,False,False,UFC Fight Night: Moreno vs. Albazi
2024-11-02T16:00:00Z,Damiano Scogna,Manuel Caperna,False,False,UFC Fight Night: Moreno vs. Albazi
2024-11-02T16:00:00Z,Daniele Battaglia,Luca Mele,False,False,UFC Fight Night: Moreno vs. Albazi
2024-11-02T16:00:00Z,Michelangelo Lupoli,Gerasimos Sioutis,False,False,UFC Fight Night: Moreno vs. Albazi
2024-11-02T16:00:00Z,Giacomo Michelis,Olli Santalahti,False,False,UFC Fight Night: Moreno vs. Albazi
2024-11-02T16:00:00Z,Luca Borando,Nicolae Mezdrea,False,False,UFC Fight Night: Moreno vs. Albazi
2024-11-02T16:00:00Z,Sergio Gavinelli,Manuel Del Valle,False,False,UFC Fight Night: Moreno vs. Albazi
2024-11-02T19:30:00Z,Giuseppe Mastrogiacomo,Itay Tratner,False,False,UFC Fight Night: Moreno vs. Albazi
2024-11-02T19:30:00Z,Khadim Dia,Leon Aliu,False,True,UFC Fight Night: Moreno vs. Albazi
2024-11-02T19:30:00Z,Simone Patrizi,Konstantinos Ntelis,False,False,UFC Fight Night: Moreno vs. Albazi
2024-11-02T19:30:00Z,Solomon Simon,Walter Cogliandro,False,False,UFC Fight Night: Moreno vs. Albazi
2024-11-02T20:00:00Z,Stefano Paternò,Jorge Bueno,True,False,UFC Fight Night: Moreno vs. Albazi
2024-11-03T01:15:00Z,Ariane Lipski,Jasmine Jasudavicius,False,True,UFC Fight Night: Moreno vs. Albazi
2024-10-26T14:44:00Z,Bruno Silva,Ismail Naurdiev,True,True,UFC 308: Topuria vs. Holloway
2024-10-26T16:14:00Z,Brunno Ferreira,Abusupyian Magomedov,True,False,UFC 308: Topuria vs. Holloway
2024-10-26T17:14:00Z,Rafael dos Anjos,Geoffrey Neal,True,False,UFC 308: Topuria vs. Holloway
2024-10-19T17:00:00Z,Viktor Cervinsky,Adam Niedźwiedź,False,False,UFC Fight Night: Hernandez vs. Pereira
2024-10-19T17:00:00Z,Vasil Ducar,Bartosz Kurek,False,False,UFC Fight Night: Hernandez vs. Pereira
2024-10-19T17:00:00Z,Hanka Gelnarova,Dominika Steczkowska,False,False,UFC Fight Night: Hernandez vs. Pereira
2024-10-19T17:00:00Z,Jojtech Garba,Maciej Rozanski,False,False,UFC Fight Night: Hernandez vs. Pereira
2024-10-19T17:00:00Z,Josef Stummer,Wojciech Kazieczko,False,False,UFC Fight Night: Hernandez vs. Pereira
2024-10-19T17:00:00Z,Matus Juracek,Kacper Koziorzebski,False,False,UFC Fight Night: Hernandez vs. Pereira
2024-10-19T17:00:00Z,Michal Sobiech,Karol Kutyla,False,False,UFC Fight Night: Hernandez vs. Pereira
2024-10-19T17:00:00Z,Matej Val,Tobiasz Le,False,False,UFC Fight Night: Hernandez vs. Pereira
2024-10-19T17:30:00Z,Makkasharip Zaynukov,Dedrek Sanders,False,False,UFC Fight Night: Hernandez vs. Pereira
2024-10-19T17:30:00Z,Ibragim Ibragimov,Nacho Campos,False,False,UFC Fight Night: Hernandez vs. Pereira
2024-10-19T17:30:00Z,Raufeon Stots,Marcos Breno,False,False,UFC Fight Night: Hernandez vs. Pereira
2024-10-19T17:30:00Z,Tariq Ismail,Taha Bendaoud,False,False,UFC Fight Night: Hernandez vs. Pereira
2024-10-19T19:30:00Z,Michal Martínek,Tefan Vojcak,True,False,UFC Fight Night: Hernandez vs. Pereira
2024-10-19T20:00:00Z,AJ McKee,Paul Hughes,True,False,UFC Fight Night: Hernandez vs. Pereira
2024-10-19T20:00:00Z,Cris Cyborg,Larissa Pacheco,False,True,UFC Fight Night: Hernandez vs. Pereira
2024-10-19T20:00:00Z,Johnny Eblen,Fabian Edwards,False,False,UFC Fight Night: Hernandez vs. Pereira
2024-10-19T20:00:00Z,Husein Kadimagomaev,Zafar Mohsen,False,False,UFC Fight Night: Hernandez vs. Pereira
2024-10-19T21:00:00Z,Francis Ngannou,Renan Ferreira,True,False,UFC Fight Night: Hernandez vs. Pereira
2024-10-20T00:15:00Z,Charles Johnson,Su Mudaerji,True,False,UFC Fight Night: Hernandez vs. Pereira
2024-10-12T16:00:00Z,Lazar Todev,Adam Palasz,False,False,UFC Fight Night: Royval vs. Taira
2024-10-12T16:00:00Z,Max Coga,Antun Račić,False,False,UFC Fight Night: Royval vs. Taira
2024-10-12T16:00:00Z,Hafeni Nafuka,Arijan Topallaj,False,False,UFC Fight Night: Royval vs. Taira
2024-10-12T16:00:00Z,Asdren Gashi,Colin George,False,False,UFC Fight Night: Royval vs. Taira
2024-10-12T16:00:00Z,Ibrahim El Bouni,Bogdan Stoica,False,False,UFC Fight Night: Royval vs. Taira
2024-10-12T16:00:00Z,Christian Eckerlin,Christian Jungwirth,False,False,UFC Fight Night: Royval vs. Taira
2024-10-12T16:00:00Z,Ionut Iancu,Cihad Kepenek,False,False,UFC Fight Night: Royval vs. Taira
2024-10-12T16:00:00Z,Deniz Ilbay,Michael Deiga-Scheck,False,False,UFC Fight Night: Royval vs. Taira
2024-10-12T16:00:00Z,Mochamed Machaev,James Hendin,False,False,UFC Fight Night: Royval vs. Taira
2024-10-12T16:00:00Z,Katharina Dalisda,Mallory Martin,False,True,UFC Fight Night: Royval vs. Taira
2024-10-12T16:00:00Z,Patrik Kincl,Kerim Engizek,False,False,UFC Fight Night: Royval vs. Taira
2024-10-12T16:00:00Z,Max Holzer,Mohammed Sadok Trabelsi,False,False,UFC Fight Night: Royval vs. Taira
2024-10-12T16:00:00Z,Mehdi Ait El Hadj,Soufian-Aoulad Abdelkhalek,False,False,UFC Fight Night: Royval vs. Taira
2024-10-12T16:00:00Z,Pavol Langer,Will Fleury,False,False,UFC Fight Night: Royval vs. Taira
2024-10-12T16:00:00Z,Teodor Hristov,Robin Ciric,False,False,UFC Fight Night: Royval vs. Taira
2024-10-12T18:00:00Z,Dennis Wosik,Bobo Sacko,False,False,UFC Fight Night: Royval vs. Taira
2024-10-12T18:15:00Z,Iliass Hammouche,Mihailo Ćulafić,False,False,UFC Fight Night: Royval vs. Taira
2024-10-12T18:45:00Z,Michael Boapeah,Mohamed Touchassie,False,False,UFC Fight Night: Royval vs. Taira
2024-10-12T19:15:00Z,Nabil Khachab,Bugra Erdogan,False,False,UFC Fight Night: Royval vs. Taira
2024-10-12T19:50:00Z,Donovan Wisse,Sergej Braun,False,False,UFC Fight Night: Royval vs. Taira
2024-10-12T20:00:00Z,CJ Vergara,Ramazonbek Temirov,True,False,UFC Fight Night: Royval vs. Taira
2024-10-12T20:30:00Z,Chico Kwasi,Tyjani Beztati,False,False,UFC Fight Night: Royval vs. Taira
2024-10-12T20:45:00Z,Daniel Argueta,Cody Haddon,False,True,UFC Fight Night: Royval vs. Taira
2024-10-05T23:10:00Z,Tecia Torres,Carla Esparza,False,True,UFC 307: Pereira vs. Rountree Jr.
2024-10-05T23:40:00Z,Ovince St. Preux,Ryan Spann,False,True,UFC 307: Pereira vs. Rountree Jr.
2024-10-06T00:42:00Z,Austin Hubbard,Alex Hernandez,True,False,UFC 307: Pereira vs. Rountree Jr.
2024-10-06T03:15:00Z,José Aldo,Mario Bautista,False,True,UFC 307: Pereira vs. Rountree Jr.
2024-09-28T15:00:00Z,Julien Pierre Lopez,Alexander Luster,False,False,UFC Fight Night: Moicano vs. Saint Denis
2024-09-28T15:00:00Z,Matiss Zaharovs,Brian Hyslop,False,False,UFC Fight Night: Moicano vs. Saint Denis
2024-09-28T15:00:00Z,Connor Hughes,Ignacio Capella,False,False,UFC Fight Night: Moicano vs. Saint Denis
2024-09-28T15:00:00Z,Ibrahima Mane,Daniele Miceli,False,False,UFC Fight Night: Moicano vs. Saint Denis
2024-09-28T15:00:00Z,Jakub Kaszuba,Daniele Scatizzi,False,False,UFC Fight Night: Moicano vs. Saint Denis
2024-09-28T15:00:00Z,Lewis McGrillen,Dean Garnett,False,False,UFC Fight Night: Moicano vs. Saint Denis
2024-09-28T15:00:00Z,Jack Grant,Florim Zendeli,False,False,UFC Fight Night: Moicano vs. Saint Denis
2024-09-28T15:00:00Z,Gemma Auld,Weronika Pietruszka,False,False,UFC Fight Night: Moicano vs. Saint Denis
2024-09-28T15:00:00Z,Karolina Wojcik,Paulina Wiśniewska,True,False,UFC Fight Night: Moicano vs. Saint Denis
2024-09-28T15:00:00Z,Steven Ray,Lewis Long,True,False,UFC Fight Night: Moicano vs. Saint Denis
2024-09-28T15:00:00Z,Mark Ewen,Yassin Chtatou,False,False,UFC Fight Night: Moicano vs. Saint Denis
2024-09-28T15:00:00Z,Robert Whiteford,Roger Huerta,True,True,UFC Fight Night: Moicano vs. Saint Denis
2024-09-28T15:00:00Z,Shanelle Dyer,Valentina Scatizzi,True,False,UFC Fight Night: Moicano vs. Saint Denis
2024-09-28T17:20:00Z,Ailin Perez,Darya Zheleznyakova,True,False,UFC Fight Night: Moicano vs. Saint Denis
2024-09-28T18:25:00Z,Da Un Jung,Oumar Sy,False,True,UFC Fight Night: Moicano vs. Saint Denis
2024-09-14T17:00:00Z,Kacper Fornalski,Aleksander Budziłek,False,False,UFC 306: Riyadh Season Noche UFC
2024-09-14T17:00:00Z,Artur Szczepaniak,Krystian Kaszubowski,False,False,UFC 306: Riyadh Season Noche UFC
2024-09-14T17:00:00Z,Bogdan Gnidko,Dominik Humburger,False,True,UFC 306: Riyadh Season Noche UFC
2024-09-14T17:00:00Z,Borys Borkowski,Steven Krt,False,False,UFC 306: Riyadh Season Noche UFC
2024-09-14T17:00:00Z,Damian Piwowarczyk,Marcin Wojcik,True,False,UFC 306: Riyadh Season Noche UFC
2024-09-14T17:00:00Z,Daniel Skibiński,Leonardo Damiani,False,True,UFC 306: Riyadh Season Noche UFC
2024-09-14T17:00:00Z,Krzysztof Głowacki,Dawid Kasperski,False,False,UFC 306: Riyadh Season Noche UFC
2024-09-14T17:00:00Z,Mariusz Joniak,Islam Djabrailov,False,False,UFC 306: Riyadh Season Noche UFC
2024-09-14T17:00:00Z,Radoslaw Paczuski,Laïd Zerhouni,False,False,UFC 306: Riyadh Season Noche UFC
2024-09-14T17:00:00Z,Zuriko Jojua,Werlleson Martins,False,False,UFC 306: Riyadh Season Noche UFC
2024-09-14T17:15:00Z,Darragh Kelly,Dmytrii Hrytsenko,False,False,UFC 306: Riyadh Season Noche UFC
2024-09-14T17:30:00Z,Ciaran Clarke,Tuomas Gronvall,False,False,UFC 306: Riyadh Season Noche UFC
2024-09-14T18:00:00Z,Joseph Luciano,Steven Hill,False,False,UFC 306: Riyadh Season Noche UFC
2024-09-14T18:30:00Z,Mike Shipman,Eslam Baset,False,False,UFC 306: Riyadh Season Noche UFC
2024-09-14T19:15:00Z,Archie Colgan,Manoel Sousa,False,True,UFC 306: Riyadh Season Noche UFC
2024-09-14T19:45:00Z,Marc Diakiese,Tim Wilde,True,False,UFC 306: Riyadh Season Noche UFC
2024-09-14T20:15:00Z,Luke Trainer,Laurynas Urbonavicius,False,False,UFC 306: Riyadh Season Noche UFC
2024-09-14T20:30:00Z,Simeon Powell,Rafael Alves,False,True,UFC 306: Riyadh Season Noche UFC
2024-09-14T20:45:00Z,Simeon Powell,Rafael Xavier,False,False,UFC 306: Riyadh Season Noche UFC
2024-09-14T21:15:00Z,Leah Mccourt,Sara Collins,False,False,UFC 306: Riyadh Season Noche UFC
2024-09-14T23:35:00Z,Raul Rosas Jr,Aori Qileng,True,False,UFC 306: Riyadh Season Noche UFC
2024-09-07T15:00:00Z,Gephte Jiffa Kundo,Aldin Reiz,False,False,UFC Fight Night: Burns vs. Brady
2024-09-07T15:00:00Z,Kevin Törö,Alexander Yakob,False,False,UFC Fight Night: Burns vs. Brady
2024-09-07T16:00:00Z,Alejandro Toutparfait,Mashrab Mamadaliyev,False,False,UFC Fight Night: Burns vs. Brady
2024-09-07T16:00:00Z,Zelim Zubairaev,Axel Nobou,False,False,UFC Fight Night: Burns vs. Brady
2024-09-07T16:00:00Z,Bilal Tipsaev,Mohammed Walid,False,False,UFC Fight Night: Burns vs. Brady
2024-09-07T16:00:00Z,Brayan Aspegren,Enes Kollari,False,False,UFC Fight Night: Burns vs. Brady
2024-09-07T16:00:00Z,Herolind Xhafolli,Erik Wahrolen,False,False,UFC Fight Night: Burns vs. Brady
2024-09-07T16:00:00Z,Martin Corney,Saba Sozashvili,False,False,UFC Fight Night: Burns vs. Brady
2024-09-07T16:00:00Z,Theodor Berggren,Moein Ahmadi,True,False,UFC Fight Night: Burns vs. Brady
2024-09-07T17:00:00Z,Aaron Towns,Richard Kallos,False,False,UFC Fight Night: Burns vs. Brady
2024-09-07T17:00:00Z,Bourama Camara,Marko Kisic,False,False,UFC Fight Night: Burns vs. Brady
2024-09-07T17:00:00Z,Charles Joyner,Branden Guest,False,False,UFC Fight Night: Burns vs. Brady
2024-09-07T17:00:00Z,Damon Donald,Kallum Parker,False,False,UFC Fight Night: Burns vs. Brady
2024-09-07T17:00:00Z,Daniel Hromek,Emir-Can Al,False,False,UFC Fight Night: Burns vs. Brady
2024-09-07T17:00:00Z,Igor Wojtas,Emerson Oliveira,False,False,UFC Fight Night: Burns vs. Brady
2024-09-07T17:00:00Z,Laura Kirtzel,Haifa Reso,False,False,UFC Fight Night: Burns vs. Brady
2024-09-07T17:00:00Z,Omiel Brown,Henri Lintula,False,False,UFC Fight Night: Burns vs. Brady
2024-09-07T17:00:00Z,Ivan Buchinger,Lom-Ali Eskijew,False,False,UFC Fight Night: Burns vs. Brady
2024-09-07T17:00:00Z,Mohamed Grabinski,Jakub Bahník,False,False,UFC Fight Night: Burns vs. Brady
2024-09-07T17:00:00Z,Jamie Cordero,Milan Ďatelinka,False,False,UFC Fight Night: Burns vs. Brady
2024-09-07T17:00:00Z,Marek Bartl,Zoran Solaja,False,False,UFC Fight Night: Burns vs. Brady
2024-09-07T17:00:00Z,Niklas Stolze,Matouš Kohout,True,False,UFC Fight Night: Burns vs. Brady
2024-09-07T17:00:00Z,Wahid Najand,Max Handanagić,False,False,UFC Fight Night: Burns vs. Brady
2024-09-07T17:00:00Z,Sean Jr. Clancy,Rafael Aronov,True,False,UFC Fight Night: Burns vs. Brady
2024-09-07T17:00:00Z,Redgie Hingston,Ryan Hewitt,False,False,UFC Fight Night: Burns vs. Brady
2024-09-07T17:00:00Z,Ryan Campbell,Shahram Hotak,False,False,UFC Fight Night: Burns vs. Brady
2024-09-07T18:30:00Z,Chris Bungard,Andrey Augusto,False,False,UFC Fight Night: Burns vs. Brady
2024-09-07T18:30:00Z,Keir Harvie,Rory Evans,False,False,UFC Fight Night: Burns vs. Brady
2024-09-07T18:30:00Z,Michael Blair,Kye Stevens,False,False,UFC Fight Night: Burns vs. Brady
2024-09-07T18:30:00Z,Reece McEwan,Miguel Haro,False,False,UFC Fight Night: Burns vs. Brady
2024-09-07T19:00:00Z,George Hardwick,Cristian Iorga,True,False,UFC Fight Night: Burns vs. Brady
2024-09-07T21:25:00Z,Yi Zha,Gabriel Santos,False,True,UFC Fight Night: Burns vs. Brady
2024-09-07T23:15:00Z,Zhu Rong,Chris Padilla,False,True,UFC Fight Night: Burns vs. Brady
2024-09-08T00:00:00Z,Aysia Cortez,Ashley Thiner,False,False,UFC Fight Night: Burns vs. Brady
2024-09-08T00:00:00Z,Bryce Meredith,John Macalolooy,False,False,UFC Fight Night: Burns vs. Brady
2024-09-08T00:00:00Z,Masayuki Kikiuiri,Herman Terrado,False,True,UFC Fight Night: Burns vs. Brady
2024-09-08T00:00:00Z,Jordan Newman,Imamshafi Aliev,False,False,UFC Fight Night: Burns vs. Brady
2024-09-08T00:00:00Z,Josh Hokit,Sean Rose,True,False,UFC Fight Night: Burns vs. Brady
2024-09-08T02:00:00Z,Yancy Medeiros,Jora Ayvazyan,True,False,UFC Fight Night: Burns vs. Brady
2024-09-08T02:00:00Z,Lorenz Larkin,Levan Chokheli,True,True,UFC Fight Night: Burns vs. Brady
2024-09-08T02:00:00Z,Sumiko Inaba,Mackenzie Stiller,False,False,UFC Fight Night: Burns vs. Brady
2024-09-08T03:45:00Z,Douglas Lima,Aaron Jeffery,True,True,UFC Fight Night: Burns vs. Brady
2024-09-08T04:15:00Z,Usman Nurmagomedov,Alexander Shabliy,True,False,UFC Fight Night: Burns vs. Brady
2024-08-24T17:00:00Z,Albert Odzimkowski,David Hosek,False,False,UFC Fight Night: Cannonier vs. Borralho
2024-08-24T17:00:00Z,Krystian Blezien,Alvin Lowenski,False,False,UFC Fight Night: Cannonier vs. Borralho
2024-08-24T17:00:00Z,Oleksii Polischuk,Bruno Azevedo,False,False,UFC Fight Night: Cannonier vs. Borralho
2024-08-24T17:00:00Z,Wiktoria Czyżewska,Erianny Castaneda,False,False,UFC Fight Night: Cannonier vs. Borralho
2024-08-24T17:00:00Z,Igor Michaliszyn,Oton Jasse,False,False,UFC Fight Night: Cannonier vs. Borralho
2024-08-24T17:00:00Z,Sergiusz Zajac,Kleber Silva,False,False,UFC Fight Night: Cannonier vs. Borralho
2024-08-24T17:00:00Z,Konrad Rusinski,Michal Guzik,False,False,UFC Fight Night: Cannonier vs. Borralho
2024-08-24T17:00:00Z,Marcin Krakowiak,Muslim Tulshaev,False,False,UFC Fight Night: Cannonier vs. Borralho
2024-08-24T17:00:00Z,Szymon Bajor,Matheus Scheffel,False,True,UFC Fight Night: Cannonier vs. Borralho
2024-08-24T23:45:00Z,Zygimantas Ramaska,Nathan Fletcher,True,True,UFC Fight Night: Cannonier vs. Borralho
2024-08-17T22:45:00Z,Stewart Nicoll,Jesus Santos Aguilar,True,False,UFC 305: Du Plessis vs. Adesanya
2024-08-18T03:15:00Z,Mateusz Gamrot,Daniel Hooker,True,False,UFC 305: Du Plessis vs. Adesanya
2024-08-18T03:45:00Z,Kai Kara-France,Stephen Erceg,True,False,UFC 305: Du Plessis vs. Adesanya
2024-08-11T01:15:00Z,Damon Jackson,Jose Mariscal,True,False,UFC Fight Night: Tybura vs. Spivac 2
2024-08-11T01:45:00Z,Marcin Tybura,Sergey Spivak,True,False,UFC Fight Night: Tybura vs. Spivac 2
2024-08-03T19:45:00Z,Lupita Godinez,Mackenzie Dern,False,True,UFC Fight Night: Sandhagen vs. Nurmagomedov
2024-07-27T22:30:00Z,Lukasz Brzeski,Michael Parkin,True,False,UFC 304: Edwards vs. Muhammad 2
2024-07-28T03:15:00Z,Paddy Pimblett,Bobby Green,True,False,UFC 304: Edwards vs. Muhammad 2
2024-07-20T14:00:00Z,Eimear Darcy,Camilla Bergstrøm,False,False,UFC Fight Night: Lemos vs. Jandiroba
2024-07-20T14:00:00Z,Jordan Little,Daniel Crooks-May,False,False,UFC Fight Night: Lemos vs. Jandiroba
2024-07-20T14:00:00Z,Francesco Mazzeo,Vanderlei Junior,True,False,UFC Fight Night: Lemos vs. Jandiroba
2024-07-20T14:00:00Z,Nicolas Leblond,Gerasimos Sioutis,False,False,UFC Fight Night: Lemos vs. Jandiroba
2024-07-20T14:00:00Z,Mush Aslani,Giacomo Michelis,False,False,UFC Fight Night: Lemos vs. Jandiroba
2024-07-20T14:00:00Z,Rhi Rhi Hudson,Jennifer Trioreau,False,False,UFC Fight Night: Lemos vs. Jandiroba
2024-07-20T14:00:00Z,Luca Borando,Matthew Elliott,False,False,UFC Fight Night: Lemos vs. Jandiroba
2024-07-20T16:00:00Z,Lucia Szabová,Aitana Alvarez,False,False,UFC Fight Night: Lemos vs. Jandiroba
2024-07-20T16:00:00Z,Piotr Wawrzyniak,Andreas Michailidis,False,True,UFC Fight Night: Lemos vs. Jandiroba
2024-07-20T16:00:00Z,Bartłomiej Kopera,Dawid Smielowski,False,False,UFC Fight Night: Lemos vs. Jandiroba
2024-07-20T16:00:00Z,Ronald Paradeiser,Daniel Torres,False,False,UFC Fight Night: Lemos vs. Jandiroba
2024-07-20T16:00:00Z,Marek Samociuk,Denis Górniak,False,False,UFC Fight Night: Lemos vs. Jandiroba
2024-07-20T16:00:00Z,Mehdi Ait El Hadj,Don Sno,False,False,UFC Fight Night: Lemos vs. Jandiroba
2024-07-20T16:00:00Z,Ewelina Woźniak,Maria Silva,False,True,UFC Fight Night: Lemos vs. Jandiroba
2024-07-20T16:00:00Z,Juri de Sousa,Frangis Goma,False,False,UFC Fight Night: Lemos vs. Jandiroba
2024-07-20T16:00:00Z,Michal Domin,Isai Ramos,False,False,UFC Fight Night: Lemos vs. Jandiroba
2024-07-20T16:00:00Z,Ivan Buchinger,Łukasz Rajewski,False,False,UFC Fight Night: Lemos vs. Jandiroba
2024-07-20T16:00:00Z,Jonas Mågård,Josh Hill,False,False,UFC Fight Night: Lemos vs. Jandiroba
2024-07-20T16:00:00Z,Veronika Smolkova,Jovana Đukić,False,False,UFC Fight Night: Lemos vs. Jandiroba
2024-07-20T16:00:00Z,Karolina Owczarz,Sandra Succar,False,False,UFC Fight Night: Lemos vs. Jandiroba
2024-07-20T16:00:00Z,Losene Keita,Predrag Bogdanović,True,False,UFC Fight Night: Lemos vs. Jandiroba
2024-07-20T16:00:00Z,Radek Roušal,Marco Novák,False,False,UFC Fight Night: Lemos vs. Jandiroba
2024-07-20T16:00:00Z,Ondřej Raška,Milan Ďatelinka,False,False,UFC Fight Night: Lemos vs. Jandiroba
2024-07-20T16:00:00Z,Radovan Úškrt,Petr Kníže,False,False,UFC Fight Night: Lemos vs. Jandiroba
2024-07-20T16:30:00Z,Aidan Stephen,Alexander Loof,False,False,UFC Fight Night: Lemos vs. Jandiroba
2024-07-20T16:30:00Z,Alessandro Giordano,Michele Martignoni,False,False,UFC Fight Night: Lemos vs. Jandiroba
2024-07-20T16:30:00Z,Craig Edwards,Sergio Gavinelli,False,False,UFC Fight Night: Lemos vs. Jandiroba
2024-07-20T16:30:00Z,Gheorghe Grozav,Tommy Brunning,False,False,UFC Fight Night: Lemos vs. Jandiroba
2024-07-20T16:30:00Z,Jimmy Quinn,Imad Bouamri,True,False,UFC Fight Night: Lemos vs. Jandiroba
2024-07-20T16:30:00Z,Jamie Richardson,Rafael Aronov,False,False,UFC Fight Night: Lemos vs. Jandiroba
2024-07-20T16:30:00Z,Shirzad Qadrian,Weslley Maia,False,False,UFC Fight Night: Lemos vs. Jandiroba
2024-07-20T17:00:00Z,Miguel Trindade,Abraham Vidales,False,False,UFC Fight Night: Lemos vs. Jandiroba
2024-07-20T17:00:00Z,Pawel Pawlak,Damian Janikowski,True,False,UFC Fight Night: Lemos vs. Jandiroba
2024-07-20T17:00:00Z,Tayfun Özcan,Majid Amarouche,False,False,UFC Fight Night: Lemos vs. Jandiroba
2024-07-20T17:00:00Z,Michael Boapeah,Ulric Bokeme,False,False,UFC Fight Night: Lemos vs. Jandiroba
2024-07-20T17:00:00Z,Robin Ciric,Nikola Todorovic,False,False,UFC Fight Night: Lemos vs. Jandiroba
2024-07-20T19:00:00Z,Tyjani Beztati,Endy Semeleer,False,False,UFC Fight Night: Lemos vs. Jandiroba
2024-07-20T19:00:00Z,Petchpanomrung Kiatmoo9,Kento Haraguchi,False,False,UFC Fight Night: Lemos vs. Jandiroba
2024-07-20T19:30:00Z,James Webb,Adam Biegański,False,False,UFC Fight Night: Lemos vs. Jandiroba
2024-07-20T19:30:00Z,Jawany Scott,Ger Harris,False,True,UFC Fight Night: Lemos vs. Jandiroba
2024-07-20T19:30:00Z,Thomas Paull,Milad Ahady,True,False,UFC Fight Night: Lemos vs. Jandiroba
2024-07-20T19:30:00Z,Nik Bagley,Ryan Shelley,False,False,UFC Fight Night: Lemos vs. Jandiroba
2024-07-20T20:00:00Z,Jordan Vucenic,Adrian Kępa,True,False,UFC Fight Night: Lemos vs. Jandiroba
2024-07-20T23:45:00Z,Jeongyoung Lee,Hyder Amil,False,True,UFC Fight Night: Lemos vs. Jandiroba
2024-06-29T23:30:00Z,Michelle Waterson,Gillian Robertson,False,True,UFC 303: Pereira vs. Prochazka 2
2024-06-30T01:45:00Z,Joseph Pyfer,Marc-Andre Barriault,False,True,UFC 303: Pereira vs. Prochazka 2
2024-06-30T02:15:00Z,Ian Garry,Michael Page,False,True,UFC 303: Pereira vs. Prochazka 2
2024-06-30T03:45:00Z,Brian Ortega,Diego Lopes,True,True,UFC 303: Pereira vs. Prochazka 2
2024-06-22T15:00:00Z,Nathan Kelly,Jose Sanchez,False,False,UFC Fight Night: Whittaker vs. Aliskerov
2024-06-22T15:00:00Z,Michelle Montague,Karolina Sobek,True,False,UFC Fight Night: Whittaker vs. Aliskerov
2024-06-22T15:00:00Z,Kasum Kasumov,Matheus Mattos,False,False,UFC Fight Night: Whittaker vs. Aliskerov
2024-06-22T15:00:00Z,Sarvarjon Hamidov,Marcirley Alves da Silva,False,False,UFC Fight Night: Whittaker vs. Aliskerov
2024-06-22T16:50:00Z,Shinobu Ota,Roger Blanque,False,False,UFC Fight Night: Whittaker vs. Aliskerov
2024-06-22T17:00:00Z,Sinead Kavanagh,Arlene Blencowe,False,True,UFC Fight Night: Whittaker vs. Aliskerov
2024-06-22T17:00:00Z,Paul Hughes,Bobby King,False,False,UFC Fight Night: Whittaker vs. Aliskerov
2024-06-22T17:00:00Z,Norbert Novenyi Jr.,Dalton Rosta,True,False,UFC Fight Night: Whittaker vs. Aliskerov
2024-06-22T17:00:00Z,Darragh Kelly,Mathias Poiron,False,False,UFC Fight Night: Whittaker vs. Aliskerov
2024-06-22T17:40:00Z,Khasan Magomedsharipov,Tyler Mathison,False,False,UFC Fight Night: Whittaker vs. Aliskerov
2024-06-22T18:00:00Z,Jason Jackson,Ramazan Kuramagomedov,True,True,UFC Fight Night: Whittaker vs. Aliskerov
2024-06-16T01:05:00Z,Jimmy Flick,Nathan Maness,True,False,UFC Fight Night: Perez vs. Taira
2024-06-16T03:45:00Z,Timothy Cuamba,Lucas Almeida,False,True,UFC Fight Night: Perez vs. Taira
2024-06-08T15:00:00Z,Alexander Luster,Alperen Karabulut,False,False,UFC Fight Night: Cannonier vs. Imavov
2024-06-08T15:00:00Z,Attila Korkmaz,Makwan Amirkhani,False,True,UFC Fight Night: Cannonier vs. Imavov
2024-06-08T15:00:00Z,Dean Garnett,Ayton De Paepe,False,False,UFC Fight Night: Cannonier vs. Imavov
2024-06-08T15:00:00Z,Jack Grant,Charlie Leary,False,False,UFC Fight Night: Cannonier vs. Imavov
2024-06-08T15:00:00Z,Mark Ewen,Claudio Pacella,False,False,UFC Fight Night: Cannonier vs. Imavov
2024-06-08T15:00:00Z,Dee Begley,Paulina Wiśniewska,False,False,UFC Fight Night: Cannonier vs. Imavov
2024-06-08T15:00:00Z,Dominique Wooding,Luke Shanks,False,False,UFC Fight Night: Cannonier vs. Imavov
2024-06-08T15:00:00Z,Kane Mousah,Dylan Tuke,False,False,UFC Fight Night: Cannonier vs. Imavov
2024-06-08T15:00:00Z,Ibragim Ibragimov,Josh Reed,False,False,UFC Fight Night: Cannonier vs. Imavov
2024-06-08T15:00:00Z,Lewis McGrillen,Matiss Zaharovs,False,False,UFC Fight Night: Cannonier vs. Imavov
2024-06-08T15:00:00Z,Shanelle Dyer,Mariam Torchinava,True,False,UFC Fight Night: Cannonier vs. Imavov
2024-06-08T15:00:00Z,Valentina Scatizzi,Marie Loiseau,False,False,UFC Fight Night: Cannonier vs. Imavov
2024-06-08T15:30:00Z,Savannah Marshall,Mirela Vargas,False,False,UFC Fight Night: Cannonier vs. Imavov
2024-06-08T16:00:00Z,Mohamed Amine,Cem Aygun,False,False,UFC Fight Night: Cannonier vs. Imavov
2024-06-08T16:00:00Z,Murat Aygun,Ionut Iancu,False,False,UFC Fight Night: Cannonier vs. Imavov
2024-06-08T17:00:00Z,Bahram Rajabzadeh,Ibrahim El Bouni,False,False,UFC Fight Night: Cannonier vs. Imavov
2024-06-08T17:00:00Z,Sergej Maslobojev,Bogdan Stoica,False,False,UFC Fight Night: Cannonier vs. Imavov
2024-06-08T17:00:00Z,Stefan Latescu,Donegi Abena,False,False,UFC Fight Night: Cannonier vs. Imavov
2024-06-08T17:00:00Z,Tarik Khbabez,Pascal Touré,False,False,UFC Fight Night: Cannonier vs. Imavov
2024-06-01T14:15:00Z,Johan Andersson,Tobias Söderberg,False,False,UFC 302: Makhachev vs. Poirier
2024-06-01T14:40:00Z,Ebrima Faal,Artur Niebrzydowski,False,False,UFC 302: Makhachev vs. Poirier
2024-06-01T14:55:00Z,Maiju Suotama,Millie Eriksson,False,False,UFC 302: Makhachev vs. Poirier
2024-06-01T15:20:00Z,Theodor Berggren,Kristjan Toniste,True,False,UFC 302: Makhachev vs. Poirier
2024-06-01T16:35:00Z,Abdurakhman Nasrutdinov,Giorgi Liparteliani,False,False,UFC 302: Makhachev vs. Poirier
2024-06-01T16:50:00Z,Safiullah Husseini,Fadi Farag,False,False,UFC 302: Makhachev vs. Poirier
2024-06-01T17:05:00Z,Zoran Milic,Nika Kalandadze,False,False,UFC 302: Makhachev vs. Poirier
2024-06-01T18:07:00Z,Baysangur Makaev,Waltteri Hakkinen,False,False,UFC 302: Makhachev vs. Poirier
2024-06-01T18:25:00Z,Alexander Loof,Andrey Tyshchenko,False,False,UFC 302: Makhachev vs. Poirier
2024-06-01T18:55:00Z,Jonny Touma,Rohullah Yousofi,False,False,UFC 302: Makhachev vs. Poirier
2024-06-01T19:20:00Z,Tobias Harila,Levan Kirtadze,True,False,UFC 302: Makhachev vs. Poirier
2024-06-02T00:45:00Z,Grant Dawson,Joseph Solecki,True,False,UFC 302: Makhachev vs. Poirier
2024-06-02T03:45:00Z,Sean Strickland,Paulo Henrique Costa,True,True,UFC 302: Makhachev vs. Poirier
2024-05-18T17:00:00Z,Ahmad Chikh Mousa,Berjan Peposhi,False,False,UFC Fight Night: Barboza vs. Murphy
2024-05-18T17:00:00Z,Anis Bouzid,Mory Kromah,False,False,UFC Fight Night: Barboza vs. Murphy
2024-05-18T17:00:00Z,Jan Kaffa,Dennis Wosik,False,False,UFC Fight Night: Barboza vs. Murphy
2024-05-18T17:00:00Z,Don Sno,Figuereido Landman,False,False,UFC Fight Night: Barboza vs. Murphy
2024-05-18T17:00:00Z,Juri de Sousa,Imad Hadar,False,False,UFC Fight Night: Barboza vs. Murphy
2024-05-18T17:30:00Z,Jay Overmeer,Teodor Hristov,False,False,UFC Fight Night: Barboza vs. Murphy
2024-05-18T18:00:00Z,Sergej Braun,Mohamed Touchassie,False,False,UFC Fight Night: Barboza vs. Murphy
2024-05-18T18:15:00Z,Michael Boapeah,Serkan Ozcaglayan,False,False,UFC Fight Night: Barboza vs. Murphy
2024-05-18T18:30:00Z,Levi Rigters,Nico Horta,False,False,UFC Fight Night: Barboza vs. Murphy
2024-05-18T19:00:00Z,Donovan Wisse,Ulric Bokeme,False,False,UFC Fight Night: Barboza vs. Murphy
2024-05-18T20:45:00Z,Heili Alateng,Kleydson Rodrigues,False,True,UFC Fight Night: Barboza vs. Murphy
2024-05-18T21:20:00Z,Warlley Alves,Abusupyian Magomedov,True,False,UFC Fight Night: Barboza vs. Murphy
2024-05-11T17:00:00Z,Adrianna Kreft,Mafalda Carmona,False,False,UFC Fight Night: Lewis vs. Nascimento
2024-05-11T17:00:00Z,Kacper Formela,Ahmed Vila,False,False,UFC Fight Night: Lewis vs. Nascimento
2024-05-11T17:00:00Z,Arkadiusz Wrzosek,Artur Szpilka,False,False,UFC Fight Night: Lewis vs. Nascimento
2024-05-11T17:00:00Z,Michal Michalski,Bartosz Leśko,False,False,UFC Fight Night: Lewis vs. Nascimento
2024-05-11T17:00:00Z,Dawid Kareta,Danu Tarchila,False,False,UFC Fight Night: Lewis vs. Nascimento
2024-05-11T17:00:00Z,Filip Stawowy,Ivan Vitasović,False,False,UFC Fight Night: Lewis vs. Nascimento
2024-05-11T17:00:00Z,Patryk Tołkaczewski,Michał Turyński,False,False,UFC Fight Night: Lewis vs. Nascimento
2024-05-11T17:00:00Z,Robert Ruchala,Patryk Kaczmarczyk,True,False,UFC Fight Night: Lewis vs. Nascimento
2024-05-11T17:00:00Z,Ricardo Prasel,Tefan Vojcak,True,False,UFC Fight Night: Lewis vs. Nascimento
2024-05-11T19:00:00Z,Adrian Bartosinski,Igor Michaliszyn,False,False,UFC Fight Night: Lewis vs. Nascimento
2024-05-11T21:35:00Z,Tecia Torres,Tabatha Ricci,False,True,UFC Fight Night: Lewis vs. Nascimento
2024-05-05T02:00:00Z,Jonathan Martinez,José Aldo,True,False,UFC 301: Pantoja vs. Erceg
2024-05-05T04:15:00Z,Alexandre Pantoja,Stephen Erceg,True,False,UFC 301: Pantoja vs. Erceg
2024-04-27T16:30:00Z,Robin Ciric,Diaguely Camara,False,False,UFC Fight Night: Nicolau vs. Perez
2024-04-27T16:30:00Z,Florian Kroger,Ramy Deghir,False,False,UFC Fight Night: Nicolau vs. Perez
2024-04-27T16:30:00Z,Ismael Ouzgni,Mehdi Ait El Hadj,False,False,UFC Fight Night: Nicolau vs. Perez
2024-04-27T18:00:00Z,David Meija,Bobo Sacko,False,False,UFC Fight Night: Nicolau vs. Perez
2024-04-27T18:00:00Z,Soufian-Aoulad Abdelkhalek,Cyril Benzaquen,False,False,UFC Fight Night: Nicolau vs. Perez
2024-04-27T18:00:00Z,Mohamed Amine,Pascal Touré,False,False,UFC Fight Night: Nicolau vs. Perez
2024-04-27T18:00:00Z,Sofian Laïdouni,Vladimir Toktasynov,False,False,UFC Fight Night: Nicolau vs. Perez
2024-04-27T18:00:00Z,Youssef Boughanem,Stanislav Kazantsev,False,False,UFC Fight Night: Nicolau vs. Perez
2024-04-27T19:00:00Z,Bahram Rajabzadeh,Kevin Oumar,False,False,UFC Fight Night: Nicolau vs. Perez
2024-04-27T19:30:00Z,Endy Semeleer,Chico Kwasi,False,False,UFC Fight Night: Nicolau vs. Perez
2024-04-28T01:45:00Z,Ariane Lipski,Karine Silva,False,True,UFC Fight Night: Nicolau vs. Perez
2024-04-13T22:41:00Z,Jim Miller,Bobby Green,True,False,UFC 300: Pereira vs. Hill
2024-04-06T17:00:00Z,Alfan Rocher-Labes,Kenji Bortoluzzi,False,False,UFC Fight Night: Allen vs. Curtis 2
2024-04-06T17:00:00Z,Aymard Guih,Francisco Albano Barrio,False,False,UFC Fight Night: Allen vs. Curtis 2
2024-04-06T17:00:00Z,Dara Ward,Ben Petches Kelly,False,False,UFC Fight Night: Allen vs. Curtis 2
2024-04-06T17:00:00Z,Laïd Zerhouni,Boubacar Niakate,False,False,UFC Fight Night: Allen vs. Curtis 2
2024-04-06T17:00:00Z,Ciaran Brady,Tomasz Zdanowski,False,False,UFC Fight Night: Allen vs. Curtis 2
2024-04-06T17:00:00Z,Eimear Darcy,Jenny Line,False,False,UFC Fight Night: Allen vs. Curtis 2
2024-04-06T17:00:00Z,Scott Harvey,Enrico Di Gangi,False,False,UFC Fight Night: Allen vs. Curtis 2
2024-04-06T17:00:00Z,Flore Hani,Sandra Succar,False,False,UFC Fight Night: Allen vs. Curtis 2
2024-04-06T17:00:00Z,Hadji Ndiaye,Nicolae Bivol,False,False,UFC Fight Night: Allen vs. Curtis 2
2024-04-06T17:00:00Z,Solomon Simon,Ieuan Mackenzie,False,False,UFC Fight Night: Allen vs. Curtis 2
2024-04-06T17:00:00Z,Jamie Abbott,Pawel Jezierski,False,False,UFC Fight Night: Allen vs. Curtis 2
2024-04-06T17:00:00Z,Sineadh Ni Nuallain,Jennifer Trioreau,False,False,UFC Fight Night: Allen vs. Curtis 2
2024-04-06T17:00:00Z,Ryan Shelley,Kallum Parker,False,False,UFC Fight Night: Allen vs. Curtis 2
2024-04-06T17:00:00Z,Matthew Elliott,Valentino Riva,False,False,UFC Fight Night: Allen vs. Curtis 2
2024-04-06T17:00:00Z,Prince Aounallah,Michal Martínek,False,True,UFC Fight Night: Allen vs. Curtis 2
2024-04-06T18:00:00Z,Madars Fleminas,Artur Szczepaniak,False,False,UFC Fight Night: Allen vs. Curtis 2
2024-04-06T18:00:00Z,Wilson Varela,Marian Ziolkowski,False,False,UFC Fight Night: Allen vs. Curtis 2
2024-04-06T19:15:00Z,Nora Cornolle,Melissa Dixon,True,False,UFC Fight Night: Allen vs. Curtis 2
2024-04-06T20:00:00Z,Decky McAleenan,Ville Mankinen,False,False,UFC Fight Night: Allen vs. Curtis 2
2024-04-06T20:00:00Z,Paul Hughes,Fabiano Silva,False,True,UFC Fight Night: Allen vs. Curtis 2
2024-04-06T20:00:00Z,Ger Harris,Gregory Wamytan,True,False,UFC Fight Night: Allen vs. Curtis 2
2024-04-06T20:00:00Z,Taka Mhandu,Rory Evans,False,False,UFC Fight Night: Allen vs. Curtis 2
2024-04-06T20:00:00Z,Salahdine Parnasse,Valeriu Mircea,True,False,UFC Fight Night: Allen vs. Curtis 2
2024-04-06T20:15:00Z,Jean Matsumoto,Daniel Argueta,True,False,UFC Fight Night: Allen vs. Curtis 2
2024-04-06T21:00:00Z,James Sheehan,Daniel Konrad,False,False,UFC Fight Night: Allen vs. Curtis 2
2024-04-06T23:15:00Z,Jose Mariscal,Morgan Charriere,False,True,UFC Fight Night: Allen vs. Curtis 2
2024-04-06T23:45:00Z,Alex Hernandez,Damon Jackson,False,True,UFC Fight Night: Allen vs. Curtis 2
2024-03-30T18:00:00Z,Aaron Johnson,Ermil Xhaferi,False,False,UFC Fight Night: Blanchfield vs. Fiorot
2024-03-30T18:00:00Z,Tom Creasey,Amir Malekpour,False,False,UFC Fight Night: Blanchfield vs. Fiorot
2024-03-30T18:00:00Z,Mitchell Goode,Angus Hewett,False,False,UFC Fight Night: Blanchfield vs. Fiorot
2024-03-30T18:00:00Z,Thomas Paull,Dimitry Solimeis,True,False,UFC Fight Night: Blanchfield vs. Fiorot
2024-03-30T18:00:00Z,Jawany Scott,Jean Matos,False,False,UFC Fight Night: Blanchfield vs. Fiorot
2024-03-30T18:00:00Z,Jimmy Quinn,Yohan Salvador,True,False,UFC Fight Night: Blanchfield vs. Fiorot
2024-03-30T18:00:00Z,Joshua Onwordi,Mariusz Mikolajewski,False,False,UFC Fight Night: Blanchfield vs. Fiorot
2024-03-30T18:00:00Z,Tariq Pell,Shaun Fraser,False,False,UFC Fight Night: Blanchfield vs. Fiorot
2024-03-30T18:00:00Z,Tommy Brunning,Simon Kevin,False,False,UFC Fight Night: Blanchfield vs. Fiorot
2024-03-30T20:00:00Z,Darren Stewart,Carlos Pereira,True,False,UFC Fight Night: Blanchfield vs. Fiorot
2024-03-30T20:00:00Z,Jamie Richardson,Olli Santalahti,False,False,UFC Fight Night: Blanchfield vs. Fiorot
2024-03-30T20:00:00Z,Will Currie,Leon Aliu,True,True,UFC Fight Night: Blanchfield vs. Fiorot
2024-03-30T20:00:00Z,Lone'er Kavanagh,Shawn Marcos Da Silva,True,False,UFC Fight Night: Blanchfield vs. Fiorot
2024-03-30T21:00:00Z,Jordan Vucenic,Simone D'Anna,True,False,UFC Fight Night: Blanchfield vs. Fiorot
2024-03-30T23:00:00Z,Virna Jandiroba,Lupita Godinez,True,False,UFC Fight Night: Blanchfield vs. Fiorot
2024-03-30T23:00:00Z,Melissa Gatto,Viktoriya Dudakova,True,True,UFC Fight Night: Blanchfield vs. Fiorot
2024-03-31T02:00:00Z,Bruno Silva,Chris Weidman,True,True,UFC Fight Night: Blanchfield vs. Fiorot
2024-03-23T17:00:00Z,João Moraes,Esteferson Da Silva,False,False,UFC Fight Night: Ribas vs. Namajunas
2024-03-23T20:00:00Z,Jose Delano,Alan Villalba,True,False,UFC Fight Night: Ribas vs. Namajunas
2024-03-23T20:00:00Z,Augusto Matias,Richard Martins,False,False,UFC Fight Night: Ribas vs. Namajunas
2024-03-23T21:00:00Z,Geraldo Neto,Vanilto Antunes,False,True,UFC Fight Night: Ribas vs. Namajunas
2024-03-23T23:15:00Z,Mohammed Usman,Michael Parkin,True,False,UFC Fight Night: Ribas vs. Namajunas
2024-03-23T23:35:00Z,Andre Lima,Igor da Silva,True,False,UFC Fight Night: Ribas vs. Namajunas
2024-03-24T00:15:00Z,Montserrat Rendon,Darya Zheleznyakova,False,False,UFC Fight Night: Ribas vs. Namajunas
2024-03-24T03:00:00Z,Edmen Shahbazyan,Aj Dobson,True,False,UFC Fight Night: Ribas vs. Namajunas
2024-03-16T18:00:00Z,Wiktor Zalewski,Adrian Zielinski,False,False,UFC Fight Night: Tuivasa vs. Tybura
2024-03-16T18:00:00Z,Damian Mieczkowski,David Hosek,False,False,UFC Fight Night: Tuivasa vs. Tybura
2024-03-16T18:00:00Z,Daniel Rutkowski,Julio Cesar Neves,False,True,UFC Fight Night: Tuivasa vs. Tybura
2024-03-16T18:00:00Z,Kamil Szkaradek,Miljan Zdravkovic,False,False,UFC Fight Night: Tuivasa vs. Tybura
2024-03-16T18:00:00Z,Maciej Jewtuszko,Marius Žaromskis,True,True,UFC Fight Night: Tuivasa vs. Tybura
2024-03-16T18:00:00Z,Oskar Szczepaniak,Michal Gniady,False,False,UFC Fight Night: Tuivasa vs. Tybura
2024-03-16T18:00:00Z,Piotr Kuberski,Michal Materla,False,False,UFC Fight Night: Tuivasa vs. Tybura
2024-03-16T18:00:00Z,Tomasz Jakubiec,Wojciech Janusz,False,False,UFC Fight Night: Tuivasa vs. Tybura
2024-03-16T18:30:00Z,Andy Yates,Christian Tebbett,False,False,UFC Fight Night: Tuivasa vs. Tybura
2024-03-16T18:30:00Z,Antonio Sheldon,Tom Mearns,False,False,UFC Fight Night: Tuivasa vs. Tybura
2024-03-16T18:30:00Z,Fran Breen,Costin Buhna,False,False,UFC Fight Night: Tuivasa vs. Tybura
2024-03-16T18:30:00Z,Tom Nicholls Burton,Craig Rawlins,False,False,UFC Fight Night: Tuivasa vs. Tybura
2024-03-16T18:30:00Z,Liam Gittins,Roberto Hernandez,False,False,UFC Fight Night: Tuivasa vs. Tybura
2024-03-16T18:30:00Z,Qendrim Pallata,Mario Mingaj,False,True,UFC Fight Night: Tuivasa vs. Tybura
2024-03-16T18:30:00Z,Sheldon Ryan,Michelangelo Lupoli,False,False,UFC Fight Night: Tuivasa vs. Tybura
2024-03-16T20:00:00Z,Jakub Wiklacz,Zuriko Jojua,True,False,UFC Fight Night: Tuivasa vs. Tybura
2024-03-16T21:00:00Z,Adam Cullen,Harel Cohen,False,False,UFC Fight Night: Tuivasa vs. Tybura
2024-03-16T21:00:00Z,Sam Kelly,Alessandro Giordano,False,False,UFC Fight Night: Tuivasa vs. Tybura
2024-03-16T21:00:00Z,James Power,Gianluca Rocca,False,False,UFC Fight Night: Tuivasa vs. Tybura
2024-03-16T22:00:00Z,Andrew Clamp,Matty Byfield,False,False,UFC Fight Night: Tuivasa vs. Tybura
2024-03-17T00:30:00Z,Ovince St. Preux,Kennedy Nzechukwu,False,True,UFC Fight Night: Tuivasa vs. Tybura
2024-03-09T18:00:00Z,Kevin Tariq Osaro,Bahram Rajabzadeh,False,False,UFC 299: O'Malley vs. Vera 2
2024-03-09T18:00:00Z,Nabil Khachab,Benjamin Adegbuyi,False,False,UFC 299: O'Malley vs. Vera 2
2024-03-09T18:00:00Z,Donegi Abena,Tarik Khbabez,False,False,UFC 299: O'Malley vs. Vera 2
2024-03-09T18:00:00Z,Tyjani Beztati,Enriko Kehl,False,False,UFC 299: O'Malley vs. Vera 2
2024-03-09T18:00:00Z,Ivan Galaz,Iliass Hammouche,False,False,UFC 299: O'Malley vs. Vera 2
2024-03-09T18:00:00Z,Levi Rigters,Uku Jurjendal,False,False,UFC 299: O'Malley vs. Vera 2
2024-03-09T18:00:00Z,Rico Verhoeven,Sofian Laïdouni,False,False,UFC 299: O'Malley vs. Vera 2
2024-03-10T02:11:00Z,Katlyn Chookagian,Maycee Barber,False,True,UFC 299: O'Malley vs. Vera 2
2024-03-02T22:00:00Z,Matt Schnell,Stephen Erceg,True,False,UFC Fight Night: Rozenstruik vs. Gaziev
2024-02-24T17:00:00Z,Kevin Osorio,Abdulaziz Husein,False,False,UFC Fight Night: Moreno vs. Royval 2
2024-02-24T17:00:00Z,Enes Kollari,Abubakr Abdulhalakovv,False,False,UFC Fight Night: Moreno vs. Royval 2
2024-02-24T17:00:00Z,Baysangur Makaev,Erik Wahrolen,False,False,UFC Fight Night: Moreno vs. Royval 2
2024-02-24T17:00:00Z,Christian Stigenberg,Moein Ahmadi,False,False,UFC Fight Night: Moreno vs. Royval 2
2024-02-24T17:00:00Z,Martin Corney,David Hidalgo,False,False,UFC Fight Night: Moreno vs. Royval 2
2024-02-24T17:00:00Z,Tuomas Gronvall,Enrique Hecher Sosa,False,True,UFC Fight Night: Moreno vs. Royval 2
2024-02-24T17:00:00Z,Kevin Mickelsson,Fredrik Ljunglund,False,False,UFC Fight Night: Moreno vs. Royval 2
2024-02-24T17:00:00Z,Wasiu Adeshina,Luka Giorgadze,False,False,UFC Fight Night: Moreno vs. Royval 2
2024-02-24T17:00:00Z,Sevan Madenjian,Mashrab Mamadaliyev,False,False,UFC Fight Night: Moreno vs. Royval 2
2024-02-24T17:00:00Z,Zelim Zubairaev,Mika Kallio,False,False,UFC Fight Night: Moreno vs. Royval 2
2024-02-24T17:00:00Z,Waltteri Hakkinen,Raymond Johansson,False,False,UFC Fight Night: Moreno vs. Royval 2
2024-02-24T17:00:00Z,Renato Vidovic,Rohullah Yousofi,False,False,UFC Fight Night: Moreno vs. Royval 2
2024-02-24T17:30:00Z,Aaron Pico,Henry Corrales,True,True,UFC Fight Night: Moreno vs. Royval 2
2024-02-24T17:30:00Z,Abdullah Al-Qahtani,Edukondala Rao,False,False,UFC Fight Night: Moreno vs. Royval 2
2024-02-24T17:30:00Z,Biaggio Ali Walsh,Palacio Emmanuel,False,False,UFC Fight Night: Moreno vs. Royval 2
2024-02-24T17:30:00Z,Claressa Shields,Kelsey De Santis,False,False,UFC Fight Night: Moreno vs. Royval 2
2024-02-24T18:00:00Z,Ivan Erslan,Bogdan Gnidko,True,False,UFC Fight Night: Moreno vs. Royval 2
2024-02-24T18:00:00Z,Damian Piwowarczyk,Kleber Silva,True,False,UFC Fight Night: Moreno vs. Royval 2
2024-02-24T18:00:00Z,Rafał Haratyk,Marcin Wojcik,False,False,UFC Fight Night: Moreno vs. Royval 2
2024-02-24T20:15:00Z,Clay Collard,AJ McKee,True,True,UFC Fight Night: Moreno vs. Royval 2
2024-02-24T20:45:00Z,Thiago Santos,Yoel Romero,True,True,UFC Fight Night: Moreno vs. Royval 2
2024-02-24T21:15:00Z,Bruno Cappelozza,Vadim Nemkov,False,False,UFC Fight Night: Moreno vs. Royval 2
2024-02-24T21:45:00Z,Ray Cooper III,Jason Jackson,False,True,UFC Fight Night: Moreno vs. Royval 2
2024-02-24T22:15:00Z,Impa Kasanganay,Johnny Eblen,True,False,UFC Fight Night: Moreno vs. Royval 2
2024-02-24T23:30:00Z,Renan Ferreira,Ryan Bader,False,True,UFC Fight Night: Moreno vs. Royval 2
2024-02-25T01:00:00Z,Denys Bondar,Luis Rodriguez,True,False,UFC Fight Night: Moreno vs. Royval 2
2024-02-25T01:50:00Z,Daniel Da Silva,Edgar Chairez,False,True,UFC Fight Night: Moreno vs. Royval 2
2024-02-25T02:25:00Z,Jesus Santos Aguilar,Mateus Mendonca,False,True,UFC Fight Night: Moreno vs. Royval 2
2024-02-25T04:15:00Z,Raul Rosas Jr,Ricky Turcios,True,True,UFC Fight Night: Moreno vs. Royval 2
2024-02-17T18:00:00Z,Dominik Humburger,Adrian Dudek,True,False,UFC 298: Volkanovski vs. Topuria
2024-02-17T18:00:00Z,Josef Stummer,Adrian Wieliczko,False,False,UFC 298: Volkanovski vs. Topuria
2024-02-17T18:00:00Z,Vasil Ducar,Dawid Kasperski,False,False,UFC 298: Volkanovski vs. Topuria
2024-02-17T18:00:00Z,Matúš Juráček,Henry Fadipe,False,False,UFC 298: Volkanovski vs. Topuria
2024-02-17T18:00:00Z,Viktor Červinský,Kacper Koziorzębski,False,False,UFC 298: Volkanovski vs. Topuria
2024-02-17T18:00:00Z,Lukasz Charzewski,Michał Sobiech,False,False,UFC 298: Volkanovski vs. Topuria
2024-02-17T18:00:00Z,Mariusz Joniak,Tobiasz Le,False,False,UFC 298: Volkanovski vs. Topuria
2024-02-17T18:00:00Z,Petra Castkova,Wiktoria Czyżewska,False,False,UFC 298: Volkanovski vs. Topuria
2024-02-17T19:00:00Z,Leo Brichta,Valeriu Mircea,False,False,UFC 298: Volkanovski vs. Topuria
2024-02-18T00:15:00Z,Valentine Woodburn,Oban Elliott,False,True,UFC 298: Volkanovski vs. Topuria
2024-02-18T04:15:00Z,Geoffrey Neal,Ian Garry,False,False,UFC 298: Volkanovski vs. Topuria
2024-02-18T04:45:00Z,Robert Whittaker,Paulo Henrique Costa,True,True,UFC 298: Volkanovski vs. Topuria
2024-02-18T05:15:00Z,Alex Volkanovski,Ilia Topuria,False,True,UFC 298: Volkanovski vs. Topuria
2024-02-10T21:10:00Z,Daniel Marcos,Aori Qileng,True,False,UFC Fight Night: Hermansson vs. Pyfer
2024-02-10T23:45:00Z,Bolaji Oki,Timothy Cuamba,True,False,UFC Fight Night: Hermansson vs. Pyfer
2024-02-11T02:45:00Z,Jack Hermansson,Joseph Pyfer,True,False,UFC Fight Night: Hermansson vs. Pyfer
2024-02-03T22:26:00Z,Blake Bilder,Jeongyoung Lee,True,False,UFC Fight Night: Dolidze vs. Imavov
2024-01-14T01:45:00Z,Matheus Nicolau,Manel Kape,True,True,UFC Fight Night: Ankalaev vs. Walker 2
2023-12-16T17:00:58Z,Tomasz Romanowski,Damian Janikowski,False,False,UFC 296: Edwards vs. Covington
2023-12-17T01:15:00Z,Ariane Lipski,Casey O'Neill,False,True,UFC 296: Edwards vs. Covington
2023-12-10T04:15:00Z,Su Mudaerji,Tim Elliott,False,True,UFC Fight Night: Song vs. Gutierrez
2023-12-02T22:50:00Z,Drakkar Klose,Joseph Solecki,True,False,UFC Fight Night: Dariush vs. Tsarukyan
2023-12-03T02:16:00Z,Bobby Green,Jalin Turner,False,True,UFC Fight Night: Dariush vs. Tsarukyan
2023-11-18T20:30:00Z,Michael Parkin,Caio Machado,False,True,UFC Fight Night: Allen vs. Craig
2023-11-12T02:14:00Z,Tabatha Ricci,Lupita Godinez,True,False,UFC 295: Prochazka vs. Pereira
2023-11-12T02:44:00Z,Alessandro Costa,Stephen Erceg,True,False,UFC 295: Prochazka vs. Pereira
2023-11-05T01:15:00Z,Armen Petrosyan,Rodolfo Vieira,True,True,UFC Fight Night: Almeida vs. Lewis
2023-11-05T01:45:00Z,Abusupyian Magomedov,Caio Borralho,False,True,UFC Fight Night: Almeida vs. Lewis
2023-10-21T14:10:00Z,Shara Magomedov,Bruno Silva,True,True,UFC 294: Makhachev vs. Volkanovski 2
2023-10-21T20:30:00Z,Islam Makhachev,Alex Volkanovski,True,False,UFC 294: Makhachev vs. Volkanovski 2
2023-10-14T20:44:00Z,Chris Gutierrez,Heili Alateng,True,False,UFC Fight Night: Yusuff vs. Barboza
2023-10-14T21:14:00Z,Melissa Dixon,Irina Alekseeva,False,True,UFC Fight Night: Yusuff vs. Barboza
2023-10-14T23:45:00Z,Edgar Chairez,Daniel Da Silva,True,False,UFC Fight Night: Yusuff vs. Barboza
2023-10-07T20:45:10Z,Aori Qileng,Johnny Munoz,False,True,UFC Fight Night: Dawson vs. Green
2023-10-07T21:45:10Z,Nathan Maness,Mateus Mendonca,False,True,UFC Fight Night: Dawson vs. Green
2023-10-07T22:30:00Z,Bobby Seronio III,Alberto Garcia,False,False,UFC Fight Night: Dawson vs. Green
2023-10-07T22:30:00Z,Bryce Meredith,Miguel Peimbert,False,False,UFC Fight Night: Dawson vs. Green
2023-10-07T22:30:00Z,Davion Franklin,Slim Trabelsi,False,True,UFC Fight Night: Dawson vs. Green
2023-10-07T22:30:00Z,Dmytrii Hrytsenko,Justin Montalvo,False,False,UFC Fight Night: Dawson vs. Green
2023-10-07T22:30:00Z,Dovletdzhan Yagshimuradov,Maciej Rozanski,False,False,UFC Fight Night: Dawson vs. Green
2023-10-07T22:30:00Z,Romero Cotton,Grant Neal,False,False,UFC Fight Night: Dawson vs. Green
2023-10-07T22:30:00Z,Henry Corrales,Kai Kamaka,True,True,UFC Fight Night: Dawson vs. Green
2023-10-07T22:30:00Z,Mukhamed Berkhamov,Herman Terrado,False,True,UFC Fight Night: Dawson vs. Green
2023-10-07T22:30:00Z,Ilara Joanne,Jena Bishop,False,False,UFC Fight Night: Dawson vs. Green
2023-10-07T22:30:00Z,Lorrany Santos,Jackie Cataline,False,False,UFC Fight Night: Dawson vs. Green
2023-10-07T22:30:00Z,Sergio Cossio Dominguez,Jesse Roberts,False,False,UFC Fight Night: Dawson vs. Green
2023-10-07T22:30:00Z,Josh Hokit,Spencer Smith,True,False,UFC Fight Night: Dawson vs. Green
2023-10-07T22:30:00Z,Sara McMann,Leah Mccourt,True,False,UFC Fight Night: Dawson vs. Green
2023-10-07T22:45:10Z,Philipe Lins,Ion Cutelaba,True,True,UFC Fight Night: Dawson vs. Green
2023-10-07T23:15:10Z,Alex Hernandez,Bill Algeo,False,True,UFC Fight Night: Dawson vs. Green
2023-10-08T00:45:10Z,Joseph Pyfer,Abdul Razak Alhassan,False,True,UFC Fight Night: Dawson vs. Green
2023-10-08T01:15:10Z,Grant Dawson,Bobby Green,True,False,UFC Fight Night: Dawson vs. Green
2023-10-08T02:15:00Z,Liz Carmouche,Ilima-Lei Macfarlane,True,False,UFC Fight Night: Dawson vs. Green
2023-10-08T03:00:00Z,Cris Cyborg,Cat Zingano,False,True,UFC Fight Night: Dawson vs. Green
2023-10-08T03:10:00Z,Usman Nurmagomedov,Brent Primus,True,True,UFC Fight Night: Dawson vs. Green
2023-09-23T15:05:00Z,Chiara Penco,Mackenzie Stiller,False,False,UFC Fight Night: Fiziev vs. Gamrot
2023-09-23T15:20:00Z,Mark Ewen,Noah Gugnon,False,True,UFC Fight Night: Fiziev vs. Gamrot
2023-09-23T15:40:00Z,Sergei Bilostenniy,Kasim Aras,False,False,UFC Fight Night: Fiziev vs. Gamrot
2023-09-23T16:00:00Z,Nicolo Solli,Romain Debienne,False,False,UFC Fight Night: Fiziev vs. Gamrot
2023-09-23T16:20:00Z,Kenny Mokhonoana,Josh O'Connor,False,False,UFC Fight Night: Fiziev vs. Gamrot
2023-09-23T16:40:00Z,Asael Adjoudj,Ibrahim Al-Faqih Hassan,False,False,UFC Fight Night: Fiziev vs. Gamrot
2023-09-23T16:45:00Z,Davy Gallon,Attila Korkmaz,False,False,UFC Fight Night: Fiziev vs. Gamrot
2023-09-23T17:00:00Z,Brian Moore,Otto Rodrigues,False,False,UFC Fight Night: Fiziev vs. Gamrot
2023-09-23T17:40:00Z,Darragh Kelly,Jelle Zeegers,False,False,UFC Fight Night: Fiziev vs. Gamrot
2023-09-23T17:45:00Z,Khasan Magomedsharipov,Piotr Niedzielski,False,False,UFC Fight Night: Fiziev vs. Gamrot
2023-09-23T18:40:00Z,Ciaran Clarke,Przemyslaw Gorny,False,False,UFC Fight Night: Fiziev vs. Gamrot
2023-09-23T19:00:00Z,Luca Poclit,Roman Faraldo,False,False,UFC Fight Night: Fiziev vs. Gamrot
2023-09-23T19:30:00Z,Charlie Ward,Gregory Babene,True,False,UFC Fight Night: Fiziev vs. Gamrot
2023-09-23T19:40:00Z,Peter Queally,Daniele Miceli,False,False,UFC Fight Night: Fiziev vs. Gamrot
2023-09-23T19:45:00Z,Mansour Barnaoui,Jay Jay Wilson,False,False,UFC Fight Night: Fiziev vs. Gamrot
2023-09-23T20:15:00Z,Levan Chokheli,Sabah Homasi,True,True,UFC Fight Night: Fiziev vs. Gamrot
2023-09-23T20:15:00Z,Montserrat Rendon,Tamires Vidal,False,True,UFC Fight Night: Fiziev vs. Gamrot
2023-09-23T20:45:00Z,Mads Burnell,Daniel Weichel,True,True,UFC Fight Night: Fiziev vs. Gamrot
2023-09-23T21:15:00Z,Sinead Kavanagh,Sara Collins,False,False,UFC Fight Night: Fiziev vs. Gamrot
2023-09-23T21:45:00Z,Aaron Pico,Pedro Carvalho,True,False,UFC Fight Night: Fiziev vs. Gamrot
2023-09-23T22:15:00Z,Johnny Eblen,Fabian Edwards,False,False,UFC Fight Night: Fiziev vs. Gamrot
2023-09-23T22:45:00Z,Daniel Argueta,Miles Johns,False,True,UFC Fight Night: Fiziev vs. Gamrot
2023-09-24T00:15:00Z,Marina Rodriguez,Michelle Waterson,True,False,UFC Fight Night: Fiziev vs. Gamrot
2023-09-17T00:30:00Z,Edgar Chairez,Daniel Da Silva,True,False,UFC Fight Night: Grasso vs. Shevchenko 2
2023-09-17T01:45:44Z,Lupita Godinez,Elise Reed,False,True,UFC Fight Night: Grasso vs. Shevchenko 2
2023-09-09T23:41:00Z,Mike Mathetha,Charlie Radtke,False,True,UFC 293: Adesanya vs. Strickland
2023-09-10T01:15:00Z,Jack Jenkins,Jose Mariscal,True,False,UFC 293: Adesanya vs. Strickland
2023-09-10T01:45:00Z,Carlos Ulberg,Da Un Jung,True,False,UFC 293: Adesanya vs. Strickland
2023-09-02T21:46:00Z,Sergey Spivak,Ciryl Gane,False,True,UFC Fight Night: Gane vs. Spivac
2023-08-20T03:16:00Z,Neil Magny,Ian Garry,True,False,UFC 292: Sterling vs. O'Malley
2023-08-12T23:40:00Z,Aj Dobson,Tafon Nchukwi,False,True,UFC Fight Night: Luque vs. Dos Anjos
2023-07-30T02:00:00Z,Tony Ferguson,Bobby Green,True,False,UFC 291: Poirier vs. Gaethje 2
2023-07-30T03:00:00Z,Andrey Koreshkov,Lorenz Larkin,True,True,UFC 291: Poirier vs. Gaethje 2
2023-07-30T03:00:00Z,Danny Sabatello,Magomed Magomedov,True,False,UFC 291: Poirier vs. Gaethje 2
2023-07-30T03:00:00Z,Kana Watanabe,Veta Arteaga,False,True,UFC 291: Poirier vs. Gaethje 2
2023-07-30T03:00:00Z,Kyoji Horiguchi,Makoto Shinryu,True,False,UFC 291: Poirier vs. Gaethje 2
2023-07-30T03:30:00Z,Patricky Pitbull,Roberto De Souza,False,False,UFC 291: Poirier vs. Gaethje 2
2023-07-22T17:50:00Z,Michael Parkin,Jamal Pogues,False,True,UFC Fight Night: Aspinall vs. Tybura
2023-07-15T17:00:00Z,Nemanja Nikolic,Bartosz Leśko,False,False,UFC Fight Night: Holm vs. Bueno Silva
2023-07-15T17:00:00Z,Borys Dzikowski,Damian Mieczkowski,False,False,UFC Fight Night: Holm vs. Bueno Silva
2023-07-15T17:00:00Z,Bruno Santos,Gustavo Oliveira,True,False,UFC Fight Night: Holm vs. Bueno Silva
2023-07-15T17:00:00Z,Pascal Hintzen,Damian Stasiak,False,True,UFC Fight Night: Holm vs. Bueno Silva
2023-07-15T17:00:00Z,Henry Fadipe,Krystian Kaszubowski,False,False,UFC Fight Night: Holm vs. Bueno Silva
2023-07-15T17:00:00Z,Patryk Chrobak,Miłosz Melchert,False,False,UFC Fight Night: Holm vs. Bueno Silva
2023-07-15T17:30:00Z,Cezariusz Kęsik,Damian Janikowski,False,False,UFC Fight Night: Holm vs. Bueno Silva
2023-07-15T17:30:00Z,Darko Stosic,Tefan Vojcak,True,False,UFC Fight Night: Holm vs. Bueno Silva
2023-07-15T17:30:00Z,Islam Djabrailov,Sebastian Przybysz,False,False,UFC Fight Night: Holm vs. Bueno Silva
2023-07-15T18:00:00Z,Phil De Fries,Szymon Bajor,True,False,UFC Fight Night: Holm vs. Bueno Silva
2023-07-15T23:00:00Z,Carl Deaton,Alex Munoz,True,False,UFC Fight Night: Holm vs. Bueno Silva
2023-07-08T22:45:51Z,Shannon Ross,Jesus Santos Aguilar,True,False,UFC 290: Volkanovski vs. Rodriguez
2023-07-09T02:10:00Z,Bo Nickal,Valentine Woodburn,True,False,UFC 290: Volkanovski vs. Rodriguez
2023-07-09T02:40:00Z,Jalin Turner,Daniel Hooker,True,False,UFC 290: Volkanovski vs. Rodriguez
2023-07-09T04:00:00Z,Alex Volkanovski,Yair Rodriguez,False,True,UFC 290: Volkanovski vs. Rodriguez
2023-07-02T00:14:00Z,Ariane Lipski,Melissa Gatto,False,True,UFC Fight Night: Strickland vs. Magomedov
2023-07-02T01:35:00Z,Sean Strickland,Abusupyian Magomedov,True,False,UFC Fight Night: Strickland vs. Magomedov
2023-06-24T16:45:34Z,Trevor Peek,Jose Mariscal,True,False,UFC Fight Night: Emmett vs. Topuria
2023-06-24T19:15:00Z,Brendan Allen,Bruno Silva,True,True,UFC Fight Night: Emmett vs. Topuria
2023-06-17T23:45:00Z,Ronnie Lawrence,Daniel Argueta,True,False,UFC Fight Night: Vettori vs. Cannonier
2023-06-18T03:30:00Z,Armen Petrosyan,Chris Duncan,True,True,UFC Fight Night: Vettori vs. Cannonier
2023-06-10T23:35:00Z,David Dvorak,Stephen Erceg,True,False,UFC 289: Nunes vs. Aldana
2023-06-11T00:00:02Z,Aiemann Zahabi,Aori Qileng,True,False,UFC 289: Nunes vs. Aldana
2023-05-21T00:15:00Z,Emily Ducote,Lupita Godinez,True,False,UFC Fight Night: Dern vs. Hill
2023-05-13T15:40:00Z,Tainara Lisboa,Jessy-Rose Clark,True,False,UFC Fight Night: Rozenstruik vs. Almeida
2023-05-13T16:05:00Z,Bryan Battle,Gabriel Green,True,False,UFC Fight Night: Rozenstruik vs. Almeida
2023-05-13T16:55:00Z,Natan Levy,Pete Rodriguez,True,True,UFC Fight Night: Rozenstruik vs. Almeida
2023-05-13T20:10:00Z,Daniel Rodriguez,Ian Garry,True,False,UFC Fight Night: Rozenstruik vs. Almeida
2023-04-22T20:30:00Z,Priscila Cachoeira,Karine Silva,True,True,UFC Fight Night: Pavlovich vs. Blaydes
2023-04-22T23:55:00Z,Bobby King,Aalon Cruz,False,True,UFC Fight Night: Pavlovich vs. Blaydes
2023-04-22T23:55:00Z,Kai Kamaka,Adli Edwards,True,True,UFC Fight Night: Pavlovich vs. Blaydes
2023-04-22T23:55:00Z,Alexey Shurkevich,Masayuki Kikiuiri,False,False,UFC Fight Night: Pavlovich vs. Blaydes
2023-04-22T23:55:00Z,Ilara Joanne,Bruna Ellen,False,False,UFC Fight Night: Pavlovich vs. Blaydes
2023-04-22T23:55:00Z,Yancy Medeiros,Charlie Leary,True,False,UFC Fight Night: Pavlovich vs. Blaydes
2023-04-22T23:55:00Z,Davion Franklin,Kasim Aras,False,False,UFC Fight Night: Pavlovich vs. Blaydes
2023-04-22T23:55:00Z,Mads Burnell,Justin Gonzales,True,True,UFC Fight Night: Pavlovich vs. Blaydes
2023-04-22T23:55:00Z,Keoni Diggs,Weber Almeida,False,False,UFC Fight Night: Pavlovich vs. Blaydes
2023-04-22T23:55:00Z,Sumiko Inaba,Veta Arteaga,False,True,UFC Fight Night: Pavlovich vs. Blaydes
2023-04-23T00:00:00Z,Aaron Pico,James Gonzalez,True,False,UFC Fight Night: Pavlovich vs. Blaydes
2023-04-23T00:00:00Z,Ilima-Lei Macfarlane,Kana Watanabe,False,False,UFC Fight Night: Pavlovich vs. Blaydes
2023-04-23T00:00:00Z,Raufeon Stots,Patchy Mix,False,True,UFC Fight Night: Pavlovich vs. Blaydes
2023-04-23T00:15:00Z,Jared Gordon,Bobby Green,True,False,UFC Fight Night: Pavlovich vs. Blaydes
2023-04-23T00:45:00Z,Bruno Silva,Brad Tavares,True,True,UFC Fight Night: Pavlovich vs. Blaydes
2023-04-23T03:00:00Z,Ray Borg,Kyoji Horiguchi,True,True,UFC Fight Night: Pavlovich vs. Blaydes
2023-04-08T23:43:00Z,Cynthia Calvillo,Lupita Godinez,True,False,UFC 287: Pereira vs. Adesanya 2
2023-04-09T00:15:00Z,Chase Sherman,Karl Williams,True,True,UFC 287: Pereira vs. Adesanya 2
2023-04-09T00:43:00Z,Gerald Meerschaert,Joseph Pyfer,True,False,UFC 287: Pereira vs. Adesanya 2
2023-04-09T01:13:00Z,Michelle Waterson,Luana Pinheiro,False,True,UFC 287: Pereira vs. Adesanya 2
2023-03-25T21:15:00Z,Daniel Da Silva,CJ Vergara,False,True,UFC Fight Night: Vera vs. Sandhagen
2023-03-25T23:45:00Z,Alex Perez,Manel Kape,True,True,UFC Fight Night: Vera vs. Sandhagen
2023-03-18T17:45:00Z,Veronica Macedo,Juliana Miller,False,True,UFC 286: Edwards vs. Usman 3
2023-03-11T21:20:00Z,Ariane Lipski,J.J. Aldrich,False,True,UFC Fight Night: Yan vs. Dvalishvili
2023-03-12T00:15:00Z,Ricardo Ramos,Austin Lingo,True,True,UFC Fight Night: Yan vs. Dvalishvili
2023-03-05T00:10:00Z,Leomana Martinez,Cameron Saaiman,False,True,UFC 285: Jones vs. Gane
2023-03-05T00:40:00Z,Ian Garry,Kenan Song,False,True,UFC 285: Jones vs. Gane
2023-03-05T04:10:00Z,Geoffrey Neal,Shavkat Rakhmonov,False,True,UFC 285: Jones vs. Gane
2023-02-25T16:30:00Z,Norbert Novenyi Jr.,Andy Manzolo,True,False,UFC Fight Night: Muniz vs. Allen
2023-02-25T16:30:00Z,Asael Adjoudj,Liam Mccracken,False,True,UFC Fight Night: Muniz vs. Allen
2023-02-25T16:30:00Z,Charlie Ward,Mike Shipman,True,False,UFC Fight Night: Muniz vs. Allen
2023-02-25T16:30:00Z,Kenny Mokhonoana,Craig Mcintosh,False,False,UFC Fight Night: Muniz vs. Allen
2023-02-25T16:30:00Z,Daniele Scatizzi,Dmytrii Hrytsenko,False,False,UFC Fight Night: Muniz vs. Allen
2023-02-25T16:30:00Z,Darragh Kelly,Dorval Jordan,False,False,UFC Fight Night: Muniz vs. Allen
2023-02-25T16:30:00Z,Elina Kallionidou,Jena Bishop,False,False,UFC Fight Night: Muniz vs. Allen
2023-02-25T16:30:00Z,Gokhan Saricam,Oleg Popov,True,False,UFC Fight Night: Muniz vs. Allen
2023-02-25T16:30:00Z,Steven Hill,Joel Kouadja,False,False,UFC Fight Night: Muniz vs. Allen
2023-02-25T16:30:00Z,Karl Moore,Maciej Rozanski,False,False,UFC Fight Night: Muniz vs. Allen
2023-02-25T16:30:00Z,Khasan Magomedsharipov,Rafael Hudson,False,False,UFC Fight Night: Muniz vs. Allen
2023-02-25T16:30:00Z,Piotr Niedzielski,Richie Smullen,False,True,UFC Fight Night: Muniz vs. Allen
2023-02-25T19:10:00Z,Brian Moore,Luca Iovine,False,False,UFC Fight Night: Muniz vs. Allen
2023-02-25T21:15:00Z,Ciaran Clarke,Leonardo Sinis,False,False,UFC Fight Night: Muniz vs. Allen
2023-02-25T21:35:00Z,Hailey Cowan,Ailin Perez,True,True,UFC Fight Night: Muniz vs. Allen
2023-02-25T21:45:00Z,Carl Deaton,Joseph Solecki,True,False,UFC Fight Night: Muniz vs. Allen
2023-02-25T21:45:00Z,Sinead Kavanagh,Janay Harding,False,True,UFC Fight Night: Muniz vs. Allen
2023-02-25T22:15:00Z,Peter Queally,Bryce Logan,False,False,UFC Fight Night: Muniz vs. Allen
2023-02-25T22:45:00Z,Pedro Carvalho,Jeremy Kennedy,False,True,UFC Fight Night: Muniz vs. Allen
2023-02-25T23:15:00Z,Yaroslav Amosov,Logan Storley,True,False,UFC Fight Night: Muniz vs. Allen
2023-02-26T02:15:00Z,Ryan Spann,Nikita Krylov,True,True,UFC Fight Night: Muniz vs. Allen
2023-02-18T22:15:00Z,Ovince St. Preux,Philipe Lins,False,True,UFC Fight Night: Andrade vs. Blanchfield
2023-02-19T00:16:00Z,Jim Miller,Alex Hernandez,True,False,UFC Fight Night: Andrade vs. Blanchfield
2023-02-12T05:30:00Z,Islam Makhachev,Alex Volkanovski,True,False,UFC 284: Makhachev vs. Volkanovski
2023-02-04T22:55:00Z,Ethan Hughes,Yusuf Karakaya,False,False,UFC Fight Night: Lewis vs. Spivac
2023-02-04T23:00:00Z,Henry Corrales,Akhmed Magomedov,True,False,UFC Fight Night: Lewis vs. Spivac
2023-02-04T23:00:00Z,Diana Avsaragova,Alejandra Lara,False,False,UFC Fight Night: Lewis vs. Spivac
2023-02-04T23:00:00Z,Chris Gonzalez,Max Rohskopf,False,True,UFC Fight Night: Lewis vs. Spivac
2023-02-04T23:00:00Z,Neiman Gracie,Dante Schiro,True,False,UFC Fight Night: Lewis vs. Spivac
2023-02-04T23:00:00Z,Darrion Caldwell,Nikita Mikhailov,True,False,UFC Fight Night: Lewis vs. Spivac
2023-02-04T23:00:00Z,Grant Neal,Karl Albrektsson,False,False,UFC Fight Night: Lewis vs. Spivac
2023-02-04T23:00:00Z,Jaylon Bates,Jornel Lugo,False,False,UFC Fight Night: Lewis vs. Spivac
2023-02-04T23:00:00Z,Lorenz Larkin,Mukhamed Berkhamov,True,False,UFC Fight Night: Lewis vs. Spivac
2023-02-04T23:10:00Z,Isaiah Hokit,Peter Ishiguro,False,False,UFC Fight Night: Lewis vs. Spivac
2023-02-05T00:45:00Z,Ali Isaev,Steve Mowry,False,False,UFC Fight Night: Lewis vs. Spivac
2023-02-05T01:50:00Z,Darrion Caldwell,Nikita Mikhail,True,False,UFC Fight Night: Lewis vs. Spivac
2023-02-05T02:00:00Z,Johnny Eblen,Anatoly Tokov,False,True,UFC Fight Night: Lewis vs. Spivac
2023-02-05T02:00:00Z,Sabah Homasi,Brennan Ward,True,True,UFC Fight Night: Lewis vs. Spivac
2023-02-05T03:00:00Z,Tatsuro Taira,Jesus Santos Aguilar,True,False,UFC Fight Night: Lewis vs. Spivac
2023-02-05T03:10:00Z,Fedor Emelianenko,Ryan Bader,True,True,UFC Fight Night: Lewis vs. Spivac
2023-02-05T03:15:00Z,Tatsura Taira,Jesus Santos Aguilar,True,False,UFC Fight Night: Lewis vs. Spivac
2023-02-05T04:00:00Z,Mandy Böhm,Ji Yeon Kim,True,True,UFC Fight Night: Lewis vs. Spivac
2023-02-05T05:15:00Z,Jeongyoung Lee,Yi Zha,False,False,UFC Fight Night: Lewis vs. Spivac
2023-02-05T07:45:00Z,Devin Clark,Da Un Jung,True,False,UFC Fight Night: Lewis vs. Spivac
2023-02-05T07:55:00Z,Derrick Lewis,Sergey Spivak,True,False,UFC Fight Night: Lewis vs. Spivac
2023-01-14T21:45:00Z,Nick Aguirre,Daniel Argueta,True,False,UFC Fight Night: Strickland vs. Imavov
2022-12-18T00:45:00Z,Bobby Green,Drew Dober,False,True,UFC Fight Night: Cannonier vs. Strickland
2022-12-11T00:40:00Z,Alex Hernandez,Billy Quarantillo,False,True,UFC 282: Blachowicz vs. Ankalaev
2022-11-19T23:40:00Z,Sergey Spivak,Derrick Lewis,False,True,UFC Fight Night: Nzechukwu vs. Cutelaba
2022-11-13T03:15:00Z,Claudio Puelles,Daniel Hooker,True,False,UFC 281: Adesanya vs. Pereira
2022-11-05T23:45:00Z,Nathan Maness,Tagir Ulanbekov,False,True,UFC Fight Night: Rodriguez vs. Lemos
2022-11-06T00:15:00Z,Chase Sherman,Josh Parisian,True,True,UFC Fight Night: Rodriguez vs. Lemos
2022-10-29T15:30:00Z,Thibault Gouti,Alexis Davis,True,True,UFC Fight Night: Kattar vs. Allen
2022-10-29T15:30:00Z,Andrea Fusi,Steven Hill,False,False,UFC Fight Night: Kattar vs. Allen
2022-10-29T15:30:00Z,Nicolo Solli,Bourama Camara,False,False,UFC Fight Night: Kattar vs. Allen
2022-10-29T15:30:00Z,Manuela Marconetto,Chiara Penco,False,False,UFC Fight Night: Kattar vs. Allen
2022-10-29T15:30:00Z,Kamil Oniszczuk,Costello Van Steenis,False,False,UFC Fight Night: Kattar vs. Allen
2022-10-29T15:30:00Z,Davy Gallon,Daniele Scatizzi,False,False,UFC Fight Night: Kattar vs. Allen
2022-10-29T15:30:00Z,Dragos Zubco,Simon Biyong,False,True,UFC Fight Night: Kattar vs. Allen
2022-10-29T15:30:00Z,Walter Cogliandro,Yves Landu,False,False,UFC Fight Night: Kattar vs. Allen
2022-10-29T19:00:00Z,Mansour Barnaoui,Adam Piccolotti,False,True,UFC Fight Night: Kattar vs. Allen
2022-10-29T19:00:00Z,Tim Wilde,Saul Rogers,False,False,UFC Fight Night: Kattar vs. Allen
2022-10-29T20:15:00Z,Justin Gonzales,Andrew Fisher,True,False,UFC Fight Night: Kattar vs. Allen
2022-10-29T21:15:00Z,Fabian Edwards,Charlie Ward,False,True,UFC Fight Night: Kattar vs. Allen
2022-10-22T15:45:00Z,Armen Petrosyan,Aj Dobson,True,False,UFC 280: Oliveira vs. Makhachev
2022-10-22T18:15:00Z,Manon Fiorot,Katlyn Chookagian,True,False,UFC 280: Oliveira vs. Makhachev
2022-10-15T23:00:00Z,Brandon Davis,Leomana Martinez,True,False,UFC Fight Night: Grasso vs. Araujo
2022-10-01T21:15:00Z,Philipe Lins,Maxim Grishin,True,True,UFC Fight Night: Dern vs. Yan
2022-10-01T22:00:00Z,Khadzhi Bestaev,Khalid Murtazaliev,True,True,UFC Fight Night: Dern vs. Yan
2022-10-01T23:00:00Z,Bobby Seronio III,Miguel Peimbert|,False,False,UFC Fight Night: Dern vs. Yan
2022-10-01T23:00:00Z,Richard Palencia,Cee Jay Hamilton,False,False,UFC Fight Night: Dern vs. Yan
2022-10-01T23:00:00Z,Lance Gibson Jr,Dominic Clark,True,True,UFC Fight Night: Dern vs. Yan
2022-10-01T23:00:00Z,Islam Mamedov,Nick Browne,False,False,UFC Fight Night: Dern vs. Yan
2022-10-01T23:00:00Z,Jay Jay Wilson,Vladimir Tokov,False,False,UFC Fight Night: Dern vs. Yan
2022-10-01T23:00:00Z,Keoni Diggs,Ricardo Seixas,False,False,UFC Fight Night: Dern vs. Yan
2022-10-01T23:00:00Z,Max Rohskopf,Mike Hamel,True,False,UFC Fight Night: Dern vs. Yan
2022-10-01T23:00:00Z,Sumiko Inaba,Nadine Mandiau,False,False,UFC Fight Night: Dern vs. Yan
2022-10-01T23:00:00Z,Weber Almeida,Ryan Lilley,False,False,UFC Fight Night: Dern vs. Yan
2022-10-02T02:00:00Z,Juan Archuleta,Enrique Barzola,False,True,UFC Fight Night: Dern vs. Yan
2022-10-02T02:10:00Z,Spike Carlyle,AJ McKee,True,True,UFC Fight Night: Dern vs. Yan
2022-10-02T02:15:00Z,Aaron Pico,Jeremy Kennedy,True,True,UFC Fight Night: Dern vs. Yan
2022-10-02T02:30:00Z,Patricio Freire,Adam Borics,False,False,UFC Fight Night: Dern vs. Yan
2022-10-02T02:30:00Z,Adam Borics,Patricio Pitbull,False,True,UFC Fight Night: Dern vs. Yan
2022-09-17T23:00:00Z,Alen Amedovski,Joseph Pyfer,True,False,UFC Fight Night: Sandhagen vs. Song
2022-09-10T23:15:00Z,Heili Alateng,Chad Anheliger,False,True,UFC 279: Diaz vs. Ferguson
2022-09-10T16:00:00Z,Emil Weber Meek,Kacper Koziorzębski,False,False,UFC 279: Diaz vs. Ferguson
2022-09-03T18:45:00Z,Dustin Stoltzfus,Abusupyian Magomedov,True,False,UFC Fight Night: Gane vs. Tuivasa
2022-08-21T03:15:00Z,Merab Dvalishvili,José Aldo,True,False,UFC 278: Usman vs. Edwards
2022-08-21T04:00:00Z,Paulo Henrique Costa,Luke Rockhold,True,True,UFC 278: Usman vs. Edwards
2022-08-20T22:35:00Z,Jay Perrin,Aori Qileng,True,False,UFC 278: Usman vs. Edwards
2022-08-20T22:00:00Z,Victor Altamirano,Daniel Da Silva,True,False,UFC 278: Usman vs. Edwards
2022-08-20T18:00:00Z,Ben Sosoli,Benjamin Adegbuyi,True,False,UFC 278: Usman vs. Edwards
2022-08-13T23:15:00Z,Gerald Meerschaert,Bruno Silva,True,True,UFC Fight Night: Vera vs. Cruz
2022-08-13T23:40:00Z,Priscila Cachoeira,Ariane Lipski,True,False,UFC Fight Night: Vera vs. Cruz
2022-08-13T20:00:00Z,Angela Hill,Lupita Godinez,True,False,UFC Fight Night: Vera vs. Cruz
2022-08-07T02:15:00Z,Priscila Cachoeira,Ariane Lipski,True,False,UFC Fight Night: Santos vs. Hill
2022-08-07T02:45:00Z,Sergey Spivak,Augusto Sakai,False,True,UFC Fight Night: Santos vs. Hill
2022-08-07T04:00:00Z,Vicente Luque,Geoffrey Neal,True,False,UFC Fight Night: Santos vs. Hill
2022-08-06T23:55:00Z,Josh Quinlan,Jason Witt,True,True,UFC Fight Night: Santos vs. Hill
2022-07-30T22:15:00Z,Orion Cosce,Mike Mathetha,True,False,UFC 277: Pena vs. Nunes 2
2022-07-16T19:15:00Z,Su Mudaerji,Matt Schnell,False,True,UFC Fight Night: Ortega vs. Rodriguez
2022-07-16T18:45:00Z,Michelle Waterson,Amanda Lemos,False,True,UFC Fight Night: Ortega vs. Rodriguez
2022-07-16T15:00:00Z,Dustin Jacoby,Da Un Jung,True,False,UFC Fight Night: Ortega vs. Rodriguez
2022-07-10T01:45:00Z,Nina Nunes,Cynthia Calvillo,True,True,UFC Fight Night: Dos Anjos vs. Fiziev
2022-07-03T04:00:00Z,Max Holloway,Alex Volkanovski,True,False,UFC 276: Adesanya vs. Cannonier
2022-07-03T00:45:00Z,Ian Garry,Gabriel Green,False,False,UFC 276: Adesanya vs. Cannonier
2022-07-02T22:10:00Z,Julija Stoliarenko,Jessy-Rose Clark,True,False,UFC 276: Adesanya vs. Cannonier
2022-06-25T23:00:00Z,Umar Nurmagomedov,Nathan Maness,True,False,UFC Fight Night: Tsarukyan vs. Gamrot
2022-06-18T17:00:00Z,Marian Ziolkowski,Sebastian Rajewski,False,False,UFC Fight Night: Kattar vs. Emmett
2022-06-19T01:10:00Z,Joe Lauzon,Donald Cerrone,True,True,UFC Fight Night: Kattar vs. Emmett
2022-06-04T19:30:00Z,Damon Jackson,Daniel Argueta,True,False,UFC Fight Night: Volkov vs. Rozenstruik
2022-06-04T19:50:00Z,Joseph Solecki,Alex da Silva,False,True,UFC Fight Night: Volkov vs. Rozenstruik
2022-05-15T03:15:00Z,Katlyn Chookagian,Amanda Ribas,False,True,UFC Fight Night: Blachowicz vs. Rakic
2022-05-08T02:45:00Z,Ovince St. Preux,Mauricio Rua,False,True,UFC 274: Oliveira vs. Gaethje
2022-05-08T02:15:00Z,Joe Lauzon,Donald Cerrone,True,True,UFC 274: Oliveira vs. Gaethje
2022-05-07T22:30:00Z,Lupita Godinez,Ariane Carnelossi,False,True,UFC 274: Oliveira vs. Gaethje
2022-04-30T20:35:00Z,Tatsuro Taira,Carlos Candelario,True,True,UFC Fight Night: Font vs. Vera
2022-04-30T22:50:00Z,Francisco Figueiredo,Daniel Da Silva,True,False,UFC Fight Night: Font vs. Vera
2022-04-30T20:00:00Z,Yohan Lainesse,Gabriel Green,True,False,UFC Fight Night: Font vs. Vera
2022-04-23T23:25:00Z,Cameron Else,Aori Qileng,True,False,UFC Fight Night: Lemos vs. Andrade
2022-04-23T23:00:00Z,Justine Kish,Ilima-Lei Macfarlane,True,False,UFC Fight Night: Lemos vs. Andrade
2022-04-23T23:00:00Z,Arlene Blencowe,Cris Cyborg,True,False,UFC Fight Night: Lemos vs. Andrade
2022-04-23T23:00:00Z,Nainoa Dung,Lance Gibson Jr,False,True,UFC Fight Night: Lemos vs. Andrade
2022-04-23T23:00:00Z,Patchy Mix,Kyoji Horiguchi,True,True,UFC Fight Night: Lemos vs. Andrade
2022-04-23T23:00:00Z,Kai Kamaka,Justin Gonzales,True,True,UFC Fight Night: Lemos vs. Andrade
2022-04-23T23:00:00Z,Rauteon Stots,Juan Archuleta,False,False,UFC Fight Night: Lemos vs. Andrade
2022-04-23T23:00:00Z,Yancy Medeiros,Emmanuel Sanchez,True,True,UFC Fight Night: Lemos vs. Andrade
2022-04-23T23:00:00Z,Levan Chokheli,Goiti Yamauchi,True,True,UFC Fight Night: Lemos vs. Andrade
2022-04-23T23:00:00Z,Janay Harding,Dayana Silva,True,True,UFC Fight Night: Lemos vs. Andrade
2022-04-24T00:30:00Z,Randi Field,Maraya Miller,False,False,UFC Fight Night: Lemos vs. Andrade
2022-04-24T00:30:00Z,Keoni Diggs,Bobby King,False,False,UFC Fight Night: Lemos vs. Andrade
2022-04-23T23:00:00Z,Whittany Pyles,Sumiko Inaba,False,False,UFC Fight Night: Lemos vs. Andrade
2022-04-24T01:00:00Z,Alexander Romanov,Chase Sherman,True,True,UFC Fight Night: Lemos vs. Andrade
2022-04-16T19:00:00Z,Heili Alateng,Kevin Croom,False,True,UFC Fight Night: Luque vs. Muhammad
2022-04-10T03:35:00Z,Chan-Sung Jung,Alex Volkanovski,True,False,UFC 273: Volkanovski vs. The Korean Zombie
2022-04-10T01:40:00Z,Darian Weeks,Ian Garry,True,False,UFC 273: Volkanovski vs. The Korean Zombie
2022-04-10T02:15:00Z,Tecia Torres,Mackenzie Dern,False,True,UFC 273: Volkanovski vs. The Korean Zombie
2022-03-26T23:45:00Z,Ilir Latifi,Aleksei Oleinik,True,True,UFC Fight Night: Blaydes vs. Daukaus
2022-03-19T21:45:00Z,Rodrigo Vargas,Paddy Pimblett,False,True,UFC Fight Night: Volkov vs. Aspinall
2022-03-19T22:15:00Z,Daniel Hooker,Arnold Allen,False,True,UFC Fight Night: Volkov vs. Aspinall
2022-03-13T02:00:00Z,Jay Jay Wilson,Gadzhi Rabadanov,False,False,UFC Fight Night: Santos vs. Ankalaev
2022-03-13T02:00:00Z,Phil Davis,Julius Anglickas,True,True,UFC Fight Night: Santos vs. Ankalaev
2022-03-12T23:00:00Z,Alex Polizzi,Jose Augusto,False,True,UFC Fight Night: Santos vs. Ankalaev
2022-03-13T02:00:00Z,Adam Borics,Mads Burnell,False,True,UFC Fight Night: Santos vs. Ankalaev
2022-03-13T02:00:00Z,John Salter,Johnny Eblen,True,False,UFC Fight Night: Santos vs. Ankalaev
2022-03-12T23:00:00Z,Cody Garbrandt,James Adcock,True,False,UFC Fight Night: Santos vs. Ankalaev
2022-03-12T23:00:00Z,Romero Cotton,Freddy Sandoval,False,False,UFC Fight Night: Santos vs. Ankalaev
2022-03-12T23:00:00Z,Roman Faraldo,Kelvin Rayford,False,False,UFC Fight Night: Santos vs. Ankalaev
2022-03-12T23:00:00Z,Jordan Howard,Trevor Ward,False,False,UFC Fight Night: Santos vs. Ankalaev
2022-03-12T23:00:00Z,Josh Augustine,Josh Weston,False,False,UFC Fight Night: Santos vs. Ankalaev
2022-03-13T00:15:00Z,Bruno Silva,Alex Pereira,True,True,UFC Fight Night: Santos vs. Ankalaev
2022-03-12T22:40:00Z,Kyra Batara,Diana Avsaragova,False,False,UFC Fight Night: Santos vs. Ankalaev
2022-03-06T03:15:00Z,Sergey Spivak,Greg Hardy,False,True,UFC 272: Covington vs. Masvidal
2022-03-06T00:50:00Z,Said Nurmagomedov,Brian Kelleher,True,True,UFC 272: Covington vs. Masvidal
2022-02-26T23:45:00Z,Zhu Rong,Ignacio Bahamondes,False,True,UFC Fight Night: Makhachev vs. Green
2022-02-27T02:30:00Z,Bobby Green,Islam Makhachev,False,True,UFC Fight Night: Makhachev vs. Green
2022-02-19T21:00:00Z,Jessy-Rose Clark,Stephanie Egger,False,True,UFC Fight Night: Walker vs. Hill
2022-02-19T23:00:00Z,Justin Montalvo,Corey Samuels,False,False,UFC Fight Night: Walker vs. Hill
2022-02-19T23:00:00Z,Theodore Macuka,Isaiah Hokit,False,False,UFC Fight Night: Walker vs. Hill
2022-02-19T23:00:00Z,Jaylon Bates,Chris Disonell,False,False,UFC Fight Night: Walker vs. Hill
2022-02-19T23:00:00Z,Brennan Ward,Brandon Bell,True,False,UFC Fight Night: Walker vs. Hill
2022-02-19T23:00:00Z,Bobby King,Aviv Gozali,False,False,UFC Fight Night: Walker vs. Hill
2022-02-19T23:00:00Z,Nick Browne,Mandel Nallo,False,True,UFC Fight Night: Walker vs. Hill
2022-02-20T02:00:00Z,Georgi Karakhanyan,Adam Piccolotti,True,True,UFC Fight Night: Walker vs. Hill
2022-02-20T02:00:00Z,Chance Rencountre,Andrey Koreshkov,True,True,UFC Fight Night: Walker vs. Hill
2022-02-20T02:00:00Z,Said Nurmagomedov,Davion Franklin,True,False,UFC Fight Night: Walker vs. Hill
2022-02-19T23:00:00Z,Orlando Mendoza,Jonathan Di Lorenzo,False,False,UFC Fight Night: Walker vs. Hill
2022-02-20T04:00:00Z,Neiman Gracie,Logan Storley,True,False,UFC Fight Night: Walker vs. Hill
2022-02-19T23:00:00Z,Justine Kish,Deanna Bennett,True,True,UFC Fight Night: Walker vs. Hill
2022-02-19T23:00:00Z,Jordan Newman,Cody Herbert,False,False,UFC Fight Night: Walker vs. Hill
2022-02-12T23:00:00Z,Mike Mathetha,Jeremiah Wells,False,True,UFC 271: Adesanya vs. Whittaker 2
2022-02-13T03:15:00Z,Nasrat Haqparast,Bobby Green,True,False,UFC 271: Adesanya vs. Whittaker 2
2022-02-13T03:45:00Z,Renato Moicano,Alex Hernandez,True,False,UFC 271: Adesanya vs. Whittaker 2
2022-02-13T00:45:00Z,Ronnie Lawrence,Leomana Martinez,True,False,UFC 271: Adesanya vs. Whittaker 2
2022-02-13T00:15:00Z,Jacob Malkoun,Aj Dobson,True,False,UFC 271: Adesanya vs. Whittaker 2
2022-01-15T18:00:00Z,Sebastian Rajewski,Niklas Bäckström,False,False,UFC Fight Night: Kattar vs. Chikadze
2022-01-15T17:00:00Z,Kacper Koziorzębski,Hubert Szymajda,False,False,UFC Fight Night: Kattar vs. Chikadze
2022-01-15T17:00:00Z,Łukasz Rajewski,Donovan Desmae,False,False,UFC Fight Night: Kattar vs. Chikadze
2022-01-15T18:00:00Z,Marian Ziolkowski,Borys Mańkowski,False,False,UFC Fight Night: Kattar vs. Chikadze
2022-01-15T17:00:00Z,Gracjan Szadzinski,Francesco Moricca,False,False,UFC Fight Night: Kattar vs. Chikadze
2022-01-15T18:00:00Z,Tomasz Narkun,Ibragim Chuzhigaev,False,False,UFC Fight Night: Kattar vs. Chikadze
2022-01-15T18:00:00Z,Michal Materla,Jason Radcliffe,False,False,UFC Fight Night: Kattar vs. Chikadze
2022-01-15T17:00:00Z,Patryk Surdyn,David Martnik,False,False,UFC Fight Night: Kattar vs. Chikadze
2022-01-16T01:15:00Z,Katlyn Chookagian,Jennifer Maia,False,True,UFC Fight Night: Kattar vs. Chikadze
2021-12-12T04:15:00Z,Santiago Ponzinibbio,Geoffrey Neal,True,False,UFC 269: Oliveira vs. Poirier
2021-12-12T01:15:00Z,Jordan Wright,Bruno Silva,True,True,UFC 269: Oliveira vs. Poirier
2021-12-05T06:00:00Z,Rob Font,José Aldo,True,False,UFC Fight Night: Font vs. Aldo
2021-11-20T23:45:00Z,Taila Santos,Joanne Calderwood,True,False,UFC Fight Night: Vieira vs. Tate
2021-11-13T18:10:00Z,Kennedy Nzechukwu,Da Un Jung,True,False,UFC Fight Night: Holloway vs. Rodriguez
2021-11-07T01:15:00Z,Bobby Green,Al Iaquinta,False,True,UFC 268: Usman vs. Covington 2
2021-11-07T00:45:00Z,Phil Hawes,Chris Gruetzemacher,True,True,UFC 268: Usman vs. Covington 2
2021-10-30T19:45:00Z,Islam Makhachev,Daniel Hooker,True,False,UFC 267: Blachowicz vs. Teixeira
2021-10-23T23:00:00Z,Marvin Vettori,Paulo Henrique Costa,True,True,UFC Fight Night: Costa vs. Vettori
2021-10-23T21:45:00Z,Joselyne Edwards,Jessy-Rose Clark,True,False,UFC Fight Night: Costa vs. Vettori
2021-10-23T17:30:00Z,Randa Markos,Livia Renata Souza,True,False,UFC Fight Night: Costa vs. Vettori
2021-10-17T00:45:00Z,Antonio Carlos Junior,Andrei Arlovski,True,True,UFC Fight Night: Ladd vs. Dumont
2021-10-16T22:35:00Z,Bruno Silva,Andrew Sanchez,True,True,UFC Fight Night: Ladd vs. Dumont
2021-10-02T22:40:00Z,Joseph Solecki,Jared Gordon,False,True,UFC Fight Night: Santos vs. Walker
2021-09-26T04:45:00Z,Alex Volkanovski,Brian Ortega,False,True,UFC 266: Volkanovski vs. Ortega
2021-09-26T01:15:00Z,Nasrat Haqparast,Daniel Hooker,True,False,UFC 266: Volkanovski vs. Ortega
2021-09-25T22:30:00Z,Matthew Lopez,Martin Sano,True,True,UFC 266: Volkanovski vs. Ortega
2021-09-18T20:30:00Z,Heili Alateng,Gustavo Lopez,False,True,UFC Fight Night: Smith vs. Spann
2021-09-18T23:45:00Z,Tony Gravely,Nathan Maness,True,False,UFC Fight Night: Smith vs. Spann
2021-09-19T00:45:00Z,Mandy Böhm,Ariane Lipski,True,False,UFC Fight Night: Smith vs. Spann
2021-09-04T22:15:00Z,Tom Aspinall,Sergey Spivak,True,False,UFC Fight Night: Brunson vs. Till
2021-08-28T23:35:00Z,Vanessa Melo,J.J. Aldrich,True,True,UFC Fight Night: Barboza vs. Chikadze
2021-08-08T04:00:00Z,José Aldo,Pedro Munhoz,False,True,UFC 265: Lewis vs. Gane
2021-08-08T02:55:00Z,Tecia Torres,Angela Hill,False,True,UFC 265: Lewis vs. Gane
2021-08-08T01:45:00Z,Rafael Fiziev,Bobby Green,True,False,UFC 265: Lewis vs. Gane
2021-08-01T03:15:00Z,Kyung Ho Kang,Rani Yahya,True,True,UFC Fight Night: Hall vs. Strickland
2021-07-18T00:15:00Z,Anderson Dos Santos,Miles Johns,True,True,UFC Fight Night: Makhachev vs. Moises
2021-07-11T02:45:00Z,Yana Kunitskaya,Irene Aldana,False,True,UFC 264: Poirier vs. McGregor 3
2021-06-26T22:15:00Z,Tanner Boser,Ovince St. Preux,True,False,UFC Fight Night: Gane vs. Volkov
2021-06-20T01:15:00Z,Aleksei Oleinik,Sergey Spivak,True,False,UFC Fight Night: Jung vs. Ige
2021-06-19T23:45:00Z,Wellington Turman,Bruno Silva,True,True,UFC Fight Night: Jung vs. Ige
2021-06-19T21:35:00Z,Matthew Lopez,Khaos Williams,True,True,UFC Fight Night: Jung vs. Ige
2021-06-13T00:45:00Z,Lauren Murphy,Joanne Calderwood,True,False,UFC 263: Adesanya vs. Vettori 2
2021-06-12T22:15:00Z,Antonio Carlos Junior,Jake Collier,True,True,UFC 263: Adesanya vs. Vettori 2
2021-06-05T22:55:00Z,Montana De La Rosa,Ariane Lipski,True,False,UFC Fight Night: Rozenstruik vs. Sakai
2021-06-05T21:40:00Z,Jon Jones,Alan Patrick,True,True,UFC Fight Night: Rozenstruik vs. Sakai
2021-06-05T23:15:00Z,Tom Breese,Antonio Arroyo,True,True,UFC Fight Night: Rozenstruik vs. Sakai
2021-05-22T20:40:00Z,Yancy Medeiros,Damir Hadzovic,True,True,UFC Fight Night: Font vs. Garbrandt
2021-05-22T21:30:00Z,Yair Rodriguez,Bruno Silva,True,True,UFC Fight Night: Font vs. Garbrandt
2021-05-16T01:40:00Z,Ronaldo Souza,Andre Muniz,False,True,UFC 262: Oliveira vs. Chandler
2021-05-16T03:15:00Z,Katlyn Chookagian,Viviane Araujo,False,True,UFC 262: Oliveira vs. Chandler
2021-05-08T23:45:00Z,Ben Rothwell,Philipe Lins,True,True,UFC Fight Night: Rodriguez vs. Waterson
2021-05-08T22:05:00Z,Zarrukh Adashev,Ryan Benoit,True,True,UFC Fight Night: Rodriguez vs. Waterson
2021-05-08T23:45:00Z,Angela Hill,Amanda Ribas,True,True,UFC Fight Night: Rodriguez vs. Waterson
2021-05-09T01:35:00Z,Neil Magny,Geoffrey Neal,True,False,UFC Fight Night: Rodriguez vs. Waterson
2021-05-09T02:35:00Z,Marina Rodriguez,Michelle Waterson,True,False,UFC Fight Night: Rodriguez vs. Waterson
2021-05-02T01:10:00Z,Jonathan Pearce,Gabriel Benitez,True,True,UFC Fight Night: Reyes vs. Prochazka
2021-04-18T04:10:00Z,Jeremy Stephens,Drakkar Klose,True,True,UFC Fight Night: Whittaker vs. Gastelum
2021-04-18T02:40:00Z,Luis Pena,Alex Munoz,True,False,UFC Fight Night: Whittaker vs. Gastelum
2021-04-18T02:10:00Z,Bill Algeo,Ricardo Ramos,True,True,UFC Fight Night: Whittaker vs. Gastelum
2021-04-10T19:30:00Z,Nina Ansaroff,Mackenzie Dern,False,True,UFC Fight Night: Vettori vs. Holland
2021-04-10T18:30:00Z,Joseph Solecki,Jim Miller,False,True,UFC Fight Night: Vettori vs. Holland
2021-03-21T04:05:00Z,Brad Riddell,Gregor Gillespie,True,True,UFC Fight Night: Brunson vs. Holland
2021-03-14T02:15:00Z,Jonathan Martinez,David Grant,True,False,UFC Fight Night: Edwards vs. Muhammad
2021-03-13T22:30:00Z,Jinh Yu Frey,Isabella de Padua,True,True,UFC Fight Night: Edwards vs. Muhammad
2021-03-13T22:00:00Z,Matthew Lopez,Jason Witt,True,True,UFC Fight Night: Edwards vs. Muhammad
2021-03-06T23:30:00Z,Livia Renata Souza,Amanda Lemos,False,True,UFC 259: Blachowicz vs. Adesanya
2021-03-07T00:05:00Z,Kennedy Nzechukwu,Antonio Carlos Junior,True,True,UFC 259: Blachowicz vs. Adesanya
2021-02-28T00:45:00Z,Alex Hernandez,Thiago Moises,False,True,UFC Fight Night: Rozenstruik vs. Gane
2021-02-28T01:45:00Z,Angela Hill,Ashley Yoder,True,True,UFC Fight Night: Rozenstruik vs. Gane
2021-02-20T22:40:00Z,Jamall Emmers,Chas Skelly,True,True,UFC Fight Night: Blaydes vs. Lewis
2021-02-20T22:00:00Z,Sergey Spivak,Jared Vanderaa,False,True,UFC Fight Night: Blaydes vs. Lewis
2021-02-21T04:00:00Z,Yana Kunitskaya,Ketlen Vieira,False,True,UFC Fight Night: Blaydes vs. Lewis
2021-02-21T00:30:00Z,Luis Pena,Drakkar Klose,True,True,UFC Fight Night: Blaydes vs. Lewis
2021-02-13T23:30:00Z,Miranda Maverick,Gillian Robertson,True,True,UFC 258: Usman vs. Burns
2021-02-14T00:00:00Z,Gabriel Green,Philip Rowe,False,True,UFC 258: Usman vs. Burns
2021-02-07T02:00:00Z,Askar Askarov,Cody Stamann,True,True,UFC Fight Night: Overeem vs. Volkov
2021-01-24T04:15:00Z,Joanne Calderwood,Jessica Eye,False,True,UFC 257: Poirier vs. McGregor
2021-01-24T04:45:00Z,Michael Chandler,Daniel Hooker,True,False,UFC 257: Poirier vs. McGregor
2021-01-20T15:00:00Z,Jon Jones,Mike Davis,True,True,UFC Fight Night: Chiesa vs. Magny
2021-01-20T16:00:00Z,Zarrukh Adashev,Su Mudaerji,True,False,UFC Fight Night: Chiesa vs. Magny
2021-01-16T18:15:00Z,Justin Tafa,Antonio Carlos Junior,True,True,UFC Fight Night: Holloway vs. Kattar
2020-12-20T04:00:00Z,Stephen Thompson,Geoffrey Neal,True,False,UFC Fight Night: Thompson vs. Neal
2020-12-20T02:15:00Z,Marlon Vera,José Aldo,True,False,UFC Fight Night: Thompson vs. Neal
2020-12-19T22:00:00Z,Badr Hari,Benjamin Adegbuyi,False,False,UFC Fight Night: Thompson vs. Neal
2020-12-19T23:05:00Z,Karl Roberson,Dalcha Lungiambula,True,True,UFC Fight Night: Thompson vs. Neal
2020-12-13T04:00:00Z,Kevin Holland,Ronaldo Souza,True,False,UFC 256: Figueiredo vs. Moreno
2020-12-06T04:00:00Z,Jamahal Hill,Ovince St. Preux,True,False,UFC Fight Night: Hermansson vs. Vettori
2020-12-06T03:00:00Z,Movsar Evloev,Nate Landwehr,True,True,UFC Fight Night: Hermansson vs. Vettori
2020-12-06T01:00:00Z,Cody Durden,Jimmy Flick,True,True,UFC Fight Night: Hermansson vs. Vettori
2020-12-06T01:00:00Z,Louis Smolka,Jose Alberto Quinonez,True,False,UFC Fight Night: Hermansson vs. Vettori
2020-12-06T03:00:00Z,Taila Santos,Montana De La Rosa,True,True,UFC Fight Night: Hermansson vs. Vettori
2020-11-29T00:15:00Z,Luke Sanders,Nathan Maness,True,False,UFC Fight Night: Smith vs. Clark
2020-11-29T00:45:00Z,Su Mudaerji,Malcolm Gordon,False,True,UFC Fight Night: Smith vs. Clark
2020-11-22T01:45:00Z,Ariane Lipski,Antonina Shevchenko,False,True,UFC 255: Figueiredo vs. Perez
2020-11-22T03:45:00Z,Katlyn Chookagian,Cynthia Calvillo,False,True,UFC 255: Figueiredo vs. Perez
2020-11-14T22:30:00Z,Louis Smolka,Jose Alberto Quinonez,True,False,UFC Fight Night: Felder vs. Dos Anjos
2020-11-15T00:00:00Z,Eryk Anders,Antonio Carlos Junior,True,True,UFC Fight Night: Felder vs. Dos Anjos
2020-11-15T00:00:00Z,Antonio Rogerio Nogueira,Eryk Anders,True,True,UFC Fight Night: Felder vs. Dos Anjos
2020-11-08T03:45:00Z,Ian Heinisch,Brendan Allen,True,True,UFC Fight Night: Santos vs. Teixeira
2020-10-31T23:00:00Z,Thiago Moises,Amanda Bobby Cooper,True,True,UFC Fight Night: Hall vs. Silva
2020-10-31T20:20:00Z,Priscila Cachoeira,Cortney Casey,True,True,UFC Fight Night: Hall vs. Silva
2020-10-31T22:30:00Z,Chris Gruetzemacher,Alex Hernandez,True,False,UFC Fight Night: Hall vs. Silva
2020-10-31T20:00:00Z,Miles Johns,Kevin Lee,True,True,UFC Fight Night: Hall vs. Silva
2020-10-24T16:00:00Z,Sam Alvey,Claudio Henrique da Silva,True,True,UFC 254: Khabib vs. Gaethje
2020-10-18T00:00:00Z,Katlyn Chookagian,Jessica Andrade,False,True,UFC Fight Night: Ortega vs. The Korean Zombie
2020-10-10T22:00:00Z,Tagir Ulanbekov,Claudio Henrique da Silva,True,True,UFC Fight Night: Moraes vs. Sandhagen
2020-10-04T03:30:00Z,Yorgan De Castro,Antonio Carlos Junior,True,True,UFC Fight Night: Holm vs. Aldana
2020-10-03T23:50:00Z,Casey Kenney,Heili Alateng,True,False,UFC Fight Night: Holm vs. Aldana
2020-10-04T03:00:00Z,Antonio Carlos Junior,Douglas Silva de Andrade,True,True,UFC Fight Night: Holm vs. Aldana
2020-09-27T04:45:00Z,Israel Adesanya,Paulo Henrique Costa,True,True,UFC 253: Adesanya vs. Costa
2020-09-19T23:30:00Z,Montel Jackson,Mirsad Bektic,True,True,UFC Fight Night: Covington vs. Woodley
2020-09-19T22:00:00Z,Sarah Alpar,Jessy-Rose Clark,True,False,UFC Fight Night: Covington vs. Woodley
2020-09-19T22:35:00Z,Sarah Alpar,Devin Clark,True,True,UFC Fight Night: Covington vs. Woodley
2020-09-12T22:00:00Z,Bryan Barberena,Anthony Rocco Martin,True,True,UFC Fight Night: Waterson vs. Hill
2020-09-13T03:00:00Z,Angela Hill,Michelle Waterson,True,False,UFC Fight Night: Waterson vs. Hill
2020-09-12T22:15:00Z,Alan Patrick,Amanda Bobby Cooper,True,True,UFC Fight Night: Waterson vs. Hill
2020-09-12T21:40:00Z,Anthony Hernandez,Bryan Barberena,True,True,UFC Fight Night: Waterson vs. Hill
2020-09-05T23:00:00Z,Thiago Moises,Jalin Turner,True,True,UFC Fight Night: Overeem vs. Sakai
2020-09-05T22:30:00Z,Alexander Romanov,Marcos Rogerio de Lima,True,True,UFC Fight Night: Overeem vs. Sakai
2020-09-06T02:30:00Z,Ovince St. Preux,Alonzo Menifield,False,True,UFC Fight Night: Overeem vs. Sakai
2020-09-06T00:30:00Z,Kevin Lee,Brian Kelleher,True,True,UFC Fight Night: Overeem vs. Sakai
2020-09-05T23:00:00Z,Khama Worthy,Ottman Azaitar,True,True,UFC Fight Night: Overeem vs. Sakai
2020-08-30T01:00:00Z,Magomed Ankalaev,Ion Cutelaba,True,True,UFC Fight Night: Smith vs. Rakic
2020-08-23T00:00:00Z,Joseph Solecki,Austin Hubbard,False,True,UFC Fight Night: Munhoz vs. Edgar
2020-08-23T02:15:00Z,Ovince St. Preux,Alonzo Menifield,False,True,UFC Fight Night: Munhoz vs. Edgar
2020-08-23T00:45:00Z,Mike Rodriguez,Dwight Grant,True,True,UFC Fight Night: Munhoz vs. Edgar
2020-08-16T00:15:00Z,Ashley Yoder,Livia Renata Souza,True,False,UFC 252: Miocic vs. Cormier 3
2020-08-15T23:30:00Z,Danny Chavez,Matt Brown,True,True,UFC 252: Miocic vs. Cormier 3
2020-08-16T02:00:00Z,Gilbert Burns,Daniel Pineda,True,True,UFC 252: Miocic vs. Cormier 3
2020-08-09T00:00:00Z,Nasrat Haqparast,Alex Volkanovski,True,False,UFC Fight Night: Lewis vs. Oleinik
2020-08-02T01:30:00Z,Gerald Meerschaert,Ed Herman,True,True,UFC Fight Night: Brunson vs. Shahbazyan
2020-08-02T01:00:00Z,Trevin Giles,Kevin Holland,True,True,UFC Fight Night: Brunson vs. Shahbazyan
2020-08-02T02:00:00Z,Amanda Bobby Cooper,Landon Vannata,True,True,UFC Fight Night: Brunson vs. Shahbazyan
2020-08-02T03:00:00Z,Jennifer Maia,Joanne Calderwood,True,False,UFC Fight Night: Brunson vs. Shahbazyan
2020-07-26T02:45:00Z,Mauricio Rua,Antonio Rogerio Nogueira,True,True,UFC Fight Night: Whittaker vs. Till
2020-07-19T00:45:00Z,Ariane Lipski,Luana Carolina,False,True,UFC Fight Night: Figueiredo vs. Benavidez 2
2020-07-18T21:15:00Z,Sergey Spivak,Antonio Carlos Junior,False,True,UFC Fight Night: Figueiredo vs. Benavidez 2
2020-07-18T22:45:00Z,Joel Alvarez,Joseph Duffy,True,False,UFC Fight Night: Figueiredo vs. Benavidez 2
2020-07-15T23:05:00Z,John Phillips,Jack Hermansson,True,True,UFC Fight Night: Kattar vs. Ige
2020-07-16T01:20:00Z,Ricardo Ramos,Lauren Murphy,True,True,UFC Fight Night: Kattar vs. Ige
2020-07-12T03:00:00Z,Petr Yan,José Aldo,True,False,UFC 251: Usman vs. Masvidal
2020-07-12T04:00:00Z,Max Holloway,Alex Volkanovski,True,False,UFC 251: Usman vs. Masvidal
2020-07-11T22:00:00Z,David Grant,Martin Day,False,True,UFC 251: Usman vs. Masvidal
2020-07-12T01:00:00Z,Taila Santos,Muslim Salikhov,True,True,UFC 251: Usman vs. Masvidal
2020-06-28T02:45:00Z,Daniel Hooker,Dustin Poirier,False,True,UFC Fight Night: Poirier vs. Hooker
2020-06-20T23:15:00Z,Wuliji Buren,Tecia Torres,False,False,UFC Fight Night: Blaydes vs. Volkov
2020-06-20T23:45:00Z,Clay Guida,Amanda Bobby Cooper,True,True,UFC Fight Night: Blaydes vs. Volkov
