tree
version=v4
num_class=1
num_tree_per_iteration=1
label_index=0
max_feature_idx=31
objective=binary sigmoid:1
feature_names=diff_age diff_height_cm diff_reach_cm diff_reach_to_height_ratio diff_slpm diff_sapm diff_td_avg_per_15 diff_sub_attempts_per_15 diff_striking_accuracy diff_takedown_accuracy diff_significant_strike_rate diff_striking_defense diff_takedown_defense diff_career_win_pct diff_decision_win_pct diff_decision_loss_pct diff_submission_win_count diff_submission_success_rate diff_finish_rate diff_ko_loss_rate diff_sub_loss_rate diff_total_ufc_fights diff_days_since_last_fight diff_avg_fight_time_seconds diff_title_fight_experience diff_times_knocked_down diff_knockdown_rate diff_control_time_pct diff_time_controlled_pct diff_striking_output_decay diff_takedown_output_decay diff_elo_pre
feature_infos=[-17.763175906913077:17.763175906913077] [-33:33] [-33:33] [-0.15874999999999995:0.15874999999999995] [-42.266666666666666:42.266666666666666] [-39.474747474747474:39.474747474747474] [-41.409033444431671:41.409033444431671] [-44.374130737134912:44.374130737134912] [-0.80555555555555558:0.80555555555555558] [-1:1] [-1:1] [-0.7407407407407407:0.7407407407407407] [-1:1] [-1:1] [-1:1] [-1:1] [-16:16] [-2.6666666666666665:2.6666666666666665] [-1:1] [-1:1] [-1:1] [-41:41] [-4047:4047] [-1276:1276] [-14:14] [-10:10] [-128.57142857142858:128.57142857142858] [-0.94538613732931143:0.94538613732931143] [-0.94252873563218387:0.94252873563218387] [-106.75:106.75] [-5.25:5.25] [-215.02873700703071:215.02873700703071]
tree_sizes=1833 2095 2118 2111 2105 2104 2117 2110 2099 2116 2121 2119 2133 2121 2107 2101 2118 2111 2109 2104 2100 2101 2106 2119 2120 2135 2125 2097 2113 2108 2108 2123 2129 2121 2102 2092 2112 2099 2118 2122 2121 2113 2115 2116 2112 2123 2112 2122 2117 2131 2118 2126 2121 2110 2112 2122 2118 2105 2124 2132 2108 2122 2113 2117 2115 2123 2115 2110 2118 2106 2126 2120 2125 2108 2113 2123 2093 2112 2110 2112 2111 2119 2115 2112 2113 2106 2122 2096 2115 2121 2118 2117 2100 2102 2111 2102 2128 2112 2121 2114 2119 2122 2118 2124 2124 2128 2112 2118 2115 2120 2100 2117 2113 2103 2120 2112 2090 2108 2121 2116 2123 2115 2118 2114 2108 2119 2118 2126 2002 1892 2124 2109 2121 2106 2111 2121 2132 2108 2120 2119 2125 2119 2127 2122 2022 2119 2132 2114 2120 2129 2123 2121 2124 2119 2008 2116 2111 2111 2117 2120 2116 2119 2013 2132 2119 2111 2124 2128 2128 2112 2126 2108 2117 2133 2112 2127 2104 2098 2125 2125 2133 2006 2123 2108 2122 2124 2117 2111 2128 2005 1890 2124 2015 1682 2126 2126 1902 2001 2119 2115 2113 2123 2117 2117 2110 2109 1675 1678 2101 1997 2120 2123 1685 1786 2102 1790 2001 1994 1994 1785 2121 2102 2114 2129 2118 2109 2114 2130 2092 1781 2104 2113 2114 2120 2124 2110 2117 2122 2112 2124 2134 1902 2127 2114 2015 1466 2113 2125 1783 2107 2008 1900 2113 2006 2135 2112 2126 2017 2116 2006 2128 2114 2115 2110 2122 2106 2103 2119 2124 2120 2100 2130 1895 2115 2119 2128 1458 1456 1677 2124 2113 2111 2115 2105 2120 2123 2122 2116 2122 2123 2130 1805 2125 2117 2105 2110 2115 1908 2126 2125 1140 2115 2103 1879 2009 1553 2118 2118 2011 2008 1568 1784 2006 1570 1998 2013 1910 1798 2128 2108 2118 2114 2119 2114 2114 2120 2008 1911 1902 2110 2120 2116 1241 1564 1562 1554 1795 1676 1239 1791 1692 1802 2127 2117 2113 2124 2123 1899 2133 2129 1347 1457 1994 2116 2123 2122 2121 2111 1890 1789 1780 1675 1799 1808 2117 2011 2113 2117 1782 1447 1893 1555 2115 2125 2132 902 2124 2127 2129 2113 1786 2020 1890 1570 1664 1575 2136 2110 1565 2121 1132 1911 1133 1791 1563 2117 2120 2102 1683 2107 1786 1694 1126 1016 1563 1570 1457 1796 2122 1569 1901 2123 2121 2122 2011 2117 1461 1566 2121 2123 1680 1907 1672 1770 2122 1903 2129 2125 2127 2112 1672 1681 2127 1687 1227 911 2126 2131 1777 1672 1805 2136 1875 2122 2112 2019 1346 1574 2108 1888 2121 2127 1787 1904 1998 2101 1134 1788 1340 1991 1782 1785 2125 2106 1566 1571 2118 2108 2110 2126 2105 1573 1448 1337 1779 1563 2134 2007 1894 2124 1242 1856 1685 1248 1340 1567 2129 2140 1130 1340 2114 2105 1240 1675 1682 2118 2131 1355

Tree=0
num_leaves=18
num_cat=0
split_feature=0 31 31 5 5 31 0 11 10 5 4 0 31 31 31 4 11
split_gain=165.931 78.368 73.3544 40.2336 32.8787 26.3134 19.6277 15.4501 15.8401 15.056 14.7721 14.4473 13.0475 12.578 11.4827 11.4025 11.0293
threshold=-0.15742642026009609 19.614061910406011 -39.993534015473863 0.4415268331617152 0.14062682281171382 63.796483916628638 -5.3908281998631091 -0.021251121484932852 0.07471806301550514 -2.2438995612481629 -1.3366243817601409 8.3148528405201922 -7.4618777125186844 59.404631405094968 38.312127837189344 0.88625696003560683 0.039906377711465053
decision_type=8 2 2 10 8 2 10 8 8 10 10 10 2 2 2 10 10
left_child=1 4 16 5 9 11 -6 -3 -9 -1 -11 -4 -8 15 -10 -5 -2
right_child=2 7 3 13 6 -7 12 8 14 10 -12 -13 -14 -15 -16 -17 -18
leaf_value=0.010571213919427986 -0.009301940480693327 0.0036590420314005527 -0.00029563074041841019 -0.0087517590005590142 0.0027609468789432023 0.0052852943759606084 -0.0039638950752525649 0.012100935322524634 0.0020948551404289307 -0.0017291407508945738 0.0047451936901285428 -0.006178348116146524 0.00068754272694735591 0.0014938077225871032 0.008465783453837852 -0.0033195896080593702 -0.0033247519376405597
leaf_weight=40.5 216 112 522.25 117.75 144.5 105.5 216 111 54 62.25 175.5 60.5 124.25 30 121.75 90.75 51
leaf_count=162 864 448 2089 471 578 422 864 444 216 249 702 242 497 120 487 363 204
internal_value=0.000106921 0.00318683 -0.00289053 -0.00136438 0.00103465 4.15548e-05 -0.000766685 0.00729644 0.00870544 0.00416719 0.00304993 -0.000912687 -0.00226728 -0.00541041 0.00652351 -0.00640541 -0.00817129
internal_weight=2355.5 1161.75 1193.75 926.75 763 688.25 484.75 398.75 286.75 278.25 237.75 582.75 340.25 238.5 175.75 208.5 267
internal_count=9422 4647 4775 3707 3052 2753 1939 1595 1147 1113 951 2331 1361 954 703 834 1068
is_linear=0
shrinkage=0.011451


Tree=1
num_leaves=18
num_cat=0
split_feature=13 5 21 5 3 4 11 6 21 5 15 6 1 11 5 4 7
split_gain=90.776 62.5327 30.77 25.4561 25.2662 22.6546 22.5574 20.9146 16.1865 15.1208 16.1769 14.5193 14.3419 14.0078 13.8004 19.4268 12.6262
threshold=-0.088888888888888837 -0.071164458810124329 1.0000000180025095e-35 1.2876658283848275 inf -0.9206579055505586 0.11741225386133682 -0.018974145369791914 1.5000000000000002 -1.0502326806668074 0.018019480519480522 -0.18957447901933461 -3.8000000000000109 0.042337697068966458 2.5995516379064671 -0.1023062785956038 -0.34519794597159609
decision_type=8 8 2 8 8 10 8 10 2 10 10 10 10 10 10 10 10
left_child=7 5 3 -3 6 9 -4 13 -6 -2 -11 -7 -5 -1 15 -9 -15
right_child=1 2 4 12 8 11 -8 14 -10 10 -12 -13 -14 16 -16 -17 -18
leaf_value=-0.0070610961252274215 0.0033458470190906417 0.0016805229194013071 -0.0020731263134718654 -0.0063683074358389753 0.0019089461635393794 0.0028000252973224165 0.0036728936604369352 -0.0027057281061068166 0.014335509572417025 -0.0067653040407949427 0.0045393176539604814 0.0073073629360600363 -0.0019401855611120549 -0.0055063986575915455 -0.0098341366988492079 0.0042326151821134627 0.0034025559526684027
leaf_weight=244.74717310070992 153.24837870895863 202.99862422049046 162.24874113500118 131.24938125908375 23.499802827835083 142.24869568645954 198.49863374233246 172.74829715490341 33.249798029661179 48.499804884195328 24.499871492385864 280.99700157344341 355.24836736917496 46.999801009893417 22.499765321612358 75.499439477920532 36.49979692697525
leaf_count=979 613 812 649 525 94 569 794 691 133 194 98 1124 1421 188 90 302 146
internal_value=0.000105746 0.00141857 -0.0002368 -0.00172182 0.00221456 0.00423733 0.00108952 -0.00374128 0.00927115 0.00130705 -0.00296459 0.00579924 -0.00314186 -0.005682 -0.00138028 -0.000589923 -0.00161594
internal_weight=2355.48 1756.49 1106.99 689.496 417.497 649.494 360.747 598.994 56.7496 226.248 72.9997 423.246 486.498 328.247 270.748 248.248 83.4996
internal_count=9422 7026 4428 2758 1670 2598 1443 2396 227 905 292 1693 1946 1313 1083 993 334
is_linear=0
shrinkage=0.011451


Tree=2
num_leaves=18
num_cat=0
split_feature=31 31 11 13 2 31 22 6 8 6 11 8 12 21 4 12 22
split_gain=160.891 51.9554 29.0968 25.9574 21.8413 20.9056 24.9599 19.3955 14.3387 13.1994 13.0236 13.6977 10.9531 10.8982 10.8104 10.5916 10.2571
threshold=15.459098627358914 -28.393934213122403 0.044843631870137131 0.10741758241758244 -7.6500000000000048 -88.066844955317933 -237.49999999999997 -0.28047096362291019 -0.0083688404252350839 1.2501861987593439 -0.060897565408439762 -0.0073884595011078627 -0.093527323209985677 9.5000000000000018 -1.2704541093229753 -0.027088174146997653 -14.499999999999998
decision_type=2 2 10 8 8 2 8 8 10 10 8 10 10 2 10 8 10
left_child=1 5 7 4 -2 -1 -7 14 -8 12 16 15 -4 -6 -3 -12 -5
right_child=3 2 9 10 13 6 8 -9 -10 -11 11 -13 -14 -15 -16 -17 -18
leaf_value=-0.0086949213990644043 -0.0073882846889499389 -0.010934993443651161 -0.0017801993638167873 0.0055418531366818518 0.0037043823510490496 0.006751212892170939 -0.005416651656636377 -9.7250088427996173e-05 -0.0015701105101334398 0.0091178411405784029 -0.0004426307547342952 0.0081979576445482885 0.004572950216737059 -0.0028039690026914321 -0.0032896167680598119 0.0053357553126840013 -0.0024602127517764655
leaf_weight=120.49638870358467 34.99942684173584 29.499270498752594 57.999167069792747 37.249524608254433 158.99746537208557 29.249378979206085 345.9928885102272 445.99561038613319 201.74549870193005 45.498995676636696 48.748540371656418 218.49242329597473 90.248743906617165 42.249298617243767 129.99799947440624 278.99413837492466 46.499471440911293
leaf_count=482 140 118 232 149 636 117 1384 1784 807 182 195 874 361 169 520 1116 186
internal_value=0.000190691 -0.00208224 -8.86151e-05 0.00411659 0.00087644 -0.00436447 -0.00345118 -0.00132488 -0.00400349 0.00376627 0.00532946 0.00597357 0.00209054 0.00233332 -0.00474304 0.00447712 0.00111448
internal_weight=2362.95 1496.72 799.24 866.23 236.246 697.484 576.988 605.493 547.738 193.747 629.984 546.235 148.248 201.247 159.497 327.743 83.749
internal_count=9452 5987 3197 3465 945 2790 2308 2422 2191 775 2520 2185 593 805 638 1311 335
is_linear=0
shrinkage=0.011451


Tree=3
num_leaves=18
num_cat=0
split_feature=31 31 5 31 6 22 31 22 5 19 2 8 2 8 2 3 25
split_gain=157.238 50.7756 25.8575 24.1589 23.7832 21.3129 20.4362 24.4001 16.8148 15.9371 14.9484 14.5389 14.1243 14.0134 13.7586 11.4253 9.12198
threshold=15.459098627358914 -28.393934213122403 -0.32554198314369115 67.008312951398821 1.7167197703807957 161.50000000000003 -88.066844955317933 -237.49999999999997 -1.9999820682386484 -0.50641025641025628 -7.6500000000000048 0.020043049897431473 11.450000000000005 -0.0083688404252350839 2.5499999999999976 0.041046086409918532 -1.0000000180025095e-35
decision_type=2 2 10 2 10 10 2 8 8 10 8 8 8 10 10 10 2
left_child=1 6 3 10 8 12 -1 -8 -3 -6 -2 -5 16 -9 -10 -12 -4
right_child=2 4 5 11 9 -7 7 13 14 -11 15 -13 -14 -15 -16 -17 -18
leaf_value=-0.0085963730454868548 -0.0020050783280918969 0.0059629345834506632 0.0053290237533522239 0.0041241230256642098 0.0093953712068248398 -0.0063080149918353229 0.0066755894428363197 -0.0053548682738883795 -0.002407254273166971 0.00048343417831577212 0.0058219708791993532 0.011636253659418044 0.009693760385513079 -0.0015521953719853448 0.0012247710143802268 0.00018226162882288915 0.00038701603149830587
leaf_weight=120.48975472152233 46.998184219002724 43.748291730880737 65.747551798820496 49.996621981263161 52.497982144355774 39.499036461114883 29.249502554535866 345.98487313091755 455.99236787855625 52.248544439673424 277.73763124644756 110.48952169716358 31.998338803648949 201.74478885531425 194.74659965932369 56.747495338320732 186.99488493800163
leaf_count=482 188 175 263 200 210 158 117 1384 1824 209 1111 442 128 807 779 227 748
internal_value=0.000188505 -0.00205849 0.00406964 0.00559875 -8.76239e-05 0.00150752 -0.00431469 -0.00341171 -0.000856122 0.004981 0.00401872 0.00932257 0.00260381 -0.0039578 -0.00132016 0.00486741 0.00168319
internal_weight=2362.91 1496.7 866.209 541.969 799.234 324.24 697.469 576.979 694.487 104.747 381.483 160.486 284.741 547.73 650.739 334.485 252.742
internal_count=9452 5987 3465 2168 3197 1297 2790 2308 2778 419 1526 642 1139 2191 2603 1338 1011
is_linear=0
shrinkage=0.011451


Tree=4
num_leaves=18
num_cat=0
split_feature=0 13 21 13 3 21 2 8 6 6 6 0 9 3 12 23 0
split_gain=157.476 42.5813 40.9733 31.8454 29.0065 25.4537 21.9292 17.3511 13.1159 12.7282 11.9747 11.6269 10.8985 10.4595 10.3858 9.62147 14.0879
threshold=0.85147159479808299 0.054723707664884165 -1.0000000180025095e-35 -0.095413165266106423 -0.091802680464844008 2.5000000000000004 13.950000000000005 -0.037756357467892847 2.7844590601480661 0.093490739747162474 -1.6523205828725931 -4.2190280629705663 -0.16983607790059399 -0.014831717056474734 0.25000000000000011 -153.4551282051282 -6.0410677618069828
decision_type=10 10 2 8 10 2 8 8 10 10 10 10 10 10 10 10 8
left_child=1 2 4 13 -1 8 12 11 -5 15 -6 -4 -7 -2 -9 16 -3
right_child=3 9 7 5 10 6 -8 14 -10 -11 -12 -13 -14 -15 -16 -17 -18
leaf_value=-0.009728866817782492 -0.0091237699674421302 0.0078035989922023751 0.0060370336157736333 -0.003962172551946478 -0.002455172008015425 0.0025069917017420456 0.012243243433875065 0.0044404687406194273 0.003597219225296044 0.0074126938378201212 0.0015723308646705928 -0.001613700434086832 -0.002606800664726338 -0.0047250382701648792 0.0128178584481801 0.0052954404631224824 -0.0034524023156707567
leaf_weight=46.746799990534782 112.48866637051105 20.24853590130806 33.498496994376183 449.73115068674088 175.49058169126511 112.24430076777935 20.497637361288071 321.48370681703091 31.748083829879761 236.97314505279064 214.23957705497742 108.99422414600849 105.24514405429363 199.23201401531696 20.248927339911461 126.74082304537296 47.49678598344326
leaf_count=187 450 81 134 1799 702 449 82 1286 127 948 857 436 421 797 81 507 190
internal_value=9.49196e-05 0.00266485 0.001272 -0.00327449 -0.00127152 -0.00194674 0.0011148 0.0035633 -0.00345946 0.00563058 -0.000242292 0.000204525 3.19789e-05 -0.00632837 0.00496071 0.00344135 -4.50687e-05
internal_weight=2383.35 1352.16 920.702 1031.19 436.477 719.466 237.987 484.225 481.479 431.459 389.73 142.493 217.489 311.721 341.733 194.486 67.7453
internal_count=9534 5409 3683 4125 1746 2878 952 1937 1926 1726 1559 570 870 1247 1367 778 271
is_linear=0
shrinkage=0.011451


Tree=5
num_leaves=18
num_cat=0
split_feature=0 31 31 31 31 11 0 3 0 11 22 11 11 31 27 10 6
split_gain=153.903 78.5564 56.5913 36.7724 26.6679 25.1364 28.7154 21.9033 22.2633 17.054 14.6196 13.2217 11.8133 16.6233 11.1531 10.6719 9.8282
threshold=0.85147159479808299 26.549762453081716 -22.859069006535716 -66.547424914057714 88.455892247709144 0.08017427221777941 -5.3908281998631091 -0.015955224688103283 4.9541409993155385 0.015162008269200168 224.50000000000003 -0.0030482764416918657 -0.01637005058236984 41.282455125552367 -0.11828369226304394 -0.17261192592421951 -1.0124666283210744
decision_type=10 2 2 2 2 10 8 8 8 10 8 8 8 2 10 10 8
left_child=1 3 9 10 7 6 -5 11 -9 15 -1 -4 -3 -14 -7 -2 -15
right_child=2 12 4 5 -6 14 -8 8 -10 -11 -12 -13 13 16 -16 -17 -18
leaf_value=-0.002490325571248305 -0.0063541250541906194 0.0035988478032216451 -0.0099481561628643935 0.0049217369540281849 0.0066974389716899325 0.0016986661561168271 -0.00051201269120762396 0.001254366743687048 -0.0037911691057740723 -0.0029384106828068018 -0.011090492530484303 -0.00323118505992466 0.0041958910965607509 0.0039455719784696553 0.0090373986461921851 -0.01128527939838923 0.01097975577901744
leaf_weight=102.99083925783634 122.48176735639572 115.73855300247669 57.496917515993118 169.99298849701881 48.99348372220993 41.747840031981468 504.22691404819489 289.48679079115391 188.99023127555847 92.239692226052284 34.245798334479332 116.49519066512585 104.73807774484158 31.994815900921822 78.99162632226944 114.97657260298729 167.46035574376583
leaf_count=412 490 463 230 680 196 167 2017 1158 756 369 137 466 419 128 316 460 670
internal_value=9.39182e-05 0.00263456 -0.00323709 0.000780438 -0.00139523 0.0017261 0.000861502 -0.00200908 -0.000741021 -0.00714517 -0.00467938 -0.00548018 0.00674275 0.00792851 0.00652302 -0.00876654 0.0098682
internal_weight=2383.29 1352.13 1031.16 932.196 701.463 794.959 674.22 652.469 478.477 329.698 137.237 173.992 419.932 304.193 120.739 237.458 199.455
internal_count=9534 5409 4125 3729 2806 3180 2697 2610 1914 1319 549 696 1680 1217 483 950 798
is_linear=0
shrinkage=0.011451


Tree=6
num_leaves=18
num_cat=0
split_feature=0 31 31 5 5 0 0 24 31 28 31 8 28 5 3 9 10
split_gain=165.38 101.415 68.265 39.257 32.3864 28.8835 23.5535 20.2149 18.6046 16.6859 15.1252 13.8142 13.4064 12.5056 11.9637 11.5204 10.2905
threshold=0.17385352498288678 -4.205768778650735 30.453032781019264 -0.32554198314369115 0.32631161304986983 8.4654346338124569 -3.6016427104722797 -1.0000000180025095e-35 84.433255085558372 0.0089693973679521258 -88.066844955317933 0.077980859420610935 0.063021341714618193 -1.9999820682386484 0.00075563580862614288 -0.79552238805970144 -0.084983181341176342
decision_type=10 2 2 8 10 10 10 2 2 8 2 10 10 10 10 10 8
left_child=2 9 3 12 5 8 10 -8 -3 11 -5 -2 -1 -14 -4 16 -11
right_child=1 4 14 6 -6 -7 7 -9 -10 15 -12 -13 13 -15 -16 -17 -18
leaf_value=0.0073726438393181782 -0.0057600631069215612 0.0014395770687435935 0.0088789937908768553 -0.0069739855135661716 -0.0045558177421219552 -0.0066451853744922008 -0.0088531209856945962 -0.0012213613759521679 0.008897961269184098 0.0010120990279563627 0.0027194965753527056 0.0022311667043766648 0.0086144151216584301 -0.00010962104806140635 0.004549012586710215 -0.010401800948111595 -0.0073688259309827881
leaf_weight=136.97983840107918 138.47481666505337 379.73120595514774 207.19102008640766 22.246150255203247 164.48921300470829 52.495761394500732 53.745464161038399 280.23268964886665 48.988119557499886 22.745099768042564 272.23720583319664 35.245629727840424 27.995820537209511 86.743353188037872 144.46070726215839 189.20491105318069 117.97960007190704
leaf_count=548 554 1519 829 89 658 210 215 1121 196 91 1089 141 112 347 578 757 472
internal_value=-6.20075e-05 -0.00318526 0.00285227 0.0011463 -0.000179855 0.00132015 -0.000385254 -0.0024646 0.00230424 -0.00703304 0.00197321 -0.00413643 0.00496107 0.00205625 0.00711211 -0.00854687 -0.00601584
internal_weight=2381.19 1149.35 1231.83 880.181 645.704 481.215 628.462 333.978 428.719 503.65 294.483 173.72 251.719 114.739 351.652 329.93 140.725
internal_count=9526 4598 4928 3521 2583 1925 2514 1336 1715 2015 1178 695 1007 459 1407 1320 563
is_linear=0
shrinkage=0.011451


Tree=7
num_leaves=18
num_cat=0
split_feature=0 31 31 5 5 0 0 24 11 31 28 31 6 9 0 10 11
split_gain=161.636 99.1281 66.7294 38.3747 31.6526 28.2336 23.0187 19.7625 19.1023 18.1916 16.313 14.789 13.0567 11.2636 10.8521 10.0597 9.47146
threshold=0.17385352498288678 -4.205768778650735 30.453032781019264 -0.32554198314369115 0.32631161304986983 8.4654346338124569 -3.6016427104722797 -1.0000000180025095e-35 0.059616449310752058 84.433255085558372 0.0089693973679521258 -88.066844955317933 -1.5356479561363865 -0.79552238805970144 -8.021902806297053 -0.084983181341176342 -0.01637005058236984
decision_type=10 2 2 8 10 10 10 2 8 2 8 2 8 10 8 8 8
left_child=2 10 3 8 5 9 11 -8 -1 -3 -2 -5 -4 15 -14 -12 -16
right_child=1 4 12 6 -6 -7 7 -9 -10 -11 13 -13 14 -15 16 -17 -18
leaf_value=0.0023850855255668504 -0.0040894357275501683 0.0014231263762205274 0.00081301112240696443 -0.0068970964060049156 -0.0045039624104289489 -0.0065701741715135792 -0.0087534602201828522 -0.0012074130353442005 0.0088657481219176458 0.0087987276760912239 0.0010008253569549011 0.0026884453625759591 0.013171163890324104 -0.010284808065107636 0.0032188583567650656 -0.0072856187120703096 0.0081876349879101921
leaf_weight=154.48268993198872 173.71113754808903 379.72980210185051 39.490372642874718 22.243969663977623 164.48541258275509 52.494678601622581 53.742483854293823 280.23164394497871 97.223291426897049 48.98083907365799 22.745381787419319 272.23576581478119 42.979130133986473 189.17364765703678 68.733587175607681 117.9682279676199 200.40582124888897
leaf_count=618 695 1519 158 89 658 210 215 1121 389 196 91 1089 172 757 275 472 802
internal_value=-6.13205e-05 -0.00314911 0.00281985 0.00113322 -0.000177809 0.00130512 -0.00038102 -0.00243664 0.004905 0.00227808 -0.00695353 0.00195053 0.00703182 -0.00845047 0.00781526 -0.00594776 0.00692972
internal_weight=2381.06 1149.29 1231.77 880.16 645.691 481.205 628.454 333.974 251.706 428.711 503.598 294.48 351.609 329.887 312.119 140.714 269.139
internal_count=9526 4598 4928 3521 2583 1925 2514 1336 1007 1715 2015 1178 1407 1320 1249 563 1077
is_linear=0
shrinkage=0.011451


Tree=8
num_leaves=18
num_cat=0
split_feature=0 31 31 5 5 0 31 0 12 11 8 4 4 31 30 12 8
split_gain=153.268 72.6124 55.0955 36.4902 28.0058 26.8191 24.3427 20.6598 19.8275 18.8621 16.5204 16.0311 12.6669 10.497 12.1976 9.0344 8.94756
threshold=0.17385352498288678 -41.738982016014567 38.312127837189344 -0.47210937524441438 1.770556680449457 9.2648870636550296 -80.518920488245939 -4.9705681040383292 -0.05257841573631044 0.012800032768083837 0.0097167896710897168 -0.4770178218261511 0.88625696003560683 86.348826244443799 0.20854097452934664 0.1659633469978298 0.10692711960524613
decision_type=10 2 2 8 10 10 2 8 8 10 8 10 10 2 8 10 8
left_child=2 9 3 11 5 8 -5 -8 -3 -2 13 16 -6 14 -4 -13 -1
right_child=1 4 10 6 12 -7 7 -9 -10 -11 -12 15 -14 -15 -16 -17 -18
leaf_value=0.0013235073113382258 -0.010748264596439698 -0.0034913923514401837 0.0055156287263383253 -0.0067148508199037947 -0.01294882972258775 -0.0081386556411285685 0.0037107659667417504 -0.00068891222860177506 0.00068910249479948462 -0.0037533178533315811 0.0090794633443179174 0.0062617078977623628 -0.0037272642138791627 0.010599737351194901 -0.0033447911473891475 0.01366816144324752 0.009455273869282927
leaf_weight=111.97755995392799 168.63362345099449 199.96564097702503 43.480459958314896 62.48039299249649 36.737950712442398 62.736598327755928 206.47875401377678 430.96553921699524 574.91541093587875 73.471778869628906 189.37439815700054 70.478748708963394 42.492419943213463 19.989196047186852 37.231318667531013 32.236014932394028 20.494298040866852
leaf_count=448 675 800 174 250 147 251 826 1724 2300 294 758 282 170 80 149 129 82
internal_value=-8.81551e-05 -0.00307245 0.00273494 0.00138021 -0.00159668 -0.000977984 6.75191e-05 0.00073859 -0.000391777 -0.00864155 0.00708909 0.00527564 -0.00807511 0.00331119 0.00143448 0.00865887 0.00262235
internal_weight=2384.14 1158.95 1225.19 935.111 916.848 837.618 699.925 637.444 774.881 242.105 290.075 235.187 79.2304 100.701 80.7118 102.715 132.472
internal_count=9539 4637 4902 3741 3668 3351 2800 2550 3100 969 1161 941 317 403 323 411 530
is_linear=0
shrinkage=0.011451


Tree=9
num_leaves=18
num_cat=0
split_feature=31 11 31 31 6 6 6 3 31 21 22 8 6 26 8 29 27
split_gain=106.764 43.5811 30.4522 30.0428 20.6188 20.1241 17.5788 15.3769 14.9583 14.1055 12.8319 10.4664 9.65346 9.27058 9.22178 8.42511 8.38828
threshold=-24.128443015274794 -0.015162008269200165 -88.066844955317933 86.348826244443799 1.688522348159998 -1.6248101395609278 1.6375907284831912 -0.0028498087999567763 17.571107415868031 -12.499999999999998 -19.499999999999996 0.077980859420610935 2.6680447461172201 -0.091907158237237122 -0.079434692522634895 -6.8850621600621578 0.04743377954149753
decision_type=2 8 2 2 10 10 10 10 2 2 8 10 10 10 10 8 10
left_child=2 5 15 6 9 7 8 -2 -3 -4 -11 16 -13 -6 -8 -1 -7
right_child=1 3 4 -5 13 11 14 -9 -10 10 -12 12 -14 -15 -16 -17 -18
leaf_value=-0.001953358280431838 -0.011926494211900037 0.00023106875573850719 0.0048541818296632443 0.0086311770178444311 -0.00069590418548969859 -0.0035692270197666461 0.00049081410573407797 -0.001796850589341267 0.0031720702675905837 -0.0011282688966726547 -0.0049613017558124408 0.00093828982380907546 0.0090906568585326364 0.0073625368548521138 0.0077839731407186447 -0.010200256933661271 0.00043001697482006551
leaf_weight=19.734842479228973 36.739382863044739 476.94679935276508 25.495605006814003 104.16445076465607 40.4879981726408 135.47324627637863 29.490908443927765 41.991944685578346 431.84852811694145 166.44236955046654 369.86383552849293 108.47603471577168 22.492161452770233 33.989503517746925 99.944778189063072 101.66846653819084 138.72181114554405
leaf_count=79 147 1908 102 417 162 542 118 168 1728 666 1480 434 90 136 400 407 555
internal_value=-8.71305e-05 0.00156688 -0.00363556 0.00278641 -0.00262719 -0.0013121 0.00219488 -0.00658387 0.00162989 -0.00337774 -0.00377458 -0.000278607 0.00237708 0.00301425 0.00613325 -0.00887756 -0.00154976
internal_weight=2383.97 1626.29 757.683 1142.4 636.279 483.895 1038.23 78.7313 908.795 561.802 536.306 405.163 130.968 74.4775 129.436 121.403 274.195
internal_count=9539 6507 3032 4571 2546 1936 4154 315 3636 2248 2146 1621 524 298 518 486 1097
is_linear=0
shrinkage=0.011451


Tree=10
num_leaves=18
num_cat=0
split_feature=0 5 5 4 28 0 16 3 21 3 12 28 21 5 11 5 0
split_gain=131.018 44.7273 40.9512 26.2886 22.407 21.6901 20.9026 17.6553 17.3273 17.0392 16.1934 14.1217 14.8464 13.964 13.432 13.3732 11.234
threshold=0.17385352498288678 0.47223192786584017 -0.47210937524441438 0.21260088885480746 0.010661651183524003 -2.4900752908966459 1.0000000180025095e-35 0.039684386803931056 -1.0000000180025095e-35 -0.052036542949667856 -0.10457875457875453 0.052513918167231534 1.0000000180025095e-35 1.770556680449457 -0.039906377711465039 -0.37376745154119428 -0.63381245722108293
decision_type=10 10 8 10 10 8 2 8 2 10 8 10 2 10 8 10 8
left_child=2 3 14 4 6 11 -2 15 9 -7 -3 12 -4 -12 -1 -5 -10
right_child=1 10 5 7 -6 8 -8 -9 16 -11 13 -13 -14 -15 -16 -17 -18
leaf_value=0.0018768484317667697 -0.0023781544699736823 -0.010275713479823236 0.0023241809957579148 0.0039891928267202659 -0.0056014584212716496 -0.011303940063785227 0.0035782767622962613 0.009664630164217319 -0.00081537589166539172 -0.0019359148949191051 -0.0024733459199672127 -0.00087390454308713548 0.0072708600451355 -0.0082301608404057522 0.0071035235853297747 -0.0032238662522864133 0.0048976190638129174
leaf_weight=86.223073974251747 340.65739794075489 99.929252192378044 299.92752102017403 71.981486901640892 206.41468885540962 31.739351212978363 99.224429532885551 35.491589069366455 126.9692412763834 120.71959461271763 141.44351707398891 116.22460110485554 108.19686394929886 90.940376698970795 262.05248513817787 62.232607901096344 69.233294084668159
leaf_count=345 1363 400 1200 288 826 127 397 142 508 483 566 465 433 364 1049 249 277
internal_value=-0.000110775 -0.00288676 0.00249949 -0.00144218 -0.00249509 0.00117318 -0.0010312 0.00256176 -0.00103915 -0.00392666 -0.00642401 0.00264371 0.00364524 -0.0047432 0.00581557 0.000645223 0.00121025
internal_weight=2369.6 1148.32 1221.29 816.002 646.297 873.01 439.882 169.706 348.661 152.459 332.313 524.349 408.124 232.384 348.276 134.214 196.203
internal_count=9482 4595 4887 3265 2586 3493 1760 679 1395 610 1330 2098 1633 930 1394 537 785
is_linear=0
shrinkage=0.011451


Tree=11
num_leaves=18
num_cat=0
split_feature=0 11 13 21 2 12 6 21 11 11 2 6 6 0 22 0 0
split_gain=128.05 42.6577 35.5881 29.767 28.4446 27.9312 21.3655 18.3731 19.6674 17.1973 16.8551 16.4778 14.7796 13.9693 12.564 11.8776 10.8465
threshold=0.17385352498288678 -0.0030482764416918657 0.095413165266106451 -1.0000000180025095e-35 -15.299999999999995 -0.12723285486443384 1.0284970435918461 1.0000000180025095e-35 0.059616449310752058 0.022301577415104527 -5.0499999999999963 -1.2912269681905613 2.7367813371130283 5.1895961670089017 -174.49999999999997 -2.3764544832306647 8.4654346338124569
decision_type=10 8 10 2 10 8 10 2 8 8 10 10 10 10 8 10 10
left_child=2 5 3 4 -1 -2 7 10 -9 -5 -3 -4 16 -8 -6 -11 -7
right_child=1 6 11 9 14 12 13 8 -10 15 -12 -13 -14 -15 -16 -17 -18
leaf_value=-0.0088585731648843733 -0.0096204132826245084 -0.0070570282107162785 0.00010359547903471886 0.00042411054354518966 0.006818031603551827 -0.0035490217631713064 0.0061161733548339668 -0.0049675837568245538 0.0015428414017892419 0.0070253892384776386 -0.0015483691081454687 0.0067160088447836613 0.0052284350738473857 -0.0021150246214431084 -0.00049206929025428223 0.0022289455903950332 -0.012078523723167906
leaf_weight=51.48224712908268 154.6260794699192 135.45803578197956 59.724289923906326 171.21979437768459 33.240958720445633 221.11872753500938 77.224188581109047 81.216378957033157 236.17805498838425 162.93433693051338 157.69780717790127 286.23427790403366 22.74404476583004 40.990928664803505 339.41617199778557 116.96013957262039 20.980344459414482
leaf_count=206 619 542 239 685 133 885 309 325 945 652 631 1146 91 164 1358 468 84
internal_value=-0.000109534 -0.002854 0.00247108 0.00124017 -0.00093718 -0.0057603 -0.00117746 -0.00204044 -0.000129956 0.0032857 -0.00410392 0.00557686 -0.00348822 0.00326614 0.000170936 0.00503109 -0.00431914
internal_weight=2369.45 1148.23 1221.21 875.254 424.139 419.469 728.765 610.55 317.394 451.114 293.156 345.959 264.843 118.215 372.657 279.894 242.099
internal_count=9482 4595 4887 3502 1697 1679 2916 2443 1270 1805 1173 1385 1060 473 1491 1120 969
is_linear=0
shrinkage=0.011451


Tree=12
num_leaves=18
num_cat=0
split_feature=13 6 21 2 6 21 11 2 11 10 11 27 24 11 17 20 2
split_gain=74.3387 41.1653 33.0768 30.5952 30.4325 21.7347 21.0464 20.7865 17.4923 14.1598 14.1024 14.0969 11.9142 11.0773 10.5985 8.93057 8.75433
threshold=0.044992288413341082 -1.0124666283210744 -1.0000000180025095e-35 -15.299999999999995 0.019721189438631024 -1.4999999999999998 0.0030482764416918666 15.200000000000005 0.091591241954976435 0.17969124434506659 -0.042337697068966444 0.057957147579493502 -1.0000000180025095e-35 -0.062316678290691645 0.78174603174603186 0.34166666666666673 5.049999999999998
decision_type=10 8 2 10 10 2 8 8 10 10 8 10 2 8 8 8 8
left_child=1 8 3 5 12 -3 11 10 -1 -5 14 -4 -2 -14 -6 -12 -8
right_child=4 2 6 9 7 -7 16 -9 -10 -11 15 -13 13 -15 -16 -17 -18
leaf_value=-0.0063601507240016305 -0.0042105521449009933 -0.013541745589634065 -0.0044066817885098841 -0.0022933686971837539 0.0047834184494994587 -0.0012910669448820075 0.00085094386447653154 0.014106902086546153 0.0001650143241553751 0.0051158648436333363 0.0038141484432790205 0.00085575264011120969 -0.0033983258671313149 0.0025809304459471819 -0.0028733628993964774 0.0081343153321482443 0.0037385896353419774
leaf_weight=269.79886092245579 60.727120995521545 53.465257972478867 135.91971941292286 381.09635561704636 41.982521325349808 29.485689759254456 328.13831000030041 30.468914613127708 67.228633418679237 36.486198008060455 147.13412143290043 130.19195970892906 49.985758021473885 205.6432279497385 52.727814570069313 111.88369946181774 237.16049328446388
leaf_count=1080 243 214 544 1525 168 118 1313 122 269 146 589 521 200 823 211 448 949
internal_value=-0.000175732 -0.00148975 -0.000584086 -0.0029078 0.00295318 -0.00923187 0.000816056 0.00511604 -0.00506077 -0.00163891 0.00431666 -0.00183637 0.000321294 0.00140598 0.000530334 0.00569626 0.00206536
internal_weight=2369.52 1668.97 1331.94 500.534 700.553 82.9509 831.41 384.197 337.027 417.583 353.728 266.112 316.356 255.629 94.7103 259.018 565.299
internal_count=9483 6679 5330 2003 2804 332 3327 1538 1349 1671 1416 1065 1266 1023 379 1037 2262
is_linear=0
shrinkage=0.011451


Tree=13
num_leaves=18
num_cat=0
split_feature=31 31 31 2 5 21 8 5 11 6 3 8 6 6 22 3 21
split_gain=143.819 43.5147 26.9751 26.9529 23.6433 20.9737 20.2595 18.9943 16.9267 18.9135 14.1643 13.4596 12.0089 11.8326 17.0519 10.5561 10.6363
threshold=28.657246416572438 -28.393934213122403 88.455892247709144 -16.499999999999996 1.9896363536665744 -1.4999999999999998 0.0062980331063800252 -0.32554198314369115 -0.0030482764416918657 1.1754380791933237 -0.045346062052506068 0.0037310444316009665 -0.15246686738285928 1.0000000180025095e-35 -63.499999999999993 0.071766520842647022 -1.0000000180025095e-35
decision_type=2 2 2 10 10 2 8 8 10 10 8 10 10 10 10 8 2
left_child=1 3 6 5 8 -1 13 -5 10 -10 -3 -6 -9 -2 -15 -8 -17
right_child=2 4 -4 7 11 -7 15 12 9 -11 -12 -13 -14 14 -16 16 -18
leaf_value=-0.016305465578924358 -0.0024753303389513795 -0.0073787080967316083 0.0090972591471919703 0.0002396696669308959 -0.0097767397233492204 -0.004819398926185302 0.003992999644430238 -0.0056204631935730968 0.00058247580057954064 0.0068281301218436072 -0.00055989884277106753 -0.00031991690222112458 -0.001619274453547192 0.010058392685262756 0.00023894621022442194 0.0034147546718934349 0.013811281696477086
leaf_weight=38.946192175149918 100.21056841313839 42.737575381994247 121.33384497463703 149.66662792861462 51.720106929540634 45.714835658669472 301.78838649392128 333.23767712712288 251.9187616109848 84.443533316254616 503.88721995055676 31.737692728638649 140.41236081719398 30.977180108428001 86.95134474337101 22.741508513689041 30.963651612401009
leaf_count=156 401 171 486 599 207 183 1208 1334 1008 338 2016 127 562 124 348 91 124
internal_value=-0.000173711 -0.0019912 0.004203 -0.00414659 -0.000410496 -0.0101889 0.00315847 -0.00331595 0.000142029 0.00216079 -0.00110131 -0.00621131 -0.00443824 0.000408985 0.00286009 0.00484171 0.00950414
internal_weight=2369.39 1674.42 694.966 707.978 966.445 84.661 573.633 623.317 882.987 336.362 546.625 83.4578 473.65 218.139 117.929 355.494 53.7052
internal_count=9483 6701 2782 2834 3867 339 2296 2495 3533 1346 2187 334 1896 873 472 1423 215
is_linear=0
shrinkage=0.011451


Tree=14
num_leaves=18
num_cat=0
split_feature=31 31 21 31 5 10 21 10 5 9 28 19 31 28 29 15 6
split_gain=102.815 41.8778 38.285 36.9116 29.4957 24.7663 19.6859 16.5561 16.0645 13.8101 12.7239 16.8358 10.326 9.19639 7.60618 5.77679 5.40807
threshold=-8.9201371315428997 -88.066844955317933 -8.4999999999999982 88.455892247709144 0.38785903963514828 0.3350680945350295 8.5000000000000018 -0.22949344747839484 -1.0667232597623084 -0.31564874753729238 0.0089693973679521258 -0.12202380952380951 -41.738982016014567 0.069517648383978101 -6.1535256410256389 -0.36130536130536123 0.64865277610402139
decision_type=2 2 2 2 10 8 2 10 8 8 10 8 2 10 8 8 10
left_child=1 14 5 4 6 16 7 -2 12 -10 11 -6 -4 -8 -1 -5 -3
right_child=3 2 8 15 10 -7 13 -9 9 -11 -12 -13 -14 -15 -16 -17 -18
leaf_value=-0.0025107892722957951 0.001616072375334313 0.0063519845422835711 -0.0030211760038793114 0.0036503314418741811 0.0089323661928616353 -0.0055045169752512176 0.00012611000406695646 0.0047327941398566352 -0.0076460809159795834 -0.0026602280563230059 -0.0044079481912893959 -0.00096732146296723512 0.0045340811383413355 -0.0078875246441287798 -0.010256771322978874 0.0096653471585510208 0.013568635325598792
leaf_weight=20.473048701882362 491.30791373550892 48.482308104634285 37.979940384626389 28.702889546751976 25.239538282155991 20.98992832005024 49.72770431637764 410.97125436365604 83.427991047501564 560.90376111865044 118.94585964083672 172.18342211842537 60.97078338265419 29.488438963890076 101.33269326388836 89.855601355433464 19.990145429968834
leaf_count=82 1966 194 152 115 101 84 199 1645 334 2245 476 689 244 118 406 360 80
internal_value=0.000181583 -0.00272207 -0.00180097 0.00213876 0.00157772 0.00525061 0.00255741 0.00303811 -0.00265363 -0.00331299 -0.00146061 0.000323953 0.00163336 -0.00289768 -0.00897546 0.0082375 0.00856871
internal_weight=2370.97 954.551 832.745 1416.42 1297.86 89.4624 981.495 902.279 743.282 644.332 316.369 197.423 98.9507 79.2161 121.806 118.558 68.4725
internal_count=9490 3821 3333 5669 5194 358 3928 3611 2975 2579 1266 790 396 317 488 475 274
is_linear=0
shrinkage=0.011451


Tree=15
num_leaves=18
num_cat=0
split_feature=31 31 21 31 10 21 27 11 11 1 6 6 30 15 29 12 3
split_gain=100.488 40.9563 37.4281 36.0975 24.2181 24.1315 19.2376 16.0308 15.8486 14.0936 13.3257 9.84257 7.98029 8.32055 7.43938 6.91293 6.46904
threshold=-8.9201371315428997 -88.066844955317933 -8.4999999999999982 88.455892247709144 0.3350680945350295 8.5000000000000018 -0.40134721871325679 0.093854662496263744 0.02000991116523854 5.1000000000000094 -2.2576180845677754 -1.2652870339352977 0.14285714285714296 -0.36130536130536123 -6.1535256410256389 -0.1664598842018197 -0.0019902271450032978
decision_type=2 2 2 2 8 2 8 10 10 10 8 8 10 8 8 8 8
left_child=1 14 4 5 -3 6 -2 -8 10 -10 -4 -7 13 -5 -1 -13 -15
right_child=3 2 8 12 -6 11 7 -9 9 -11 -12 15 -14 16 -16 -17 -18
leaf_value=-0.0024831454640857368 -0.0069951373041665472 0.0084732909299272789 -0.0090764353852012623 -0.00027245401823435553 -0.005443865069932911 -0.010252525495110224 0.001680986381862236 0.0053417093624424277 -0.0012337640956107073 0.0069498828281412701 -0.0030735068780164991 -0.0071956264168355514 0.012860733952342674 0.0031920596401816578 -0.010144260696155614 4.8927963052614646e-05 0.010836615369780776
leaf_weight=20.471305042505264 29.486924096941948 68.468295902013779 53.677117392420769 19.967392981052399 20.988142743706703 21.985837370157242 969.04760973155499 186.83143030107021 185.41142223775387 31.736121147871017 472.41265036165714 22.48839259147644 33.677617534995079 23.207020148634911 101.29093201458454 67.971515297889709 41.668564602732658
leaf_count=82 118 274 215 80 84 88 3878 748 742 127 1891 90 135 93 406 272 167
internal_value=0.000179545 -0.00269122 -0.00178041 0.00211449 0.00519205 0.00155973 0.00204102 0.00227541 -0.00262349 -2.02176e-05 -0.00369664 -0.00349605 0.00814663 0.00619024 -0.00887665 -0.00179131 0.00816196
internal_weight=2370.79 954.456 832.694 1416.33 89.4564 1297.81 1185.37 1155.88 743.237 217.148 526.09 112.446 118.521 84.843 121.762 90.4599 64.8756
internal_count=9490 3821 3333 5669 358 5194 4744 4626 2975 869 2106 450 475 340 488 362 260
is_linear=0
shrinkage=0.011451


Tree=16
num_leaves=18
num_cat=0
split_feature=0 31 5 0 31 31 5 0 3 28 6 8 29 31 8 11 7
split_gain=147.787 72.2136 44.5839 35.1516 31.5053 27.2518 24.8167 22.1766 15.6139 14.4869 13.6786 15.7532 11.2504 10.7022 10.0099 9.13427 8.91265
threshold=-0.19712525667351063 23.182160606342453 0.39752973732536262 5.2936344969199167 -30.865135729843015 -88.066844955317933 -1.8077577588670257 -5.708418891170429 -0.0011580014062398389 0.013103534378942046 0.019721189438631024 0.0083688404252350874 4.9020202020202026 72.667448861548579 0.0097167896710897168 -0.020009911165238533 -0.29464702215138744
decision_type=10 2 10 10 2 2 8 8 8 8 10 8 8 2 8 10 10
left_child=1 5 3 4 9 -1 -7 -8 -6 -2 11 -4 -13 -5 15 -3 -12
right_child=2 14 10 13 8 6 7 -9 -10 -11 16 12 -14 -15 -16 -17 -18
leaf_value=-0.0066773218567900356 0.0015797396163500777 -4.4618727345926224e-05 -0.010051837809622955 -0.0058651661488563602 -0.0012826828059397388 0.0084429385446490677 0.0042525112310568512 -0.00050021358306510683 0.0031307829289450796 -0.0068215358157997733 0.0012019035955443762 -0.0082211684194636904 -3.8770784134133199e-06 0.0028004776687872612 0.0083243251182717366 0.0063874522203208554 -0.0053024774259774789
leaf_weight=58.913065180182457 35.722958251833916 42.226579800248146 156.75876015424728 226.11387135088444 167.43310825526714 59.188033387064934 173.69112820923328 491.60811896622181 280.38164126873016 105.84383225440979 40.47390328347683 41.19991447031498 45.695902183651924 19.981734976172447 236.33316907286644 91.359404757618904 84.936422482132912
leaf_count=236 143 169 628 905 670 237 695 1967 1122 424 162 165 183 80 947 366 340
internal_value=-0.000189439 0.00273957 -0.00299386 -0.00152732 -8.10617e-06 0.000768702 0.00137974 0.000743588 0.00148118 -0.00470408 -0.00630507 -0.00788612 -0.00393268 -0.00515593 0.00690456 0.00436409 -0.00320802
internal_weight=2357.86 1153.32 1204.54 835.477 589.382 783.4 724.487 665.299 447.815 141.567 369.065 243.655 86.8958 246.096 369.919 133.586 125.41
internal_count=9439 4617 4822 3344 2359 3135 2899 2662 1792 567 1478 976 348 985 1482 535 502
is_linear=0
shrinkage=0.011451


Tree=17
num_leaves=18
num_cat=0
split_feature=0 31 5 0 31 31 5 0 4 3 6 8 29 4 6 7 29
split_gain=144.455 70.6199 43.5913 34.3552 30.7954 25.9178 23.8355 23.2084 17.9463 15.2599 13.3787 15.4064 11.0024 10.6097 9.64211 8.7129 10.1916
threshold=-0.19712525667351063 18.206790082733395 0.39752973732536262 5.2936344969199167 -30.865135729843015 -88.066844955317933 -1.0667232597623084 -2.9924709103353861 0.30997217565604179 -0.0011580014062398389 0.019721189438631024 0.0083688404252350874 4.9020202020202026 -1.6867699237478857 -1.1358461105283975 -0.29464702215138744 5.028875338013993
decision_type=10 2 10 10 2 2 8 8 10 8 10 8 8 8 8 10 8
left_child=1 5 3 4 8 -1 -7 -8 -2 -6 11 -4 -13 -5 -3 -12 -17
right_child=2 14 10 13 9 6 7 -9 -10 -11 15 12 -14 -15 -16 16 -18
leaf_value=-0.0066033656244274342 -0.006361515582258578 0.0022961761980617233 -0.0099409124664737673 -0.010187482607984357 -0.0012680442676289811 0.0062240097095596194 0.0023835872559278839 -0.002188549934509097 0.0049394350196476288 0.0030951136039941377 0.0011883396844133787 -0.0081306126123659936 -3.8333958164637527e-06 -0.0039683671873519391 0.0073454179527803632 -0.0088991618312230635 -0.00095447780337422198
leaf_weight=58.89821358025074 120.31093570590019 58.946743190288544 156.70059002935886 43.708992600440979 167.43421098589897 106.89612840116024 328.40985670685768 260.42581562697887 21.230093941092491 280.37288880348206 40.47467964887619 41.189188957214355 45.695897340774536 202.36472061276436 339.60172951221466 45.456762447953224 39.470161497592926
leaf_count=236 482 236 628 175 670 428 1314 1042 85 1122 162 165 183 810 1361 182 158
internal_value=-0.000187319 0.00270867 -0.00296009 -0.00150999 -8.05898e-06 0.00064758 0.00126712 0.00036127 -0.00465134 0.00146427 -0.00623465 -0.00779859 -0.00388884 -0.00509744 0.00660367 -0.00317176 -0.00524281
internal_weight=2357.59 1153.18 1204.41 835.422 589.348 754.63 695.732 588.836 141.541 447.807 368.987 243.586 86.8851 246.074 398.548 125.402 84.9269
internal_count=9439 4617 4822 3344 2359 3020 2784 2356 567 1792 1478 976 348 985 1597 502 340
is_linear=0
shrinkage=0.011451


Tree=18
num_leaves=18
num_cat=0
split_feature=31 31 11 30 11 6 22 31 25 1 22 31 12 6 8 15 15
split_gain=113.847 29.6707 20.8106 19.0115 17.0654 16.2181 15.3415 14.3628 13.4706 12.2919 11.4913 10.218 10.974 10.0035 12.3493 9.8705 9.24835
threshold=14.673698331434823 -67.614021681827907 -0.047221227642505907 0.14947588573432355 -0.082799682344730161 0.21951737125097046 126.50000000000001 96.177753248932518 -1.0000000180025095e-35 3.8000000000000118 -182.49999999999997 22.442370706264914 -0.33333333333333326 1.6068941098790119 -0.018867533847203213 0.15891053391053392 0.057417582417582443
decision_type=2 2 8 10 8 10 10 2 2 10 10 2 8 10 8 10 8
left_child=1 3 6 -1 8 9 11 13 16 -6 -7 -2 -13 14 -4 -10 -3
right_child=2 4 7 -5 5 10 -8 -9 15 -11 -12 12 -14 -15 -16 -17 -18
leaf_value=-0.0070963134020735437 -0.0055884400179242498 0.004182967099236972 0.00054505533826108702 0.00049342385899528093 -0.0020354470886899461 0.0088993602872561323 -0.0083121219785453077 0.009239288247676912 -0.0073452176482245515 0.0012324209831032365 0.001310978703409097 -0.004864833993675155 0.004243512938178943 0.0073196344231867307 0.0044314390920154436 -0.00097801449791549478 -0.004589390189713367
leaf_weight=181.590774923563 22.237779870629311 38.480010852217674 151.61902068555355 56.644631713628769 543.16604216396809 28.728440329432487 23.981778055429459 75.035512462258339 113.13848154246807 208.40072332322598 242.33658072352409 20.226977705955505 103.66104577481747 96.316036313772202 367.08038510382175 44.686606720089912 25.72639562189579
leaf_count=728 89 154 607 227 2174 115 96 301 453 834 970 81 415 386 1470 179 103
internal_value=0.000323546 -0.00159874 0.00363621 -0.00529536 -0.000888743 -0.000263024 4.83024e-05 0.00451979 -0.00376132 -0.00112902 0.00213496 0.00145172 0.00273844 0.00393466 0.00329757 -0.00555403 0.000657059
internal_weight=2343.06 1482.9 860.159 238.235 1244.66 1022.63 170.108 690.051 222.031 751.567 271.065 146.126 123.888 615.015 518.699 157.825 64.2064
internal_count=9382 5937 3445 955 4982 4093 681 2764 889 3008 1085 585 496 2463 2077 632 257
is_linear=0
shrinkage=0.011451


Tree=19
num_leaves=18
num_cat=0
split_feature=31 0 0 31 5 0 8 12 0 5 29 0 31 0 22 29 6
split_gain=111.272 79.0617 47.1953 31.0759 20.2209 20.1472 18.9058 18.8523 18.7524 15.6155 14.8099 14.0392 12.4367 11.5038 11.4531 10.4664 10.1496
threshold=14.673698331434823 -1.4866529774127295 -0.24229979466119109 -42.300116112241646 -2.2438995612481629 7.081451060917181 0.0012399995780016106 -0.11111111111111109 -8.3586584531143018 1.8674265162444286 4.5563492063492079 9.2648870636550296 44.016129554183188 3.0020533880903497 203.50000000000003 8.8170394260911493 -0.37354593531809516
decision_type=2 10 8 2 8 10 10 8 8 10 10 10 2 10 10 10 10
left_child=1 4 12 6 -1 9 -3 10 16 -5 -4 15 -2 -8 -10 -9 -6
right_child=2 3 7 5 8 -7 13 11 14 -11 -12 -13 -14 -15 -16 -17 -18
leaf_value=0.010859535800673999 0.0042272001353206041 -0.0091304104727617692 -0.0061232303477603426 -0.00077516926450871444 0.002891993155604059 -0.0074359562102066538 0.00092723078083114228 0.0036423299175937069 0.00073923478108917963 -0.0070674590437012222 0.0040424240873358263 -0.0056747259520229269 0.0082575084744519467 -0.0068946108645032041 -0.0077829590625049221 -0.0026953474735543601 0.011487954388322981
leaf_weight=29.201229527592659 188.98785069584846 178.2825656235218 70.704109251499176 475.25617654621601 43.730262815952301 85.398965254426003 50.923478305339813 290.29420848190784 464.01712208986282 57.40372459590435 24.986655980348587 26.483357191085815 220.35755486786366 46.885122194886208 20.979803711175919 38.230258256196976 30.727924212813377
leaf_count=117 757 715 283 1902 175 342 204 1162 1857 230 100 106 884 188 84 153 123
internal_value=0.000319874 -0.00158056 0.00359512 -0.0037249 0.00167714 -0.00229384 -0.0069153 0.00103592 0.00118558 -0.00146122 -0.00345924 0.00225176 0.00640662 -0.00284338 0.000360468 0.00290088 0.00650948
internal_weight=2342.85 1482.81 860.044 894.15 588.656 618.059 276.091 450.699 559.455 532.66 95.6908 355.008 409.345 97.8086 484.997 328.524 74.4582
internal_count=9382 5937 3445 3581 2356 2474 1107 1804 2239 2132 383 1421 1641 392 1941 1315 298
is_linear=0
shrinkage=0.011451


Tree=20
num_leaves=18
num_cat=0
split_feature=0 31 6 31 31 0 8 31 0 21 22 6 2 28 6 8 28
split_gain=114.954 71.3536 31.0165 30.9224 26.8849 23.7839 20.1471 19.991 19.0288 17.0767 13.5508 12.5406 11.9749 11.6409 10.3311 10.0774 10.0315
threshold=-2.4900752908966459 -30.237826530607887 0.019721189438631024 -80.518920488245939 65.914637130072506 5.0253251197809723 0.0049074545249617749 49.300583354298062 4.5188227241615335 10.500000000000002 -339.49999999999994 -1.7405386257990993 -10.200000000000001 -0.19376579372089717 0.12985752966711694 0.040308979589886253 -0.018274647339304211
decision_type=8 2 8 2 2 10 10 2 8 2 8 8 8 8 8 8 10
left_child=3 6 9 -1 5 -4 13 10 -8 12 -5 -12 -3 -2 16 -16 -9
right_child=1 2 4 7 -6 -7 8 14 -10 -11 11 -13 -14 -15 15 -17 -18
leaf_value=-0.0049142018060904383 0.00014840038977765238 -0.008618386280366222 0.001452486585415274 0.01260832342206415 0.0063252710562687192 -0.0038115898491114042 0.00066140656704229183 0.0093869104704170508 -0.0082859423259332068 -0.010426038084017049 -0.0016162783997401265 0.0037252315101638411 -0.0014183546280773873 -0.0078928254263510265 0.005199674951310968 0.014071902328778783 -0.0012717110528443333
leaf_weight=50.164078384637833 25.706287145614624 32.466977283358574 489.46385659277439 19.727369517087936 111.51500344276428 145.43165907263756 102.11429108679295 22.684629023075104 44.144173622131348 33.954765602946281 65.224520176649094 473.85260130465031 359.94163580238819 285.03906586766243 26.654224634170532 50.524654343724251 22.693789452314377
leaf_count=201 103 130 1959 79 447 582 409 91 177 136 261 1897 1441 1143 107 203 91
internal_value=-5.39297e-05 -0.00174657 -0.000249956 0.0037153 0.00115732 0.00024396 -0.00558129 0.00435479 -0.0020643 -0.00271157 0.00342875 0.00307776 -0.00202759 -0.00722872 0.00853594 0.0110782 0.00411494
internal_weight=2361.3 1629.78 1172.77 731.526 746.411 634.896 457.004 681.362 146.258 426.363 558.804 539.077 392.409 310.745 122.557 77.1789 45.3784
internal_count=9457 6527 4695 2930 2988 2541 1832 2729 586 1707 2237 2158 1571 1246 492 310 182
is_linear=0
shrinkage=0.011451


Tree=21
num_leaves=18
num_cat=0
split_feature=0 31 5 31 0 8 8 31 0 28 22 6 28 9 6 8 28
split_gain=112.375 69.757 41.8834 30.2312 26.4185 21.0569 19.7002 19.5724 18.6102 17.2871 13.263 12.2613 11.3845 11.1775 10.1144 9.87092 9.81588
threshold=-2.4900752908966459 -30.237826530607887 1.0669368788925393 -80.518920488245939 7.081451060917181 0.099517336912371676 0.0049074545249617749 49.300583354298062 4.5188227241615335 -0.16159396745822649 -339.49999999999994 -1.0124666283210744 -0.19376579372089717 -0.16118642575943651 0.12985752966711694 0.040308979589886253 -0.018274647339304211
decision_type=8 2 10 2 10 10 10 2 8 10 8 8 8 10 8 8 10
left_child=3 6 4 -1 5 -3 12 10 -8 -4 -5 -12 -2 -6 16 -16 -9
right_child=1 2 9 7 13 -7 8 14 -10 -11 11 -13 -14 -15 15 -17 -18
leaf_value=-0.0048595610879010615 0.00014674306708177925 0.00060247176630039514 4.3633925999234899e-05 0.012473177875681132 -0.0011442356348154987 0.005422860726723485 0.00065387025032377318 0.0092870887017789585 -0.0081957000136108401 -0.0075860975054007455 -0.00038687284117807876 0.0039107947741067661 -0.0078055388472676639 -0.0080488691380922843 0.0051431293213717701 0.013926163472851012 -0.0012574905557259308
leaf_weight=50.154736891388893 25.706423342227936 723.7210757881403 55.956586197018623 19.719988003373146 68.945848643779755 141.56311610341072 102.11607350409031 22.673087358474731 44.126576498150826 127.32586643099785 108.95329400897026 430.09094494581223 284.93407309055328 55.202719449996948 26.6460300385952 50.47599795460701 22.69510754942894
leaf_count=201 103 2897 224 79 276 567 409 91 177 510 436 1722 1143 221 107 203 91
internal_value=-5.33016e-05 -0.00172691 -0.000247212 0.00367373 0.000685176 0.00139465 -0.0055191 0.00430607 -0.00204128 -0.00526496 0.00338993 0.00304273 -0.00714855 -0.00424082 0.00844452 0.0109613 0.00407008
internal_weight=2361.01 1629.6 1172.72 731.409 989.433 865.284 456.883 681.254 146.243 183.282 558.764 539.044 310.64 124.149 122.49 77.122 45.3682
internal_count=9457 6527 4695 2930 3961 3464 1832 2729 586 734 2237 2158 1246 497 492 310 182
is_linear=0
shrinkage=0.011451


Tree=22
num_leaves=18
num_cat=0
split_feature=0 31 31 5 31 0 0 5 31 12 6 4 6 31 10 6 3
split_gain=133.269 69.1673 56.5419 34.576 30.8762 26.0388 22.867 20.9845 16.0563 15.4251 15.2205 15.5741 12.9189 9.72357 9.13409 7.74646 8.29303
threshold=-0.19712525667351063 0.76797232435035323 -48.935085615402834 0.47223192786584017 -88.066844955317933 -8.3586584531143018 5.2936344969199167 -0.28319342203979242 78.628855421508106 -0.1818181818181818 0.12985752966711694 -0.54718360502197128 0.6249877033118304 88.455892247709144 0.28275322922395313 1.6375907284831912 -0.0019902271450032978
decision_type=8 2 2 10 2 10 10 8 2 8 8 10 10 2 8 10 8
left_child=1 4 15 6 -1 -6 12 -7 -8 -5 11 -3 -4 -12 -11 16 -2
right_child=2 10 3 9 5 7 8 -9 -10 14 13 -13 -14 -15 -16 -17 -18
leaf_value=-0.0076620475267942783 -0.0054783048215189334 -0.0015257476351474045 0.00016442965377797645 -0.010020916004290746 0.0080761920257646658 0.0043231273541646355 -0.0040835286578690877 -0.0011058014083059132 0.0064202838511468801 -0.0046816114720129934 0.0068896623017608918 0.0055568438621952185 0.0041179028311908719 0.01296773469800996 0.00098841259335719534 -0.00099697945597764198 -0.010559398198171322
leaf_weight=55.349798262119293 71.957492589950562 55.184018149971962 392.48387834429741 57.877469554543495 64.194308623671532 126.62712273001671 201.8260562568903 349.61662578582764 20.475731700658798 155.28583508729935 284.00651469826698 151.99160905182362 149.09799458086491 39.979674726724625 48.679828599095345 19.704540878534317 111.02376705408096
leaf_count=222 289 221 1571 232 257 507 808 1399 82 622 1139 609 597 161 195 79 446
internal_value=0.00026898 0.00311185 -0.00233935 -0.0012449 0.000431851 0.00126917 -1.28298e-05 0.000341683 -0.00309984 -0.00483016 0.00611364 0.00367145 0.00125653 0.00766463 -0.00332955 -0.00785589 -0.00858823
internal_weight=2355.36 1126.95 1228.41 1025.73 595.788 540.438 763.884 476.244 222.302 261.843 531.162 207.176 541.582 323.986 203.966 202.686 182.981
internal_count=9436 4515 4921 4107 2385 2163 3058 1906 890 1049 2130 830 2168 1300 817 814 735
is_linear=0
shrinkage=0.011451


Tree=23
num_leaves=18
num_cat=0
split_feature=0 31 31 5 31 0 0 5 24 31 12 28 5 0 9 21 11
split_gain=130.274 67.6302 55.3051 33.8025 30.1913 25.4574 22.3477 20.5105 17.5716 15.6999 15.0918 14.5177 22.6144 17.9348 10.9318 11.1848 9.95469
threshold=-0.19712525667351063 0.76797232435035323 -48.935085615402834 0.47223192786584017 -88.066844955317933 -8.3586584531143018 5.2936344969199167 -0.28319342203979242 1.0000000180025095e-35 78.628855421508106 -0.1818181818181818 -0.0076390492496064824 -1.5347395404843145 -5.0527036276522912 -0.47633053221288507 -2.4999999999999996 0.039906377711465053
decision_type=8 2 2 10 2 10 10 8 2 2 8 10 10 10 10 2 10
left_child=1 4 16 6 -1 -6 8 -7 -4 -8 -5 14 -13 -14 15 -3 -2
right_child=2 11 3 10 5 7 9 -9 -10 -11 -12 12 13 -15 -16 -17 -18
leaf_value=-0.0075783259064707191 -0.0090250748723792185 -0.00046736245152996498 0.00038517175380302587 -0.0099117695048888659 0.0079861620211689258 0.0042742973087625024 -0.0040372562767498196 -0.0010931694713081687 0.0062036375284447703 0.0063502446685967844 -0.0032918988874522516 0.0099238860608466418 0.0063444149527389958 -0.0019136756524030874 0.0094286058026911423 0.0068963005277753869 -0.0025906241257786654
leaf_weight=55.327906802296638 162.68808707594872 34.939303427934647 462.40584608912468 57.852190494537354 64.182147711515427 126.61478880047798 201.80933871865273 349.61449056863785 79.16380862891674 20.471842646598816 203.94458001852036 53.062706619501114 54.890363916754723 90.368106111884117 179.86172400414944 117.87508679926395 39.895782500505447
leaf_count=222 654 140 1851 232 257 507 808 1399 317 82 817 213 220 362 722 473 160
internal_value=0.000265955 0.00307699 -0.00231306 -0.0012308 0.000426987 0.00125486 -1.26177e-05 0.000337832 0.00124223 -0.00306455 -0.0047761 0.00604586 0.00357523 0.00122154 0.00750866 0.00521793 -0.00777049
internal_weight=2354.97 1126.74 1228.23 1025.65 595.739 540.411 763.851 476.229 541.57 222.281 261.797 530.997 198.321 145.258 332.676 152.814 202.584
internal_count=9436 4515 4921 4107 2385 2163 3058 1906 2168 890 1049 2130 795 582 1335 613 814
is_linear=0
shrinkage=0.011451


Tree=24
num_leaves=18
num_cat=0
split_feature=0 11 5 6 0 13 21 21 9 11 6 0 11 0 27 2 8
split_gain=126.924 33.4937 30.8944 24.903 23.551 20.3016 18.3975 17.4695 29.98 16.3809 15.8956 14.3458 14.1081 13.5405 12.0417 11.6549 10.5035
threshold=0.21492128678986869 -0.044843631870137117 0.071456535492726583 1.1527559255314739 5.1101984941820673 -0.011730306157550717 1.0000000180025095e-35 1.0000000180025095e-35 0.25787797291607256 -0.042337697068966444 0.019721189438631024 -2.9924709103353861 -0.082799682344730161 7.5331964407939749 0.062148138342267387 -11.450000000000001 -1.0000000180025095e-35
decision_type=8 8 8 10 10 8 2 2 8 8 10 10 8 8 10 10 10
left_child=2 14 9 7 -5 15 11 13 -9 -1 -11 -7 -8 -3 16 -4 -2
right_child=1 3 5 4 -6 6 12 8 -10 10 -12 -13 -14 -15 -16 -17 -18
leaf_value=0.001290568921721159 -0.010590963075596097 -0.0034581049947784233 -0.0095853709717794583 0.0060728382296717206 -0.0041571310441027628 0.0026518757691638599 -0.0035166842591002022 -0.0041546451120102364 0.0023693506123723582 0.003186083193719963 0.0081706599901079455 -0.0019430346073116772 0.0067404320838941757 -0.010020424701244063 -0.0032519568262836841 -0.0011009496775859443 -0.004925882290665767
leaf_weight=129.30935823917389 96.544439271092415 294.81590710580349 23.712075278162956 92.136409863829613 42.712680712342262 216.24736607074738 19.731470659375191 178.71324910223484 189.78024283051491 146.44843390583992 199.94335533678532 150.59404523670673 137.40689048171043 47.653053149580956 114.55947691202164 166.58137163519859 80.547407522797585
leaf_count=518 388 1181 95 369 171 866 79 716 760 587 803 603 551 191 459 667 323
internal_value=-9.5767e-05 -0.00283006 0.00251799 -0.00167367 0.00282807 0.00101055 0.00217339 -0.00252936 -0.000796458 0.00477687 0.00607338 0.000765492 0.00544311 -0.00438881 -0.00617229 -0.00218777 -0.00804226
internal_weight=2327.44 1137.46 1189.97 845.812 134.849 714.273 523.98 710.962 368.493 475.701 346.392 366.841 157.138 342.469 291.651 190.293 177.092
internal_count=9327 4558 4769 3388 540 2861 2099 2848 1476 1908 1390 1469 630 1372 1170 762 711
is_linear=0
shrinkage=0.011451


Tree=25
num_leaves=18
num_cat=0
split_feature=0 11 5 21 3 21 7 13 21 28 11 0 11 8 3 3 10
split_gain=124.064 32.7549 30.2072 22.4084 25.3219 32.2336 22.0579 19.8454 17.9857 17.8371 16.02 14.0209 13.7959 13.5149 11.5316 12.5186 10.4626
threshold=0.21492128678986869 -0.044843631870137117 0.071456535492726583 -1.0000000180025095e-35 0.05906449782075935 1.5000000000000002 -0.41013093757814229 -0.011730306157550717 1.0000000180025095e-35 0.024719496192692553 -0.042337697068966444 -2.9924709103353861 -0.082799682344730161 -0.0083688404252350839 -0.014916467780429486 -0.026032856510027954 -0.30074132592545205
decision_type=8 8 8 2 8 2 10 8 2 10 8 10 8 8 10 8 10
left_child=2 -2 10 6 9 -6 -3 14 11 -5 -1 -9 -10 -12 15 -4 -15
right_child=1 3 7 4 5 -7 -8 8 12 -11 13 -13 -14 16 -16 -17 -18
leaf_value=0.0012759068005618569 -0.0061040442152866239 -0.0072184787327715738 -0.0026402227556939712 -0.00020626050392343807 -4.6840630496650717e-05 0.012980013901280851 -0.0004348922099344369 0.0026217473961977844 -0.0034775036855357296 -0.0051960744979334082 0.0031938656419257783 -0.0019208944268636621 0.0066653588168500812 0.0014953160741534341 -6.2446857211130195e-05 -0.013333112845237199 0.0088779213770987814
leaf_weight=129.30521728098392 291.55874618887901 153.41455526649952 47.442896842956543 350.13502696156502 70.193694978952408 37.938454940915108 106.31390382349491 216.23538857698441 19.732749342918396 127.75017450749874 137.38052928447723 150.59309586882591 137.37102690339088 29.614319324493408 122.62727943062782 20.214464426040649 179.28723201155663
leaf_count=518 1170 615 190 1402 281 152 426 866 79 512 551 603 551 119 491 81 720
internal_value=-9.47693e-05 -0.00279826 0.00248955 -0.00165476 -0.000412276 0.00457489 -0.00444995 0.000998991 0.00214875 -0.00154551 0.00472351 0.000756768 0.00538213 0.00600599 -0.00216325 -0.00593335 0.00783939
internal_weight=2327.11 1137.3 1189.8 845.746 586.017 108.132 259.728 714.217 523.932 477.885 475.587 366.828 157.104 346.282 190.285 67.6574 208.902
internal_count=9327 4558 4769 3388 2347 433 1041 2861 2099 1914 1908 1469 630 1390 762 271 839
is_linear=0
shrinkage=0.011451


Tree=26
num_leaves=18
num_cat=0
split_feature=0 31 31 0 5 28 8 8 21 0 0 11 6 9 4 12 1
split_gain=109.665 55.3078 46.8221 25.4074 22.4401 20.4774 25.9172 19.4195 18.9499 19.3673 17.6982 15.8381 13.3184 10.908 10.4587 9.01985 8.93844
threshold=-0.15742642026009609 18.206790082733395 -8.4523267764543544 8.1286789869952134 -0.4231344877960776 0.0045042809902102405 0.069049407585827519 0.0012399995780016106 -1.0000000180025095e-35 -5.0527036276522912 -9.1375770020533853 -0.011632417573598007 -1.5584134550944357 0.098788352550322464 -0.58022169603112139 0.078555025613849153 -3.8000000000000109
decision_type=10 2 2 10 8 10 10 8 2 10 8 10 8 10 10 8 10
left_child=2 3 4 5 -1 6 -2 -3 10 -10 -6 12 -4 14 -13 -9 -14
right_child=1 7 11 -5 8 -7 -8 15 9 -11 -12 13 16 -15 -16 -17 -18
leaf_value=0.0041802722654487702 -0.0028852014427114552 -0.0022212487431934893 -0.0043678087938243283 -0.0099863413012999652 0.0055686834788194048 -0.005882071825650266 0.0060169896680943406 -0.00037556704185989092 0.0096492095777556287 -0.00073202290452292719 -0.0045099306988059086 0.00015356470727903091 4.4219940637712887e-05 0.0094121596026419587 0.0063930110220948178 0.0042370936494708607 0.0044884057023788339
leaf_weight=114.58052809536457 365.55874042212963 158.08935704827309 29.480689644813538 87.903825342655182 24.967520177364349 274.2733456492424 47.944048091769218 79.421240016818047 31.979671776294708 84.442976042628288 216.45810204744339 47.59780265390873 74.858155712485313 106.92052310705185 135.23914775252342 183.79819412529469 285.89555291831493
leaf_count=459 1465 633 118 353 100 1101 192 318 128 338 867 191 300 430 543 736 1146
internal_value=3.30665e-05 -0.00239379 0.00255371 -0.00420665 -0.000215712 -0.00345906 -0.00184505 0.000945261 -0.0016284 0.00215803 -0.00345524 0.00447612 0.00296208 0.00650376 0.00477512 0.00284787 0.00356799
internal_weight=2349.41 1196.99 1152.42 775.68 472.429 687.776 413.503 421.309 357.848 116.423 241.426 679.992 390.234 289.757 182.837 263.219 360.754
internal_count=9418 4798 4620 3111 1892 2758 1657 1687 1433 466 967 2728 1564 1164 734 1054 1446
is_linear=0
shrinkage=0.011451


Tree=27
num_leaves=18
num_cat=0
split_feature=31 31 21 31 5 8 6 22 1 7 21 18 17 9 15 7 5
split_gain=88.082 32.9676 29.6688 26.1308 24.3999 23.7674 17.9925 14.0948 11.8854 9.98894 9.39873 9.20653 8.14366 7.74714 7.0746 7.43734 6.358
threshold=19.614061910406011 -88.066844955317933 -13.499999999999998 88.455892247709144 -0.39732211040779258 0.0083688404252350874 -0.06442659427251983 -223.49999999999997 -7.6500000000000048 -0.65896583993788205 9.5000000000000018 -0.41547619047619039 0.60322580645161306 0.31464285714285717 -0.0088744588744588664 0.050816421352579445 1.5666715442395867
decision_type=2 2 2 2 8 8 8 10 8 8 2 8 8 10 10 8 10
left_child=1 16 -3 5 7 8 -6 -4 -2 12 -10 -11 -7 14 15 -5 -1
right_child=3 2 4 13 6 9 -8 -9 10 11 -12 -13 -14 -15 -16 -17 -18
leaf_value=-0.0055881015207994737 -0.0084823030857028407 0.0080287508138518291 0.0091092999273969643 0.012948487099455397 -0.0042931460063881472 0.0040792281539889048 -0.0011279315621543246 0.00060557486899831569 0.0011396619138044138 0.011231552800519644 -0.0056146369346108749 0.0040135071679543496 -0.0057393244374399667 0.0016384535381199603 0.014279991294034625 0.0047988290541675751 -0.011570225622377313
leaf_weight=95.201885744929314 21.719629630446434 44.928552016615868 27.191381052136421 21.134256333112717 361.32947920262814 19.697111755609512 675.92194809019566 311.71779592335224 204.34092751145363 24.406574204564095 30.453320786356926 357.07911492884159 23.685436472296715 20.873433858156204 27.85293735563755 49.715627789497375 31.772725865244865
leaf_count=383 87 180 109 85 1449 79 2707 1249 819 98 122 1432 95 84 112 200 128
internal_value=3.27555e-05 -0.0015621 -0.00106086 0.00311398 -0.00136134 0.00224289 -0.00223258 0.00130429 -0.000509082 0.0039026 0.000250278 0.00449398 -0.00128707 0.00803802 0.00937143 0.0073273 -0.0071373
internal_weight=2349.02 1548.06 1421.09 800.958 1376.16 681.382 1037.25 338.909 256.514 424.868 234.794 381.486 43.3825 119.576 98.7028 70.8499 126.975
internal_count=9418 6205 5694 3213 5514 2732 4156 1358 1028 1704 941 1530 174 481 397 285 511
is_linear=0
shrinkage=0.011451


Tree=28
num_leaves=18
num_cat=0
split_feature=0 31 31 5 0 31 0 5 9 11 25 3 11 17 2 11 3
split_gain=103.406 63.4684 50.6042 30.1526 26.9495 26.3815 24.986 21.4642 18.5577 15.9467 11.1689 10.7646 9.85705 10.2289 8.05836 11.8583 7.27303
threshold=0.17385352498288678 -30.865135729843015 43.422259919755909 2.2195646343004651 9.2648870636550296 -88.066844955317933 -5.708418891170429 -0.32554198314369115 0.21117222015023662 -0.004029625539512526 -1.4999999999999998 -0.00074430626513977128 -0.012800032768083834 -0.16794871794871791 -7.700000000000002 0.015162008269200168 0.00098752166550497588
decision_type=8 2 2 10 10 2 10 8 8 8 2 8 8 10 10 10 10
left_child=2 11 5 4 9 16 8 -8 -7 -3 -4 14 13 -12 -2 -16 -1
right_child=1 3 10 -5 -6 6 7 -9 -10 -11 12 -13 -14 -15 15 -17 -18
leaf_value=-0.0093548631684166605 -0.0084956290078539234 -0.00216440950914706 0.012526242018696497 -0.0095234126532184517 -0.0073609576684008152 0.0084511774935885527 0.0037776353194909173 -0.0006748039166039263 0.0020466666974003119 0.0015390319786821294 -0.0016466990048479015 -0.0084799969945421865 0.0075958562521683962 0.0083560364599737091 -0.0048650828744071896 0.0041048813035725095 -0.0011958710861074413
leaf_weight=35.339746996760368 39.289728254079819 215.9327650219202 41.480486467480659 47.338777974247932 62.366903334856033 106.78178465366364 199.54689706861973 487.58720237016678 133.75453114509583 514.29798167943954 37.120957300066948 186.51819545030594 139.48212423920631 20.173121079802513 67.37077596783638 26.416896641254425 24.157380893826485
leaf_count=142 158 865 167 190 250 428 800 1952 536 2059 149 750 562 81 271 106 97
internal_value=8.54736e-05 -0.00236503 0.00240424 -0.000710632 -0.000176762 0.00125883 0.00173428 0.000620599 0.00490524 0.000442937 0.00713338 -0.00670254 0.00595833 0.00193052 -0.00418162 -0.00232747 -0.00609177
internal_weight=2384.96 1159.53 1225.42 839.936 792.598 987.168 927.67 687.134 240.536 730.231 238.257 319.596 196.776 57.2941 133.077 93.7877 59.4971
internal_count=9563 4649 4914 3364 3174 3955 3716 2752 964 2924 959 1285 792 230 535 377 239
is_linear=0
shrinkage=0.011451


Tree=29
num_leaves=18
num_cat=0
split_feature=13 11 28 2 2 21 3 5 5 21 5 5 10 1 21 19 22
split_gain=54.0398 44.7318 25.8676 18.5658 18.5259 18.0282 29.5466 17.3817 16.9069 15.4268 14.5374 13.1876 12.6149 11.4385 9.65858 8.94616 11.3995
threshold=-0.066161616161616185 0.0019770709681392611 0.027823633679359725 7.7000000000000037 -10.150000000000004 1.0000000180025095e-35 0.059517134763985798 -0.083650755082027115 -1.9581897568269448 1.5000000000000002 -1.7718621870343751 1.535530990415428 0.12920405700927531 -10.100000000000007 9.5000000000000018 -0.39444444444444438 -7.4999999999999991
decision_type=8 10 10 8 10 2 8 10 8 2 10 10 8 10 2 8 10
left_child=2 5 11 10 -4 8 7 -7 -2 -8 -3 14 -12 -10 -1 16 -6
right_child=1 3 4 -5 15 6 9 -9 13 -11 12 -13 -14 -15 -16 -17 -18
leaf_value=0.0021329372852356681 0.0068872734671864329 0.006250638247096112 -0.010790724843181044 0.0077789123736238938 0.0055283844475319133 0.0018437923178029661 0.0015876966369967197 -0.004019199010040048 -0.0072620018311358881 0.012515987753325833 -0.00013479110089900241 -0.0041065686688323676 0.0040856267174100664 -0.0013149530800223399 -0.0054809698308786797 -0.0044269293095478487 -0.0055313486424732987
leaf_weight=195.58806788921356 30.65642286837101 114.25984416902065 54.979564681649208 115.04107761383057 28.41740719974041 245.45853708684444 27.687504991889 90.093467593193054 44.928715437650681 43.856862440705299 225.63686585426331 80.701625198125839 157.114501491189 618.48337152600288 23.944752156734467 267.2355018556118 20.427986472845078
leaf_count=784 123 459 221 462 114 984 111 361 180 176 905 324 630 2478 96 1073 82
internal_value=8.44931e-05 0.00116357 -0.00266786 0.00364363 -0.00468704 -0.000216261 0.00169523 0.000264799 -0.00133797 0.00834015 0.00267737 -0.000167533 0.0016017 -0.00172455 0.00128848 -0.003605 0.000890886
internal_weight=2384.51 1713.22 671.295 612.052 371.06 1101.16 407.096 335.552 694.069 71.5444 497.011 300.234 382.751 663.412 219.533 316.081 48.8454
internal_count=9563 6869 2694 2456 1490 4413 1632 1345 2781 287 1994 1204 1535 2658 880 1269 196
is_linear=0
shrinkage=0.011451


Tree=30
num_leaves=18
num_cat=0
split_feature=0 31 31 5 28 21 3 31 0 23 12 3 6 25 12 3 15
split_gain=110.556 62.6782 47.0029 24.7057 20.1278 22.7604 26.3566 14.9925 14.1325 13.6162 12.8725 11.7664 10.6753 10.8581 10.5741 12.9111 8.87829
threshold=-0.19712525667351063 -23.504672227775469 23.182160606342453 -1.0667232597623084 0.04680861079511308 1.0000000180025095e-35 inf -83.956534356055144 -9.1375770020533853 26.488095238095244 -0.2304227415666095 0.00039720139177878982 1.0003659174564652 1.0000000180025095e-35 0.056450702729258402 -0.015680249068131643 -0.063599313599313589
decision_type=8 2 2 8 10 2 8 2 10 10 10 10 10 2 8 8 10
left_child=2 12 3 10 5 9 -7 16 -9 -3 -1 -4 -2 -14 15 -6 -5
right_child=1 4 11 7 14 6 -8 8 -10 -11 -12 -13 13 -15 -16 -17 -18
leaf_value=0.0010637164775967724 -0.0070986040172547268 -0.0033437082864386431 0.0076568551279802026 -0.011254363424631564 -0.011492780495754848 0.0013921300533134575 0.012596727574013672 0.0062868897175311416 5.3173488239502322e-05 0.0024151998318267479 0.0088741542678263952 0.0034767045481947753 0.0027353490905966749 -0.0069234402997751894 -0.00060703487533253519 -0.0034606091643995516 -0.0021146797670981063
leaf_weight=46.113864436745644 323.16693185269833 222.57477225363255 210.71914039552212 20.895677745342255 36.162400856614113 299.36081846058369 29.684787198901176 51.65509258210659 539.09062021970749 70.413754060864449 69.278534963726997 154.8998299241066 31.904378995299339 28.139938175678253 88.836324065923691 94.830159842967987 40.579847916960716
leaf_count=185 1300 891 848 84 145 1199 119 207 2158 282 278 623 128 113 356 380 163
internal_value=-5.695e-05 -0.00244091 0.00252013 0.000908791 -0.000691779 0.00036161 0.00242624 4.25439e-05 0.000604687 -0.00195735 0.00577679 0.00589537 -0.00627568 -0.00181743 -0.00366461 -0.00572469 -0.00530817
internal_weight=2358.31 1225.07 1133.23 767.614 841.863 622.034 329.046 652.221 590.746 292.989 115.392 365.619 383.211 60.0443 219.829 130.993 61.4755
internal_count=9459 4913 4546 3075 3372 2491 1318 2612 2365 1173 463 1471 1541 241 881 525 247
is_linear=0
shrinkage=0.011451


Tree=31
num_leaves=18
num_cat=0
split_feature=0 31 31 11 21 2 31 11 11 0 27 30 2 26 8 24 3
split_gain=108.067 61.2965 45.967 20.4606 19.4197 33.2795 18.6288 16.6446 15.3851 13.8205 13.3924 13.2139 12.0119 13.1706 11.1209 10.8502 8.75501
threshold=-0.19712525667351063 -23.504672227775469 23.182160606342453 -0.044843631870137117 1.0000000180025095e-35 16.500000000000004 -88.066844955317933 0.08017427221777941 -0.017558908586791429 5.1101984941820673 -0.23227536550035835 -0.34060431905259486 -2.5499999999999967 -0.19075880466980352 0.034611839517315203 1.0000000180025095e-35 -0.014679468495912283
decision_type=8 2 2 8 2 8 2 10 8 8 8 10 8 10 10 2 8
left_child=2 16 6 12 9 -6 -1 10 11 -5 -8 -4 13 -3 -14 -10 -2
right_child=1 3 8 4 5 -7 7 -9 15 -11 -12 -13 14 -15 -16 -17 -18
leaf_value=-0.0053215202728447153 -0.0036106568331160196 -0.0008794500732057424 -0.0027290510639290055 -0.00043515260761996087 0.00086037118144117943 0.012214357796103326 -0.0053041780666643551 0.0054211671737531778 0.0062619431682598859 -0.0061004980747908629 0.0011355778113469107 0.0055469790531216985 -0.0048288065398986307 -0.011567212613421137 0.0021216901481160354 0.012713858823756766 -0.0073769797815182326
leaf_weight=57.709461629390717 119.84850242733955 23.19878825545311 43.358726099133492 215.34769603610039 324.84594337642193 37.143802255392075 45.208407998085022 113.18985825777054 222.1752232760191 75.921517297625542 551.43831390142441 59.036772280931473 69.551216244697571 43.378838464617729 52.429127305746078 40.891576960682869 263.19204363226891
leaf_count=232 482 93 174 862 1301 149 181 454 895 304 2208 237 279 174 210 165 1059
internal_value=-5.63078e-05 -0.00241348 0.00249187 -0.000683918 0.000276243 0.0020456 0.000898493 0.00140867 0.0058306 -0.00192236 0.000642289 0.00204753 -0.00399971 -0.00788846 -0.00184605 0.00729427 -0.00620682
internal_weight=2357.87 1224.86 1133.01 841.817 653.259 361.99 767.546 709.837 365.462 291.269 596.647 102.395 188.558 66.5776 121.98 263.067 383.041
internal_count=9459 4913 4546 3372 2616 1450 3075 2843 1471 1166 2389 411 756 267 489 1060 1541
is_linear=0
shrinkage=0.011451


Tree=32
num_leaves=18
num_cat=0
split_feature=0 31 31 11 3 0 5 31 11 13 0 21 28 28 28 22 28
split_gain=99.4248 47.9051 46.8345 25.3631 22.2011 19.395 18.8286 17.9793 14.8069 14.3305 13.3131 12.7141 12.1028 10.4407 10.0367 9.79208 9.53155
threshold=0.17385352498288678 20.322031434035811 15.459098627358914 -0.10355339105339105 -0.013449502709277581 5.0253251197809723 -1.7718621870343751 -41.738982016014567 -1.0000000180025095e-35 0.15793650793650796 -9.4072553045858989 -1.0000000180025095e-35 0.13696455124684864 0.26460375681278142 -0.016524596456603837 -83.499999999999986 -0.14246764191855119
decision_type=10 2 2 8 8 10 8 2 8 8 8 2 10 10 8 8 10
left_child=1 6 3 -2 8 11 -1 15 -4 -7 -8 -6 -12 -3 -9 -5 -10
right_child=2 13 4 7 5 9 10 14 16 -11 12 -13 -14 -15 -16 -17 -18
leaf_value=0.0064472748803841478 -0.0091543278482370347 0.0058150753011526994 -0.0079904644985459902 -2.7856092941778547e-05 -0.00022657685002362853 -0.0067580272094434546 0.0059403342528324904 0.00062729827728197135 0.0026810289142167026 0.002294245848186373 0.00039073331162639579 0.0065870174232799819 -0.003594253514668821 -0.0025610918127892597 -0.0031717042697062313 -0.0074032247127048881 -0.0042977692662209757
leaf_weight=66.238404989242554 114.69490219652653 393.75394383072853 49.906140297651291 27.83380338549614 49.460572794079781 40.694057837128639 47.386707827448845 132.30137880146503 57.194079905748367 50.932808771729469 585.49064517021179 130.00400950014591 119.81875132024288 20.171195477247238 291.41546842455864 154.87325811386108 45.462044432759285
leaf_count=266 462 1585 200 112 198 163 190 530 229 204 2345 521 480 81 1168 624 182
internal_value=-2.40775e-05 0.00223178 -0.0024534 -0.0042274 0.000568075 0.00253255 0.00062561 -0.00328658 -0.00291849 -0.00174578 0.000108074 0.00471526 -0.000288979 0.00540345 -0.00198638 -0.00628381 -0.000417328
internal_weight=2377.63 1232.86 1144.77 721.119 423.654 271.091 818.935 606.424 152.562 91.6269 752.696 179.465 705.309 413.925 423.717 182.707 102.656
internal_count=9540 4947 4593 2896 1697 1086 3281 2434 611 367 3015 719 2825 1666 1698 736 411
is_linear=0
shrinkage=0.011451


Tree=33
num_leaves=18
num_cat=0
split_feature=31 11 22 25 28 31 2 28 3 28 3 21 5 27 3 31 1
split_gain=86.2915 29.5272 21.9807 21.2825 21.1109 17.0562 15.6581 15.3723 15.2079 13.7621 11.2318 11.1589 10.756 9.96462 7.96838 7.8953 7.10422
threshold=20.322031434035811 0.039906377711465053 344.50000000000006 4.5000000000000009 0.049056000853390895 -30.865135729843015 -5.0499999999999963 -0.1168296578892183 -0.035187935902377225 0.069517648383978101 -0.052036542949667856 -1.0000000180025095e-35 1.4721818777257165 0.097171668116874263 -0.0534996125671292 -20.690955863353903 3.8000000000000118
decision_type=2 10 10 2 10 2 10 10 10 10 8 2 10 10 8 2 10
left_child=1 4 3 7 5 13 9 11 -6 -3 -9 -2 -10 -1 -7 16 -8
right_child=2 6 -4 -5 8 14 15 10 12 -11 -12 -13 -14 -15 -16 -17 -18
leaf_value=-0.0043467206917624599 0.0028521841474261531 0.00017839106632487709 -0.0079495059794868362 -0.0066986301166062339 -0.0088223743312696723 -0.0054491398970378966 -0.0010894896877661263 -0.0051114249041035774 -0.0023578011527082962 -0.008373103835008883 0.0025838568302255201 0.006874598240683095 -0.007760655017740049 0.00066609163302387101 0.00041600203130035744 0.0051463628981895694 0.0048183928854547663
leaf_weight=267.63436098396778 150.12597511708736 104.26580505073071 22.681339934468269 26.183147147297859 87.533461540937424 31.965344980359077 77.517642647027969 26.158279806375504 249.59264704585075 31.65467157959938 350.40413132309914 232.60355879366398 59.619733765721321 64.298083066940308 439.03084589540958 116.00252909958363 39.899196848273277
leaf_count=1075 603 418 91 105 352 128 311 105 1002 127 1407 935 240 258 1758 465 160
internal_value=-2.38533e-05 -0.00158951 0.00301464 0.00333767 -0.00246081 -0.00139104 0.00123996 0.0036893 -0.00461989 -0.00184414 0.00204126 0.00530446 -0.0034139 -0.0033763 1.08525e-05 0.00303598 0.000933832
internal_weight=2377.17 1569.01 808.156 785.475 1199.67 802.929 369.34 759.292 396.746 135.92 376.562 382.73 309.212 331.932 470.996 233.419 117.417
internal_count=9540 6294 3246 3155 4813 3219 1481 3050 1594 545 1512 1538 1242 1333 1886 936 471
is_linear=0
shrinkage=0.011451


Tree=34
num_leaves=18
num_cat=0
split_feature=31 31 5 8 6 28 31 6 5 31 31 11 25 18 12 30 13
split_gain=66.5144 33.4448 26.5059 20.6673 18.4481 17.2288 15.2121 12.8985 13.3192 11.2952 11.2553 10.2049 9.63548 9.46559 8.88055 8.69426 8.65601
threshold=-28.393934213122403 90.35144574519758 0.39752973732536262 0.0049074545249617749 2.4911888211719186 0.0089693973679521258 30.453032781019264 -1.1601212448902483 -0.52541062088324375 -93.525895401715147 -64.365922970591086 -0.086611540684429542 -1.4999999999999998 -0.19211344211344208 -0.25 -0.17337183888908023 -0.30634920634920626
decision_type=2 2 10 10 10 10 2 10 10 2 2 10 2 8 8 8 10
left_child=3 2 4 9 6 11 -2 -5 10 -1 -9 -4 -7 -6 -11 -3 -10
right_child=1 15 5 7 13 12 -8 8 16 14 -12 -13 -14 -15 -16 -17 -18
leaf_value=-0.0086226713320205605 0.00023399463071788597 0.0011194779021844077 -0.0041555431303727667 -0.0044636762307125018 0.011215440761406436 0.0024211836047455183 0.0030749169330260154 -0.0010502757656991224 0.0037847409078071003 -0.0078682505526642427 0.0095378636543481249 0.0014985220818354416 -0.0057363879470782387 0.003909093924211713 -0.0028498866772636786 0.0091382387670157512 -0.0029241045649931185
leaf_weight=65.82331570982933 651.55892127752304 22.59296090900898 52.883955672383308 63.457141146063805 34.106440961360931 21.709036454558372 397.65130606293678 19.673341706395149 36.809510827064514 52.917424857616425 38.399426624178886 191.11741064488888 134.56495748460293 74.129291474819183 354.86830125749111 85.268952816724777 76.526623114943504
leaf_count=266 2610 91 212 255 137 87 1597 79 148 213 154 766 540 298 1425 344 307
internal_value=7.88967e-05 0.00132894 0.000900316 -0.00285837 0.00177852 -0.00163786 0.00131197 -8.01877e-05 0.00155356 -0.00423405 0.00597953 0.000265144 -0.00459773 0.00626566 -0.00351282 0.00747571 -0.000735859
internal_weight=2374.06 1665.58 1557.72 708.475 1157.45 400.275 1049.21 234.866 171.409 473.609 58.0728 244.001 156.274 108.236 407.786 107.862 113.336
internal_count=9529 6682 6247 2847 4642 1605 4207 943 688 1904 233 978 627 435 1638 435 455
is_linear=0
shrinkage=0.011451


Tree=35
num_leaves=18
num_cat=0
split_feature=31 31 11 6 8 8 6 6 5 2 31 31 29 22 12 30 30
split_gain=65.0197 32.7169 25.987 20.738 20.2097 18.0868 13.802 12.6111 13.021 11.827 11.0623 11.0048 10.5676 9.14589 8.69058 8.5498 8.51035
threshold=-28.393934213122403 90.35144574519758 -0.078403460681073886 1.7167197703807957 0.0049074545249617749 -0.059612845954408987 2.6680447461172201 -1.1601212448902483 -0.52541062088324375 -7.6500000000000048 -93.525895401715147 -64.365922970591086 11.795980649784999 4.5000000000000009 -0.25 -0.090662602480094931 -0.17337183888908023
decision_type=2 2 8 10 10 8 10 10 10 8 2 2 10 10 8 10 8
left_child=4 2 6 5 10 -4 12 13 11 -5 -1 -9 -2 -6 -12 -10 -3
right_child=1 16 3 9 7 -7 -8 8 15 -11 14 -13 -14 -15 -16 -17 -18
leaf_value=-0.0085321850163000128 -0.0042449223649612487 0.0011071099363583544 -0.0018632239203379176 -0.0017999823568363529 -0.00050249998282199772 0.0017219901309564435 0.0045202864596819037 -0.0010386847935070819 0.002452933621942645 0.0065673311320494573 -0.007783185341513359 0.0094312450797774724 0.0040708681397925214 -0.0092089823935572034 -0.0028176800840480731 -0.0038025618997178062 0.0090414829047676809
leaf_weight=65.767003446817398 203.45710800588131 22.591166526079178 231.47411382198334 25.893569722771645 35.342500984668732 899.86285816133022 32.170942708849907 19.672483965754509 55.782241523265839 143.03865247964859 52.890592887997627 38.396348565816879 21.69531737267971 28.099922671914101 354.82229076325893 57.554874151945114 85.202051997184753
leaf_count=266 816 91 928 104 142 3608 129 79 224 575 213 154 87 113 1425 231 344
internal_value=7.8031e-05 0.00131398 0.000890142 0.0015482 -0.00282639 0.000987786 -0.00243051 -7.91203e-05 0.00153621 0.00528279 -0.00418703 0.00591256 -0.00343403 -0.00441411 -0.00347342 -0.000727372 0.00739553
internal_weight=2373.71 1665.39 1557.59 1300.27 708.328 1131.34 257.323 234.848 171.406 168.932 473.48 58.0688 225.152 63.4424 407.713 113.337 107.793
internal_count=9529 6682 6247 5215 2847 4536 1032 943 688 679 1904 233 903 255 1638 455 435
is_linear=0
shrinkage=0.011451


Tree=36
num_leaves=18
num_cat=0
split_feature=31 11 31 6 11 6 21 3 21 11 21 12 6 22 8 6 22
split_gain=109.287 32.6079 28.8139 20.6765 18.2838 14.9319 13.9876 12.7351 11.6239 11.2603 10.6504 9.34266 9.14356 8.60647 8.60617 9.08417 10.3685
threshold=29.266841744174034 0.044843631870137131 -88.066844955317933 -2.6858991962118792 -0.039906377711465039 -1.6248101395609278 -13.499999999999998 0.05138694394056454 1.0000000180025095e-35 -0.095343094525570202 -10.499999999999998 0.0083844348550231613 -1.5356479561363865 -223.49999999999997 0.036119253904442518 0.11078897720422655 4.5000000000000009
decision_type=2 10 2 10 8 8 2 8 2 8 2 8 8 8 10 10 10
left_child=1 2 -1 -3 14 9 -7 12 -9 -4 -5 -12 -6 -14 15 -2 -17
right_child=4 3 5 10 7 6 -8 8 -10 -11 11 -13 13 -15 -16 16 -18
leaf_value=-0.0081014270825449392 -0.0067619794296259125 -0.0058377952446978338 -0.0097166152563031034 0.0095707384059363597 -0.00044378821856661915 0.0056921922015758094 -0.0016661726308938678 0.0035124754923618515 0.011685361921677427 -0.0030129414339435607 -0.00076252917444873179 0.0032949432551612145 0.01048493730537553 0.0041023293346517144 0.0031499624676518626 0.0065335461025961238 -0.0045614726684988331
leaf_weight=106.79769565165043 33.662479415535927 45.357608795166016 49.70151162147522 24.149836629629135 53.35961551964283 34.42442287504673 1000.4296892285347 37.820298686623573 59.976389512419701 97.362339794635773 118.92914146184921 197.19924360513687 29.728998154401779 362.79677852988243 70.524545639753342 21.946025788784027 20.956152096390724
leaf_count=432 135 182 200 97 214 138 4011 152 242 391 477 791 120 1459 283 88 84
internal_value=3.24232e-05 -0.00154864 -0.00242254 0.00137088 0.00386256 -0.00190514 -0.00141791 0.00483053 0.00856963 -0.00531193 0.00234124 0.0017701 0.00399892 0.00460259 0.000279065 -0.00236969 0.00112709
internal_weight=2365.12 1674.35 1288.72 385.636 690.771 1181.92 1034.85 543.682 97.7967 147.064 340.278 316.128 445.885 392.526 147.089 76.5647 42.9022
internal_count=9496 6719 5172 1547 2777 4740 4149 2187 394 591 1365 1268 1793 1579 590 307 172
is_linear=0
shrinkage=0.011451


Tree=37
num_leaves=18
num_cat=0
split_feature=31 0 0 11 11 0 31 31 2 22 6 11 5 10 21 10 22
split_gain=106.838 71.1438 35.3354 28.0963 23.3185 22.6747 16.2409 15.126 14.9653 13.7598 12.0322 11.062 11.0261 11.4671 9.80435 10.0217 9.83919
threshold=29.266841744174034 1.834360027378507 1.4428473648186169 0.074982761687048774 -0.12432621792492614 -5.3908281998631091 -41.738982016014567 -74.861195257247445 7.6500000000000066 146.50000000000003 1.7511124389785901 -0.020009911165238533 0.34142814163606189 -0.17961891072397707 1.0000000180025095e-35 -0.06915505675954596 80.500000000000014
decision_type=2 10 10 10 8 8 2 2 10 10 10 8 10 8 2 8 10
left_child=1 3 11 5 -3 7 -6 -1 -7 12 -8 -2 13 -4 15 -13 -16
right_child=2 4 9 -5 6 8 10 -9 -10 -11 -12 14 -14 -15 16 -17 -18
leaf_value=-0.0059390536937708217 0.002740088643109461 -0.01030526905083776 -0.0029948607368591351 0.0044580979335431216 -0.0069187782003787071 -0.0022182403835367751 -0.0031664528412527091 0.0038662167970153032 0.002896420264349098 -0.0066869952614293949 0.0034847766167648074 0.010485270245805436 -0.0032290742936143392 0.0041683915555136555 0.010188784015198243 0.0033436690367991337 0.0022707939025891129
leaf_weight=22.649614632129669 111.30568853020668 81.478099495172501 35.932245001196861 174.9094622284174 150.8495581895113 590.61629602313042 346.4455403983593 182.67642320692539 85.332454264163971 29.938320100307465 39.200034037232399 32.419999107718468 50.67096184194088 148.93751893937588 134.16534194350243 122.39690637588501 24.810517802834511
leaf_count=91 447 329 144 702 609 2368 1389 732 342 120 157 131 203 597 542 493 100
internal_value=3.21132e-05 -0.00153114 0.00381971 0.000274943 -0.00461491 -0.000558027 -0.00373907 0.00276897 -0.00157036 0.000539587 -0.00248555 0.00586416 0.0014743 0.00277038 0.0069642 0.0048775 0.00896762
internal_weight=2364.73 1674.16 690.577 1056.18 617.973 881.275 536.495 205.326 675.949 265.479 385.646 425.098 235.541 184.87 313.793 154.817 158.976
internal_count=9496 6719 2777 4235 2484 3533 2155 823 2710 1064 1546 1713 944 741 1266 624 642
is_linear=0
shrinkage=0.011451


Tree=38
num_leaves=18
num_cat=0
split_feature=0 31 31 0 0 12 31 12 2 31 4 27 7 6 29 6 19
split_gain=100.011 48.4199 47.694 21.9018 21.5075 17.2812 15.9268 14.3392 11.7778 10.3633 10.2509 14.1242 9.87935 9.78623 8.71743 8.0539 8.00105
threshold=1.0000000180025095e-35 29.266841744174034 -20.056071581871262 8.4654346338124569 -8.3586584531143018 -0.26666666666666661 90.35144574519758 0.17545714179741109 -7.6000000000000076 -95.752406469628667 0.5471836050219715 -0.21075965668773486 -0.17488841340152653 -1.5356479561363865 1.8029921915002565 1.5468220463819315 0.39444444444444454
decision_type=10 2 2 10 8 8 2 10 10 2 10 10 10 8 10 10 10
left_child=1 4 9 5 12 14 -7 8 -6 -2 15 -12 -1 -3 -4 -11 -15
right_child=2 13 3 -5 7 6 -8 -9 -10 10 11 -13 -14 16 -16 -17 -18
leaf_value=0.002402194862180428 -0.011165367371586122 0.00033885995425210691 -0.0080719933452599504 -0.0064775685693360596 -0.0032449376469896158 -9.7487597617411893e-05 0.0069656807119048217 0.0037448107517411024 0.00031752603529612577 -0.0069677005416341423 -0.00812113740294239 0.0016355141397514489 0.010013228893133981 0.0070957922026495274 0.00047884270250410902 -0.00056672603261319061 0.0011410060453109626
leaf_weight=48.365062266588211 41.817529380321503 38.593398585915565 50.358662337064743 81.011119946837425 162.91270245611668 571.63515292108059 44.505866438150406 117.68153923749924 474.85047315061092 231.01772764325142 28.750025764107704 56.980421021580696 41.850056335330009 277.01854687929153 22.437745109200478 29.140515848994255 33.43059241771698
leaf_count=194 170 155 202 325 653 2290 179 472 1903 931 116 229 168 1119 90 117 135
internal_value=-0.000123947 0.00219967 -0.00252181 -0.000870728 0.000717028 -0.000205836 0.000419644 8.38143e-05 -0.000594907 -0.00579363 -0.00512408 -0.00167361 0.00598016 0.00578365 -0.00545586 -0.00625398 0.00645835
internal_weight=2352.36 1194.7 1157.65 769.949 845.66 688.937 616.141 755.445 637.763 387.706 345.889 85.7304 90.2151 349.043 72.7964 260.158 310.449
internal_count=9448 4799 4649 3086 3390 2761 2469 3028 2556 1563 1393 345 362 1409 292 1048 1254
is_linear=0
shrinkage=0.011451


Tree=39
num_leaves=18
num_cat=0
split_feature=0 31 31 11 5 0 0 21 6 11 2 11 31 7 11 6 21
split_gain=97.7694 47.3587 46.6564 29.4066 27.2498 28.041 20.4011 14.3354 12.716 12.1428 12.0867 10.3101 12.7126 10.1197 9.9695 9.2186 9.09656
threshold=1.0000000180025095e-35 29.266841744174034 -20.056071581871262 0.084907421106009476 0.4415268331617152 8.4654346338124569 -8.3586584531143018 -1.0000000180025095e-35 -1.1601212448902483 -0.01637005058236984 -3.8000000000000109 0.010528507728149507 -48.935085615402834 -0.16529665228667714 -0.084907421106009448 -1.2080774749875804 1.0000000180025095e-35
decision_type=10 2 2 10 10 10 8 2 8 8 10 10 2 10 10 10 2
left_child=1 3 11 6 5 7 13 -4 -8 -3 -5 12 -2 -1 -6 16 -11
right_child=2 9 4 10 14 -7 8 -9 -10 15 -12 -13 -14 -15 -16 -17 -18
leaf_value=0.0016548757548438989 -0.0095538488300127306 0.002208337396455178 -0.0019829092278376794 0.0012373836028903439 -0.0085689500990710505 -0.0068078714764820986 -0.004218776607880192 0.0023582835810349763 -6.0135921031530258e-05 0.00092436470144111299 0.0088480757271182497 -0.0028574108334758603 -0.0045538525610622389 0.0099867689706218746 -0.0028540282922230697 0.0088636388721966847 0.0076568304000758595
leaf_weight=43.13817872107029 129.2257394194603 95.003712475299835 133.87440288066864 43.852719351649284 58.165905922651291 63.081576764583588 116.98306953907013 385.81212565302849 534.33017997443676 51.4694734364748 73.191423118114471 116.40757878124714 141.86479458212852 34.128194391727448 128.95912340283394 148.74691280722618 53.63103249669075
leaf_count=173 524 382 536 176 234 253 469 1546 2141 207 294 468 571 137 517 603 217
internal_value=-0.000122588 0.00217504 -0.00249372 0.000708967 -0.00086089 0.000361105 -0.000148867 0.00123886 -0.000810603 0.00572076 0.00601961 -0.00573088 -0.00695478 0.00538866 -0.00465442 0.00702612 0.00438628
internal_weight=2351.87 1194.47 1157.39 845.624 769.893 582.768 728.58 519.687 651.313 348.851 117.044 387.498 271.091 77.2664 187.125 253.847 105.101
internal_count=9448 4799 4649 3390 3086 2335 2920 2082 2610 1409 470 1563 1095 310 751 1027 424
is_linear=0
shrinkage=0.011451


Tree=40
num_leaves=18
num_cat=0
split_feature=31 0 0 31 31 5 5 3 5 28 27 4 8 0 4 24 3
split_gain=87.2518 54.5251 35.2354 24.3632 20.9526 18.1376 17.9598 16.988 16.8293 22.2056 16.073 15.1068 14.2061 13.1516 10.0377 9.08197 8.52533
threshold=-11.274863092496956 2.3860369609856282 -1.4866529774127295 30.453032781019264 86.348826244443799 0.28334575809646184 1.3128091053607045 0.014218106738738469 0.083975206586399578 -0.065099173799445867 0.093332080325237224 -0.58022169603112139 0.024044895353785904 -4.7227926078028757 0.1431133347248347 -1.0000000180025095e-35 -0.015955224688103283
decision_type=2 10 10 2 2 10 8 10 10 8 10 8 10 8 10 2 8
left_child=2 3 6 8 5 -3 7 -1 9 -2 16 12 -5 -10 -7 -13 -4
right_child=1 4 10 11 -6 14 -8 -9 13 -11 -12 15 -14 -15 -16 -17 -18
leaf_value=-0.00022545636010711401 0.0089777892548848111 -0.00073347282225542942 -0.002890554830922936 -0.0016485830748322115 0.0062151325919827327 -0.0099599906558455881 -0.0030721273287764848 0.0065194539665668991 0.0040633317349382646 0.0016308925830334673 -0.00059754457192010295 0.001079934699612545 0.0072868564051539334 -0.0033007262073091554 -0.0031878142258867036 0.0069614296232903983 -0.0064786201344711096
leaf_weight=138.39460927248001 65.685215964913368 304.12524642050266 120.57576188445091 69.110923603177071 41.800743356347084 48.757433161139488 143.18192631006241 75.074814081192017 42.157990127801895 291.06663729250431 108.50211307406425 38.882912293076515 34.422937452793121 123.27270242571831 70.793202742934227 318.98240306973457 325.64357699453831
leaf_count=555 264 1218 486 278 168 196 574 301 169 1166 436 157 139 494 284 1287 1313
internal_value=2.37389e-05 0.00176947 -0.00275119 0.00329683 -0.00145804 -0.00222362 5.73916e-05 0.00215949 0.00159962 0.00299774 -0.00455485 0.00521257 0.00134972 -0.00141536 -0.00598945 0.00632557 -0.00551479
internal_weight=2360.43 1449.06 911.373 983.582 465.477 423.676 356.651 213.469 522.183 356.752 554.721 461.399 103.534 165.431 119.551 357.865 446.219
internal_count=9485 5820 3665 3954 1866 1698 1430 856 2093 1430 2235 1861 417 663 480 1444 1799
is_linear=0
shrinkage=0.011451


Tree=41
num_leaves=18
num_cat=0
split_feature=0 5 28 28 5 0 8 6 5 24 0 24 5 10 22 6 10
split_gain=78.4257 39.7305 28.5887 23.3278 21.9868 16.6426 14.6074 13.6492 13.5298 12.7487 12.2682 11.8118 13.9775 11.211 10.4877 12.3374 9.59274
threshold=-1.8193018480492797 0.32631161304986983 0.0076390492496064841 -0.0076390492496064824 1.5140555393848154 2.3860369609856282 0.013585983050449281 0.019721189438631024 1.2876658283848275 -1.0000000180025095e-35 -9.1375770020533853 1.0000000180025095e-35 -2.9394491847918496 0.27862759101086604 -182.49999999999997 -1.5356479561363865 0.1757622906489307
decision_type=10 10 8 8 10 10 10 10 10 2 8 2 10 8 10 10 10
left_child=3 2 11 8 10 9 7 13 14 -4 -5 12 -2 -3 -1 -16 -9
right_child=1 6 5 4 -6 -7 -8 16 -10 -11 -12 -13 -14 -15 15 -17 -18
leaf_value=0.012113896167697773 0.01020208676047483 -0.0091164883998456504 -0.0063241883002617882 0.0071852474655333424 -0.0064622138316643507 -0.0033105589693735518 -0.0016447997799759456 -0.0043201333181270519 0.0006443715320021946 0.00093636108367301744 0.0013511289490201683 0.0067276553621049163 0.00055806681220334914 -0.0030853791915164521 -0.0021358169574899372 0.0063596272415920065 0.0039430974846664177
leaf_weight=35.607331693172455 20.909354597330093 149.08962646126747 34.598948538303375 52.454886764287949 43.370718657970428 356.2472035586834 174.65925788879395 71.381802469491959 68.778999015688896 314.3686545342207 434.55554546415806 68.998667910695076 229.02876622974873 56.610403582453728 24.90966260433197 200.15390825271606 24.173495426774025
leaf_count=144 84 602 139 211 174 1431 702 287 276 1262 1745 277 919 228 100 807 97
internal_value=2.35075e-05 -0.00155676 -0.000285582 0.00277953 0.00129019 -0.00157193 -0.00428809 -0.00581361 0.00516981 0.00020588 0.00198842 0.00255608 0.00138971 -0.00747191 0.0063592 0.00541586 -0.00221695
internal_weight=2359.9 1500.07 1024.15 859.831 530.381 705.215 475.915 301.255 329.45 348.968 487.01 318.937 249.938 205.7 260.671 225.064 95.5553
internal_count=9485 6028 4112 3457 2130 2832 1916 1214 1327 1401 1956 1280 1003 830 1051 907 384
is_linear=0
shrinkage=0.011451


Tree=42
num_leaves=18
num_cat=0
split_feature=0 31 31 5 11 31 2 0 5 31 0 5 23 4 11 8 3
split_gain=79.4924 41.2549 34.3547 25.7911 21.4428 17.8072 15.9321 16.473 14.0995 13.9335 11.6526 11.2298 10.975 10.8748 10.4117 8.95336 8.87748
threshold=-0.15742642026009609 -40.961211875223391 -28.393934213122403 0.21912761715566978 0.10172571764804779 31.081690753884576 -13.950000000000001 -9.1375770020533853 -0.28319342203979242 67.008312951398821 -3.5304585900068441 1.2664239380313549 -95.897817460317427 1.2002764255632723 0.035327749183955211 -0.03129625863592058 -0.028683391075638994
decision_type=8 2 2 10 10 2 10 10 8 2 10 10 10 10 10 8 8
left_child=2 14 6 9 5 10 -1 -8 -9 13 -4 -7 -5 -3 -2 -16 -14
right_child=1 3 4 12 -6 11 7 8 -10 -11 -12 -13 16 -15 15 -17 -18
leaf_value=-0.0077027414108434417 -0.0075055823203078733 -0.0009119699403875661 0.0030717215790650398 -0.0069056297780360374 0.0076744603071073666 0.0057891913515837039 0.0086613447357615468 0.003462717877720436 -0.0023619071373073451 0.0042758349924645984 -0.0007306019293642147 -0.0024077371258930166 -0.0065854576785483792 0.0046308791394828923 -0.005906204407260144 0.002992659672738054 -0.00076961294278475383
leaf_weight=39.123852431774139 190.11581362783909 534.33079531788826 210.1907225549221 100.31283536553383 130.67135559022427 228.77605859935284 25.66686849296093 73.596618875861168 204.27248020470142 95.312217608094215 211.47662346065044 23.869965150952339 45.027842819690704 50.164989069104195 32.726019307971001 26.106823533773422 140.36694230139256
leaf_count=157 771 2141 843 403 528 925 103 295 819 383 847 96 181 201 132 105 564
internal_value=-1.41267e-05 -0.00205565 0.0021462 -0.000982095 0.00343799 0.0026103 -0.000889295 3.78233e-06 -0.000814624 0.000231974 0.00116661 0.00501047 -0.00386468 -0.000431543 -0.00620562 -0.00196802 -0.00220056
internal_weight=2362.11 1214.46 1147.64 965.516 804.985 674.313 342.66 303.536 277.869 679.808 421.667 252.646 285.708 584.496 248.949 58.8328 185.395
internal_count=9494 4881 4613 3873 3239 2711 1374 1217 1114 2725 1690 1021 1148 2342 1008 237 745
is_linear=0
shrinkage=0.011451


Tree=43
num_leaves=18
num_cat=0
split_feature=0 5 11 0 28 21 5 3 5 4 24 10 3 5 5 0 3
split_gain=77.7087 33.7551 31.0933 25.9723 19.1445 15.478 20.4656 14.9945 14.1813 15.9045 11.1968 10.8364 9.97899 9.56788 8.75532 8.66302 6.81588
threshold=-0.15742642026009609 1.603144083014451 0.065312056490497941 -8.3586584531143018 -0.043324873459056799 -1.0000000180025095e-35 -1.2873560345900361 -0.027123048097380417 1.146535952224635 -0.59934790002675276 -1.0000000180025095e-35 -0.079532742709147494 0.053194722820930525 -1.0667232597623084 -0.47210937524441438 -5.23066392881588 0.015973452533597613
decision_type=8 10 10 10 8 2 10 10 10 10 2 10 8 10 10 10 10
left_child=2 4 3 16 12 7 -7 -6 9 -5 14 -3 13 -2 -4 -10 -1
right_child=1 11 10 8 5 6 -8 -9 15 -11 -12 -13 -14 -15 -16 -17 -18
leaf_value=0.00449558053300255 0.0043138015958033267 -0.00017882633245877726 0.0058857246671372753 -0.0001598385677209704 -0.0084016347177154303 0.00084411652099548873 -0.0036520532630061066 -0.002454726020574657 0.0023604533714662625 0.0035725050020385292 0.0069580515583872547 -0.0084395211965403831 0.007234989324149628 -0.0008065638492242011 -0.0038409135218608653 -0.0043783499170535253 0.010898248733961087
leaf_weight=73.565523877739906 62.828444570302963 24.944798782467842 22.263409450650215 428.67489014565945 88.181904911994934 296.99636134505272 239.08956496417522 150.83411072194576 31.927980795502663 229.34440302848816 195.71234272420406 126.25184778869152 31.376280292868614 193.69804114103317 25.135502472519875 109.16231949627399 31.572800382971764
leaf_count=296 252 101 90 1721 355 1191 962 607 128 922 790 510 126 777 101 438 127
internal_value=-1.39723e-05 -0.00203266 0.00212226 0.00114283 -0.0013103 -0.00224637 -0.00116317 -0.00466593 0.000436566 0.00114331 0.0057522 -0.00708338 0.00120917 0.000455399 0.000745878 -0.00284949 0.00647451
internal_weight=2361.56 1214.2 1147.36 904.248 1063 775.102 536.086 239.016 799.11 658.019 243.111 151.197 287.903 256.526 47.3989 141.09 105.138
internal_count=9494 4881 4613 3632 4270 3115 2153 962 3209 2643 981 611 1155 1029 191 566 423
is_linear=0
shrinkage=0.011451


Tree=44
num_leaves=18
num_cat=0
split_feature=0 31 31 2 31 8 0 31 12 0 0 12 21 0 7 24 12
split_gain=77.4625 46.9963 29.5099 21.2071 19.2631 18.2947 18.7259 14.6851 16.0677 18.0794 14.054 10.87 10.4739 13.6192 12.0314 10.2064 10.1045
threshold=2.2956878850102673 -24.128443015274794 -23.504672227775469 -15.299999999999995 48.441217889502589 0.0049074545249617749 -1.1115674195756335 88.455892247709144 0.027777777777777738 9.2648870636550296 -7.0814510609171792 -0.10457875457875453 -1.0000000180025095e-35 8.1286789869952134 -4.3375324964213062 1.0000000180025095e-35 0.03361195729409739
decision_type=8 2 2 10 2 10 10 2 8 10 10 10 2 10 10 2 8
left_child=1 3 12 -1 10 15 -7 8 -4 -10 -3 -12 -2 14 -14 -5 -6
right_child=2 4 7 5 16 6 -8 -9 9 -11 11 -13 13 -15 -16 -17 -18
leaf_value=-0.0088087746804635502 -0.0088249713652180407 0.0057928957123264792 -0.0048592052113359541 -0.0030725602329433688 0.0022122134934377613 0.0051155666187117583 -0.0029745663217418433 0.0047135697071967854 0.00034035159661674957 -0.008494667741679441 0.00012972815281218219 0.0030263047896094365 0.0046088354361219644 -0.010599919599242915 -0.0042253227649176111 0.0053087027621946756 0.0069775884427230326
leaf_weight=46.484510645270348 110.07579624652863 103.83347827196121 171.65220658481121 266.75040480494499 87.64675372838974 107.18907508254051 56.990848585963249 45.741251036524773 300.49415969848633 33.117963686585426 423.81113919615746 282.94582614302635 25.571296349167824 32.349126085639 88.247255742549896 19.917963862419128 178.94329300522804
leaf_count=187 446 418 689 1072 354 430 229 184 1204 133 1700 1136 103 131 357 80 725
internal_value=-6.93396e-05 0.00140924 -0.00295205 -0.00150095 0.00275296 -0.000735658 0.00230662 -0.00145566 -0.0020196 -0.00055181 0.00187203 0.0012911 -0.0061577 -0.00411827 -0.00222539 -0.00247932 0.00542025
internal_weight=2381.76 1574.51 807.249 497.333 1077.18 450.848 164.18 551.006 505.264 333.612 810.59 706.757 256.243 146.168 113.819 286.668 266.59
internal_count=9578 6331 3247 1998 4333 1811 659 2210 2026 1337 3254 2836 1037 591 460 1152 1079
is_linear=0
shrinkage=0.011451


Tree=45
num_leaves=18
num_cat=0
split_feature=13 12 3 21 4 1 25 3 3 6 22 24 18 17 3 4 1
split_gain=43.9703 27.0215 25.253 22.0167 29.7908 17.7043 16.3241 16.1121 15.5524 14.1518 13.1369 12.8301 13.1935 12.0624 10.5934 9.39408 8.81937
threshold=-0.088888888888888837 1.0000000180025095e-35 -0.08680365365585567 1.0000000180025095e-35 0.19374192768324019 5.049999999999998 1.0000000180025095e-35 0.043363383006598484 0.05906449782075935 2.7367813371130283 125.50000000000001 -1.0000000180025095e-35 0.33578431372549028 1.0000000180025095e-35 -0.030890369473046627 -0.54718360502197128 -6.3500000000000076
decision_type=8 10 10 2 8 10 2 8 8 10 10 2 8 8 8 10 10
left_child=2 3 -1 5 14 9 11 10 -6 -2 13 -4 -13 -3 -5 -9 -8
right_child=1 7 6 4 8 -7 16 15 -10 -11 -12 12 -14 -15 -16 -17 -18
leaf_value=-0.011390211435066206 -0.0028337551219060541 0.0063955150515339412 -0.0054728308577827282 -0.01031931351344911 0.0023068986616944227 0.0016877347075788488 -0.0096656054536002501 0.0009429597985671788 0.0082166217291153552 0.0039415787791520288 -0.0024219582436877858 -0.0014919380571676777 0.0036951539712718139 0.00179167294219601 -0.0013953461316094243 0.01003534886265548 -0.003450638629491562
leaf_weight=40.75680373609066 529.20187523961067 98.749131008982658 54.116178825497627 20.173938944935799 266.47029207646847 192.93480482697487 34.977395460009575 20.140896737575531 74.468684762716293 43.190952897071838 70.127156585454941 157.92528989911079 107.50918360054493 302.99194772541523 108.97806152701378 58.253138393163681 200.27656510472298
leaf_count=165 2125 397 218 81 1071 775 141 81 300 174 282 636 433 1219 438 235 807
internal_value=-6.86059e-05 0.000830133 -0.00276124 -0.000110304 0.00183869 -0.001308 -0.00211451 0.00293914 0.00361115 -0.00231854 0.00213402 -0.000426863 0.000612965 0.00293198 -0.00283486 0.00772683 -0.00439923
internal_weight=2381.24 1785.68 595.561 1235.42 470.091 765.328 554.805 550.262 340.939 572.393 471.868 319.551 265.434 401.741 129.152 78.394 235.254
internal_count=9578 7178 2400 4964 1890 3074 2235 2214 1371 2299 1898 1287 1069 1616 519 316 948
is_linear=0
shrinkage=0.011451


Tree=46
num_leaves=18
num_cat=0
split_feature=31 31 2 2 21 28 22 5 22 13 5 30 30 6 14 28 2
split_gain=79.206 31.5804 21.2623 20.0168 26.7033 18.6157 16.24 15.242 14.1282 12.8522 10.701 10.5542 10.5463 10.4278 10.2654 10.2396 9.22873
threshold=-13.667284384877233 67.008312951398821 -5.1000000000000076 -12.700000000000001 -1.0000000180025095e-35 -0.046808610795113066 105.50000000000001 0.56024851242771234 -125.49999999999999 -0.027735042735042733 -0.20261948945704375 0.65184453227931505 0.23024675077020615 0.019721189438631024 0.20000000000000007 0.032018420570252233 3.8000000000000118
decision_type=2 2 8 10 2 8 10 10 8 10 10 10 8 10 10 10 10
left_child=3 2 11 4 -1 6 -4 -7 12 14 -3 15 13 -5 -10 -2 -11
right_child=1 10 5 8 -6 7 -8 -9 9 16 -12 -13 -14 -15 -16 -17 -18
leaf_value=-0.010951517165431938 -0.0014565117391515542 0.0070421086304924196 0.0053123618437127366 0.0013486122405952255 -0.00028712895237117774 0.0012987356797213817 -0.0020053994498906505 -0.0034056748773301829 -0.0028765393868647768 -0.0015251467866469162 0.0019865010936637732 0.0055712613425924823 -0.0021952729120305547 0.011605244884784422 -0.0085512672494652813 -0.0070403750512550139 0.0054805067768123683
leaf_weight=80.403481185436249 172.43861116468906 161.3907223790884 233.48398976027966 33.777589961886406 49.700208857655525 595.90133106708527 47.536955133080482 105.76754103600979 500.16126123070717 68.017680779099464 84.049581497907639 20.659973084926605 43.217389404773712 20.6752809882164 45.219719097018242 56.968003660440445 37.836166083812714
leaf_count=325 692 654 939 136 200 2391 191 425 2015 273 339 83 174 83 182 229 152
internal_value=-4.29724e-05 0.00157549 0.000827337 -0.00276382 -0.00689977 0.00158593 0.0040727 0.000587062 -0.00203984 -0.0026488 0.00532086 -0.00215001 0.00201103 0.00533568 -0.00335686 -0.00285942 0.000997456
internal_weight=2357.21 1478.2 1232.76 879.009 130.104 982.69 281.021 701.669 748.905 651.235 245.44 250.067 97.6703 54.4529 545.381 229.407 105.854
internal_count=9483 5943 4950 3540 525 3946 1130 2816 3015 2622 993 1004 393 219 2197 921 425
is_linear=0
shrinkage=0.011451


Tree=47
num_leaves=18
num_cat=0
split_feature=0 5 0 11 11 24 3 13 30 6 1 0 26 4 12 16 12
split_gain=83.1719 35.564 25.5787 24.1865 22.3723 18.488 13.2553 12.5758 12.6751 11.6714 10.9193 9.06514 8.72712 7.92643 9.99325 8.37904 7.7824
threshold=-2.3764544832306647 1.9896363536665744 5.3579739904175225 0.082799682344730188 -1.0000000180025095e-35 -1.0000000180025095e-35 -0.015052019657315839 0.069337606837606883 0.26715686274509814 -1.2329825192781911 6.3500000000000094 -5.0527036276522912 0.33339508459923434 -0.19374192768324014 0.5837719298245615 -1.0000000180025095e-35 -0.12499999999999993
decision_type=10 10 10 10 10 2 8 10 8 8 10 8 10 10 8 2 10
left_child=3 2 4 9 5 -2 -6 8 -4 11 -3 12 -1 15 -15 -11 -5
right_child=1 10 7 16 6 -7 -8 -9 -10 13 -12 -13 -14 14 -16 -17 -18
leaf_value=-0.0021206836596224716 -0.0067313073495369122 -0.0084948412267344675 -0.0079050392747707001 0.003743825235222006 -0.0011013586409802454 -0.00081465887617418974 0.0031856494860121459 0.00088051231879648527 -0.0028103928026529689 -0.00180945713327959 0.00045516593811644428 -0.0050588451966672356 0.0074947198025609243 0.0034341692270775906 0.010496216633684908 0.0025915185697223913 0.0095281926815198956
leaf_weight=29.422809779644012 77.680250912904739 115.75593607127666 108.7970539778471 49.475164234638214 138.15850259363651 599.24480222165585 297.23320232331753 60.119649901986122 157.2490296214819 69.990021094679832 21.039774671196938 48.095573738217354 20.437123998999596 158.38118314743042 31.219632416963577 289.7950351536274 84.699318498373032
leaf_count=118 313 468 439 200 555 2408 1195 241 633 281 85 193 82 638 126 1165 343
internal_value=-4.24903e-05 -0.00155755 -0.00102528 0.0030101 -0.000197641 -0.00149954 0.00182569 -0.00384164 -0.00490827 0.00208855 -0.00712273 -0.00154459 0.00186719 0.00273741 0.00462951 0.00173363 0.00742416
internal_weight=2356.79 1575.28 1438.48 781.516 1112.32 676.925 435.392 326.166 266.046 647.341 136.796 97.9555 49.8599 549.386 189.601 359.785 134.174
internal_count=9483 6337 5784 3146 4471 2721 1750 1313 1072 2603 553 393 200 2210 764 1446 543
is_linear=0
shrinkage=0.011451


Tree=48
num_leaves=18
num_cat=0
split_feature=31 11 31 11 31 21 6 2 6 2 2 21 28 20 12 8 13
split_gain=72.8038 30.7359 21.7297 15.819 17.1184 14.8634 14.1218 13.5375 13.253 10.1504 10.1303 21.0742 10.3303 9.87194 9.1479 9.01084 7.78823
threshold=23.182160606342453 0.041106836501573325 -30.865135729843015 -0.042337697068966444 93.958121973821008 -8.4999999999999982 -0.018974145369791914 -3.8000000000000109 0.90450890771318071 1.0000000180025095e-35 10.150000000000007 1.5000000000000002 -0.0031488154379432469 -0.78888888888888886 0.042293552036199063 0.036119253904442518 0.26770833333333344
decision_type=2 10 2 8 2 2 8 10 10 10 8 2 10 10 8 10 8
left_child=1 2 8 15 10 -4 -7 13 9 -1 12 -12 -5 -3 -6 -2 -9
right_child=3 7 5 4 14 6 -8 16 -10 -11 11 -13 -14 -15 -16 -17 -18
leaf_value=-0.0061775030583422182 -0.0028071012592602029 -0.0052614770908789655 0.0060348663089823682 0.0032251751503119467 0.0022837874904573182 -0.0039807881281191055 -0.00027166803427141576 0.003906456930086206 -0.00010427794415422464 -0.0025896118997709673 0.0019317370302123183 0.012205087991262393 -0.00082706443046110965 0.00099543540754491126 0.010943192008712304 0.0026447114595297533 -0.0031737064586006268
leaf_weight=274.46411281824112 86.895639061927795 51.247897937893867 37.390087082982063 311.4089113920927 22.432240083813667 187.3927461206913 473.88131338357925 206.85344083607197 94.873049393296242 168.06829857826233 65.47236530482769 43.313311070203781 111.81617979705334 90.627056360244751 58.927925676107407 72.156623527407646 22.095209822058678
leaf_count=1109 349 206 150 1255 91 753 1899 831 382 678 264 175 450 364 240 290 89
internal_value=-3.6205e-06 -0.00139231 -0.0022595 0.00288403 0.00371771 -0.000926439 -0.0013257 0.00149716 -0.00398928 -0.00482078 0.00296231 0.00607123 0.00215495 -0.00127863 0.0085934 -0.000333087 0.00321598
internal_weight=2379.32 1606.89 1236.07 772.423 613.371 698.664 661.274 370.824 537.405 442.532 532.011 108.786 423.225 141.875 81.3602 159.052 228.949
internal_count=9575 6461 4971 3114 2475 2802 2652 1490 2169 1787 2144 439 1705 570 331 639 920
is_linear=0
shrinkage=0.011451


Tree=49
num_leaves=18
num_cat=0
split_feature=0 5 11 21 0 3 5 0 12 22 13 21 22 0 3 3 11
split_gain=101.732 33.3521 24.4262 21.595 21.0109 16.5882 16.4881 17.5346 21.0507 16.3402 17.5466 16.1851 14.5331 14.2706 13.1534 12.7969 12.4379
threshold=0.17385352498288678 -0.042605207914575664 0.039906377711465053 -1.0000000180025095e-35 -3.7412731006160178 -0.071070830145867667 1.8056718149433122 5.0253251197809723 -0.12499999999999993 -125.49999999999999 -0.027735042735042733 -1.4999999999999998 21.500000000000004 2.2395619438740568 -0.014468880141848104 -0.0011580014062398389 0.0092442893231459728
decision_type=10 8 8 2 10 10 10 10 8 8 8 2 10 8 10 8 8
left_child=1 16 6 5 9 -4 7 8 -2 -3 -11 14 -7 15 -6 -5 -1
right_child=2 4 3 13 11 12 -8 -9 -10 10 -12 -13 -14 -15 -16 -17 -18
leaf_value=0.0025461227186260055 -0.0059061199419811602 0.0096172730134971816 -0.011542091018208666 -0.0011638793506038086 -0.0078254383561491871 -0.0045294170074602763 -0.0084972970381618357 -0.0063333686694210453 0.0004707470183045014 -0.002991438298938992 0.0033978073327446652 0.00080815654073266695 0.0038191603582050644 -0.00067154198229195437 -0.00098625826920703346 0.0069611138809817881 0.0063956593526402561
leaf_weight=192.97214162349701 100.94033420085907 40.767876729369164 31.95406736433506 38.909607008099556 63.930936381220818 111.10633340477943 94.853203117847443 159.21119441092014 204.25297389924526 72.055331826210022 251.16009470820427 256.43286693096161 35.636684909462929 306.69042655825615 86.445943400263786 71.740148112177849 259.82312658429146
leaf_count=776 407 164 129 156 257 447 385 643 821 289 1010 1030 143 1231 347 288 1052
internal_value=-3.51746e-06 0.00229687 -0.00243981 -0.000825431 0.000846389 -0.00414854 -0.00415735 -0.00326008 -0.00164658 0.00284266 0.00197023 -0.000941442 -0.0024939 0.000601782 -0.00391543 0.00411407 0.00476118
internal_weight=2378.88 1223.59 1155.29 596.037 770.793 178.697 559.258 464.405 305.193 363.983 323.215 406.81 146.743 417.34 150.377 110.65 452.795
internal_count=9575 4925 4650 2394 3097 719 2256 1871 1228 1463 1299 1634 590 1675 604 444 1828
is_linear=0
shrinkage=0.011451


Tree=50
num_leaves=18
num_cat=0
split_feature=31 11 31 12 22 4 2 21 8 10 1 5 27 13 12 17 18
split_gain=76.393 31.1858 22.918 21.2124 21.1066 15.7999 12.5175 15.5798 11.3926 10.2789 9.92393 9.25604 9.23913 9.13317 8.61705 8.59638 8.33057
threshold=20.322031434035811 0.062316678290691659 -18.709117844510271 0.042293552036199063 125.50000000000001 -1.2250593743625475 -15.299999999999995 -1.0000000180025095e-35 -0.077980859420610907 -0.21049166033430389 -7.6500000000000048 -0.60885441139677843 0.20043669174677028 0.0094474153297682845 -0.090970849802371564 -0.074642857142857136 0.066666666666666693
decision_type=2 10 2 8 10 8 10 2 8 8 10 10 10 10 10 8 8
left_child=1 2 6 10 -5 11 7 -1 14 -10 -2 -4 -7 -8 -3 -11 -6
right_child=3 8 5 4 16 12 13 -9 9 15 -12 -13 -14 -15 -16 -17 -18
leaf_value=-0.011596465980722647 -0.0063713788228316427 -0.0047209415563870902 -0.0012076244220700486 0.0050212256430675027 0.0019774301957575543 -0.00020262484968165448 -0.0034530197796529627 -0.0012827745753607085 -0.00279725200065192 0.009846340658549866 0.0010275567573679368 -0.0083756039622775065 0.0056522850248879371 0.0021300361087719126 0.0018575432754739862 0.0033257523736982 -0.0069179816627201142
leaf_weight=51.995930165052414 25.61342990398407 46.75725944340229 46.876757994294167 473.93794353306293 27.034096539020538 460.46361243724823 553.18784289062023 30.516438603401184 27.598811224102974 33.3229009360075 248.73702399432659 47.495297208428383 37.613222271203995 40.852941483259201 57.527314454317093 127.35842321813107 27.067380577325821
leaf_count=211 103 188 188 1913 109 1846 2231 123 111 134 1002 191 151 164 231 512 109
internal_value=3.71763e-05 -0.0014383 -0.00221517 0.00290749 0.00424816 -0.000569625 -0.00365419 -0.00782265 0.00192877 0.00360609 0.000323102 -0.00484835 0.000246443 -0.00306712 -0.00110319 0.00471291 -0.00250287
internal_weight=2363.96 1561.57 1269 802.39 528.039 592.449 676.553 82.5124 292.565 188.28 274.35 94.3721 498.077 594.041 104.285 160.681 54.1015
internal_count=9517 6281 5105 3236 2131 2376 2729 334 1176 757 1105 379 1997 2395 419 646 218
is_linear=0
shrinkage=0.011451


Tree=51
num_leaves=18
num_cat=0
split_feature=6 12 10 13 21 11 5 2 2 9 22 8 10 21 5 30 10
split_gain=36.0361 34.2064 18.3826 19.0818 36.5437 17.7928 16.4101 14.8026 12.291 10.0232 9.0333 11.9299 8.99062 8.2774 7.34865 6.50116 6.50008
threshold=-1.1601212448902483 0.14208516902482429 0.21796450675761023 0.071699134199134276 1.0000000180025095e-35 0.059616449310752058 0.2026933264297042 -13.950000000000001 -12.700000000000001 -0.44604037267080737 -154.49999999999997 0.0049074545249617749 0.27862759101086604 8.5000000000000018 1.9465686816218579 0.0079871094498752977 0.14042817175496161
decision_type=8 10 10 8 2 10 10 10 10 10 10 8 10 2 10 10 10
left_child=5 2 3 8 -5 7 10 -1 -2 -7 -3 -12 15 16 -4 -8 -9
right_child=1 6 14 4 -6 9 12 13 -10 -11 11 -13 -14 -15 -16 -17 -18
leaf_value=-0.012073847668455007 -0.0072024025535530421 0.011608381748693717 0.0061632466192747364 -0.0011615391762150313 0.0035911394315870262 -0.0038167472142076266 0.0018079109108297565 -0.004611697266439947 -0.0014862479804756351 0.0027175064595698277 0.0016476212125104096 0.0074556607792060341 0.0062819994418721326 -0.0095437659160550505 -0.00086301099894664718 -0.0035591865416168228 -0.00093300125985173142
leaf_weight=29.286243513226509 54.323021158576012 30.381339371204376 82.468856632709503 555.21775805950165 342.43577690422535 45.501820221543312 67.869547754526138 136.61218903958797 486.79909557104111 91.76353457570076 83.95266230404377 104.25360290706158 31.793313950300217 26.980175212025642 25.312052458524704 51.441824555397034 117.14479330182076
leaf_count=119 219 123 332 2233 1380 183 273 551 1958 369 338 421 128 109 102 207 472
internal_value=3.67047e-05 0.000720016 -2.85267e-05 -0.000371034 0.000652819 -0.00288743 0.00384589 -0.00440445 -0.0020682 0.000543549 0.00584722 0.00487976 0.000937877 -0.00357783 0.00451796 -0.000513023 -0.00292031
internal_weight=2363.54 1916.25 1546.56 1438.78 897.654 447.289 369.692 310.023 541.122 137.265 218.588 188.206 151.105 280.737 107.781 119.311 253.757
internal_count=9517 7714 6224 5790 3613 1803 1490 1251 2177 552 882 759 608 1132 434 480 1023
is_linear=0
shrinkage=0.011451


Tree=52
num_leaves=18
num_cat=0
split_feature=0 31 31 0 31 31 31 22 6 11 30 11 10 11 0 23 13
split_gain=117.754 55.0324 43.7621 20.2265 18.3929 15.8461 14.2894 13.6821 13.1274 11.3523 11.3372 10.1142 10.3397 9.54478 10.3248 8.12283 6.86054
threshold=0.17385352498288678 41.282455125552367 23.772770415404356 -9.1375770020533853 -88.066844955317933 -40.961211875223391 88.455892247709144 154.50000000000003 -0.61345989035881565 -0.013995442830977976 -0.66694677871148444 0.059616449310752058 -0.01642670464351997 -0.091591241954976407 5.1101984941820673 81.654761904761941 0.25000000000000006
decision_type=8 2 2 10 2 2 2 10 10 8 8 10 8 8 10 10 8
left_child=1 3 5 -1 -5 11 7 10 -6 16 -4 12 -2 15 -15 -7 -3
right_child=2 9 6 4 8 13 -8 -9 -10 -11 -12 -13 -14 14 -16 -17 -18
leaf_value=0.0071986019325353231 -0.0042768594571169346 0.0071456840657521566 0.0086002960930704163 -0.0054993656030645696 2.6353464796943778e-07 -0.009025136352630702 0.0060076075861765794 -0.0070280075667512269 0.0028921907685452082 0.0090951940964978974 -2.3423292136907698e-05 -0.0011934175032726143 -0.0095987068253958422 -0.0010820072096570765 -0.0046565620126390829 -0.0012023057439432187 4.1117510271552815e-05
leaf_weight=72.250965923070908 82.243437364697456 35.009352847933769 20.934321165084839 54.223291873931885 442.07789438962936 54.470816060900688 56.770965456962585 33.651616916060448 384.46958684921265 171.81770044565201 268.55593580007553 40.889420241117477 120.15991522371769 317.11776243150234 158.90006564557552 25.765425235033035 35.634138971567154
leaf_count=291 335 141 84 219 1773 220 229 135 1545 701 1077 165 490 1272 639 104 144
internal_value=0.0001117 0.00264363 -0.00245467 0.00140196 0.000921402 -0.00397411 0.000744431 -0.000190629 0.00134669 0.00750702 0.000618414 -0.00641063 -0.00745727 -0.00290208 -0.00228005 -0.0065435 0.00359567
internal_weight=2374.94 1195.48 1179.46 953.022 880.771 799.547 379.913 323.142 826.547 242.461 289.49 243.293 202.403 556.254 476.018 80.2362 70.6435
internal_count=9564 4814 4750 3828 3537 3225 1525 1296 3318 986 1161 990 825 2235 1911 324 285
is_linear=0
shrinkage=0.011451


Tree=53
num_leaves=18
num_cat=0
split_feature=0 21 6 5 5 0 2 27 10 0 21 12 13 6 0 10 8
split_gain=115.12 26.4805 33.0123 25.7411 19.3094 17.0441 15.6789 15.2725 13.4972 12.5562 12.0124 9.86811 9.28998 9.03089 8.46153 7.82347 6.7637
threshold=0.17385352498288678 1.0000000180025095e-35 1.6607723510283983 -0.47210937524441438 0.47223192786584017 -5.3908281998631091 15.299999999999999 -0.40134721871325679 0.2464281762172737 2.0232717316906226 1.0000000180025095e-35 0.10380563708737085 -0.13361823361823366 -0.55347891747576161 5.0253251197809723 0.077104650360937346 -0.076656568499487279
decision_type=8 2 8 8 8 10 8 8 10 10 2 10 8 10 8 10 8
left_child=3 4 6 11 8 15 12 -7 14 -4 -9 13 -3 -1 -2 -5 -6
right_child=1 2 9 5 16 7 -8 10 -10 -11 -12 -13 -14 -15 -16 -17 -18
leaf_value=-0.00010651774457874389 -0.0012841733743201515 -0.005472280830099349 0.0069570008483216712 0.0026380708793899638 -0.010222370689034083 -0.0086187524511198745 0.0067052309532774634 -0.00034437967707464772 0.0066030692630935734 0.00097533668124896093 0.0030647188851231346 0.008138711438985112 -0.0018316080448835582 0.0051829345067789965 -0.0064344678905806424 0.0069964417147526763 -0.0054010095061217522
leaf_weight=55.449020907282829 157.22768822312355 154.60307988524437 63.919580921530724 163.22703720629215 45.214561969041824 22.392721280455589 21.048582956194878 376.34445647895336 22.174383699893951 161.02633972465992 211.04737758636475 107.67880012094975 227.86648742854595 177.80631794035435 56.568467304110527 81.194664180278778 269.46948853135109
leaf_count=223 632 627 257 657 184 90 85 1511 89 647 850 437 915 719 228 327 1086
internal_value=0.000110445 -0.00242743 -0.000819635 0.00261425 -0.00425921 0.00155036 -0.0027776 0.00052468 -0.00177581 0.0026905 0.000882568 0.00527164 -0.00331017 0.0039288 -0.00266257 0.00410089 -0.00611378
internal_weight=2374.26 1179.12 628.464 1195.14 550.655 854.206 403.518 609.785 235.971 224.946 587.392 340.934 382.47 233.255 213.796 244.422 314.684
internal_count=9564 4750 2531 4814 2219 3435 1627 2451 949 904 2361 1379 1542 942 860 984 1270
is_linear=0
shrinkage=0.011451


Tree=54
num_leaves=18
num_cat=0
split_feature=0 31 5 5 31 21 3 3 6 0 27 29 23 4 31 22 4
split_gain=83.2815 33.5839 28.1682 22.7064 21.6697 19.3975 23.2299 19.5236 17.451 14.8058 13.2379 11.8777 11.5646 11.1557 10.3305 9.58906 9.45325
threshold=-0.24229979466119109 41.282455125552367 0.45392352807206965 -0.32554198314369115 -1.2577860096258744 -1.0000000180025095e-35 0.015061534429554603 -0.059061957151129212 1.7511124389785901 8.4654346338124569 -0.15667777765630328 -11.392460317460314 -407.22499999999997 0.98508957344949166 31.081690753884576 77.500000000000014 0.82466241897978609
decision_type=10 2 10 8 2 2 8 10 10 10 10 8 8 10 2 10 10
left_child=1 3 4 10 8 7 -7 -5 -2 11 -1 -6 -3 -12 -11 -14 -4
right_child=2 12 16 5 9 6 -8 -9 -10 14 13 -13 15 -15 -16 -17 -18
leaf_value=-0.0031000534469412381 -0.0043229931681410781 -0.0023665265190301716 -0.0066554966173061987 -0.008353589375349562 -0.0069678058382695272 -0.00086121656564087045 0.0055922155555678072 -0.00075795499092904197 0.0032551392180167928 -0.011039131456120451 0.003826531898151317 0.0014114532622289022 0.0077259527243972743 0.010918030994133477 -0.00092922328229631129 0.0010322322417952317 -0.0028624331452438219
leaf_weight=29.877533033490181 305.60287590324879 19.918997168540955 195.82077185809612 51.193455368280411 22.693655341863632 158.55063426494598 134.87051905691624 308.73808744549751 45.31267149746418 22.853353500366211 183.76825615763664 444.42647099494934 180.77857401967049 34.330726563930511 30.676791027188301 33.461212038993835 156.43044862151146
leaf_count=120 1234 81 794 206 91 636 541 1239 182 92 740 1783 737 139 123 136 631
internal_value=-0.000178128 0.00205479 -0.00224988 0.00104905 -0.0011437 -7.16849e-05 0.00211101 -0.00185166 -0.00334016 0.000339071 0.0039942 0.000995077 0.00591225 0.00497249 -0.00532761 0.0066869 -0.00497958
internal_weight=2359.31 1135.49 1223.82 901.329 871.566 653.353 293.421 359.932 350.916 520.65 247.977 467.12 234.159 218.099 53.5301 214.24 352.251
internal_count=9505 4575 4930 3621 3505 2622 1177 1445 1416 2089 999 1874 954 879 215 873 1425
is_linear=0
shrinkage=0.011451


Tree=55
num_leaves=18
num_cat=0
split_feature=31 28 11 2 21 2 27 13 2 22 14 23 25 23 18 28 11
split_gain=50.9927 26.5167 21.1295 15.3675 28.1268 22.4666 17.0236 14.1206 13.3418 13.1467 13.1432 12.322 10.3435 9.29545 8.44479 9.95234 8.1268
threshold=-5.0556133147881601 0.051153375201833898 -0.10172571764804776 8.9000000000000075 1.0000000180025095e-35 20.399999999999995 0.23836022347290728 -0.16666666666666666 -15.249999999999998 -26.499999999999996 0.30064102564102574 -120.85218253968252 -1.0000000180025095e-35 188.58333333333334 -0.023015873015872986 0.055171607156194617 -0.11330860022036147
decision_type=2 8 8 8 2 8 10 8 10 8 8 8 2 10 10 10 10
left_child=1 8 13 6 -5 -6 7 -4 -1 12 16 -11 -3 14 -2 -16 -10
right_child=2 9 3 4 5 -7 -8 -9 10 11 -12 -13 -14 -15 15 -17 -18
leaf_value=-0.0067497759329636434 -0.0079899776058012812 0.0031881145756482809 -0.0063616816112649138 0.0012502576968071251 0.003394874290827435 0.013463988479161611 0.0055095402292540769 0.00081786214788943988 -0.0032971569374476138 -0.0089591326828840565 -0.0045824225434446886 -0.0038411009495639479 -0.0031329254685740992 0.0025929820293274391 0.0028202559118761235 -0.0054592090305789339 0.0020596211377996595
leaf_weight=34.65743251144886 45.975521668791771 54.133266180753708 37.052778452634811 186.35328632593155 59.147933691740036 57.612285599112511 98.537910848855972 755.59875382483006 41.6451076567173 74.856620386242867 54.930041387677193 353.69710916280746 88.608141899108887 33.80057717859745 33.799169734120369 42.023241177201271 306.27820792794228
leaf_count=140 185 218 149 749 239 234 399 3041 168 303 221 1427 358 136 136 169 1233
internal_value=-0.000176178 -0.00212307 0.00127909 0.00179638 0.00402099 0.00841116 0.00103732 0.000477218 -1.06304e-06 -0.00374626 0.00058966 -0.00474753 -0.000732079 -0.00268215 -0.00415218 -0.00177603 0.00141339
internal_weight=2358.71 1008.81 1349.9 1194.3 303.114 116.76 891.189 792.652 437.511 571.295 402.853 428.554 142.741 155.599 121.798 75.8224 347.923
internal_count=9505 4068 5437 4811 1222 473 3589 3190 1762 2306 1622 1730 576 626 490 305 1401
is_linear=0
shrinkage=0.011451


Tree=56
num_leaves=18
num_cat=0
split_feature=0 31 31 24 4 0 11 1 12 6 9 3 30 9 19 6 11
split_gain=73.3522 49.1248 30.0547 22.883 21.2035 18.7875 16.2788 17.3228 14.3403 13.3743 12.4489 11.4717 13.0687 10.2657 10.1395 9.91205 9.70757
threshold=-2.2792607802874723 0.41771766898614265 45.08111829933069 -1.0000000180025095e-35 0.58022169603112161 5.6687200547570162 0.062316678290691659 5.049999999999998 -0.11421832884097026 0.041667170002566374 -0.11111111111111112 0.027189697802523342 1.5891588296760712 0.0076144094001237015 -0.36038961038961032 -0.5363964005460119 0.073590500314638277
decision_type=8 2 2 2 10 10 8 8 10 8 10 10 8 8 10 10 10
left_child=2 4 8 13 6 9 14 -8 -1 -5 -7 12 -10 -3 -2 16 -6
right_child=1 3 -4 5 15 10 7 -9 11 -11 -12 -13 -14 -15 -16 -17 -18
leaf_value=0.00036392878558406391 -0.0037501382019407719 -0.00029284385803610093 0.0075429270077495567 -1.5126799934664211e-05 -0.0046898190080773335 0.00052191909403318459 -0.0037374824978118676 0.0026484265330314941 0.0012091034668093167 0.0038002725071733952 -0.0064031653277938777 0.0081309433467406707 0.0095146691890731112 -0.009848459999739833 -0.0078196785616207673 0.0027785899555158532 0.0040003169458850537
leaf_weight=364.7045204937458 147.69047556817532 25.15632601082325 148.94227123260498 188.11634880304337 66.858710363507271 83.909258231520653 269.1618410050869 69.679240480065346 161.54053753614426 334.32621788978577 56.504248455166817 62.809390291571617 28.754738181829453 35.091411605477333 181.28545497357845 94.446281731128693 21.899981886148453
leaf_count=1465 599 101 609 756 271 337 1083 280 650 1346 227 253 116 141 734 380 88
internal_value=3.3613e-05 -0.00138103 0.00293653 0.000813246 -0.00324466 0.00142917 -0.00419054 -0.00242168 0.00181912 0.00242818 -0.00228181 0.00390951 0.00249279 -0.00590513 -0.00600391 0.000205928 -0.00253189
internal_weight=2340.88 1574.13 766.751 723.104 851.022 662.856 667.817 338.841 617.809 522.443 140.414 253.105 190.295 60.2477 328.976 183.205 88.7587
internal_count=9436 6343 3093 2908 3435 2666 2696 1363 2484 2102 564 1019 766 242 1333 739 359
is_linear=0
shrinkage=0.011451


Tree=57
num_leaves=18
num_cat=0
split_feature=31 4 31 2 21 8 21 3 11 22 23 3 22 21 3 6 22
split_gain=68.2036 27.1589 16.7276 16.3785 22.028 14.4136 14.0012 13.498 12.5142 10.8158 10.0917 9.52298 8.8118 8.6996 8.21302 8.04832 8.02154
threshold=18.206790082733395 0.58022169603112161 -55.987482262187193 10.150000000000007 1.0000000180025095e-35 -0.0025140125604773129 -13.499999999999998 0.0149164677804296 0.043568314138780546 -10.499999999999998 318.98235294117654 -0.031365313653136488 238.50000000000003 -10.499999999999998 -0.055690841405895801 -0.97422365736041006 217.50000000000003
decision_type=2 10 2 8 2 8 2 10 10 10 10 10 10 2 10 10 10
left_child=1 2 10 5 15 8 -4 -8 -2 -10 14 -6 -7 -3 -1 -5 -15
right_child=3 13 6 4 11 12 7 -9 9 -11 -12 -13 -14 16 -16 -17 -18
leaf_value=-0.010966851843205189 -0.002770008828622808 0.0068566072408236707 0.0074850366249314786 -0.0026289455779931721 0.0138632305866686 0.0035449451992306969 -0.0026747288883754963 0.00048161922610861249 0.0063766364173783894 -0.00074423963838046931 0.0022056154497944614 0.0063355018378355634 -0.0042208247001954934 0.0012029660986986929 -0.0046868555852397215 0.0051603346771508431 -0.0055049436890041836
leaf_weight=31.552349358797073 128.87933786213398 32.528712809085846 21.38751745223999 36.804762572050095 38.891296803951263 397.05213998258114 611.84727716445923 249.99047034978867 49.968229845166206 62.216858074069023 23.857412442564964 54.821067407727242 19.588583648204803 321.04699973762035 203.50539614260197 31.8412816375494 24.553931891918182
leaf_count=129 519 131 86 148 159 1604 2459 1005 202 251 97 222 79 1292 825 129 99
internal_value=3.32492e-05 -0.00140235 -0.00228268 0.00269361 0.0059446 0.00188591 -0.00153021 -0.00175951 -0.000342432 0.00244628 -0.0048391 0.00953497 0.00317371 0.00125602 -0.0055583 0.000998885 0.000716765
internal_weight=2340.33 1520.27 1142.14 820.064 162.358 657.705 883.225 861.838 241.064 112.185 258.915 93.7124 416.641 378.13 235.058 68.646 345.601
internal_count=9436 6123 4601 3313 658 2655 3550 3464 972 453 1051 381 1683 1522 954 277 1391
is_linear=0
shrinkage=0.011451


Tree=58
num_leaves=18
num_cat=0
split_feature=0 0 28 11 28 3 6 8 8 19 27 8 7 3 16 23 1
split_gain=103.744 31.8948 19.9093 19.5086 17.4072 15.9291 15.6395 13.2266 12.5067 12.0246 11.7956 13.8219 11.2226 11.014 10.8957 7.66882 8.04351
threshold=1.713894592744696 -2.5503080082135514 0.024719496192692553 1.0000000180025095e-35 -0.046808610795113066 0.053822656232187967 -1.0435249153733313 0.076656568499487307 0.0012399995780016106 -0.46190476190476182 0.25060059614818325 0.049581412824927708 1.4790351435312481 0.028518218499494433 -1.0000000180025095e-35 407.22500000000008 -5.1000000000000076
decision_type=10 8 10 10 8 10 8 8 8 8 10 8 10 10 2 10 10
left_child=1 4 9 5 12 7 13 -3 -5 -2 11 -11 -1 -6 -8 16 -4
right_child=2 3 15 8 6 -7 14 -9 -10 10 -12 -13 -14 -15 -16 -17 -18
leaf_value=0.0068006566375422069 0.0040358488173091586 -0.0042345111838931002 -0.010708076327237318 0.00021041930814023522 -0.0039874048993058017 0.0063881965876255295 -0.00030743363071085742 -0.00021470291248879141 0.0051229024942089129 -0.00515561700405728 0.0034506698521759357 -0.0012211405176968503 -0.001791500253307777 0.0053939216787684688 0.0042504877730500188 -9.8850749691143343e-05 -0.0052760236737096344
leaf_weight=217.35880674421787 40.74692165851593 179.00691615045071 42.691618338227272 141.37260380387306 73.882669731974602 32.559405073523521 88.201246052980423 266.77090567350388 130.30203658342361 202.5319440215826 41.327806681394577 277.58766022324562 21.669901177287102 20.425181537866592 310.16049997508526 30.638029113411903 233.79492457211018
leaf_count=881 164 721 173 569 297 131 355 1073 526 816 166 1117 88 82 1251 124 947
internal_value=-5.60782e-05 0.0017862 -0.00319512 0.000126292 0.00348601 -0.00126514 0.00225068 -0.00183279 0.0025733 -0.00191054 -0.00237973 -0.00288566 0.00601891 -0.00193214 0.00324248 -0.00553739 -0.00613837
internal_weight=2351.03 1481.71 869.319 750.012 731.698 478.337 492.67 445.778 271.675 562.194 521.447 480.12 239.029 94.3079 398.362 307.125 276.487
internal_count=9481 5974 3507 3020 2954 1925 1985 1794 1095 2263 2099 1933 969 379 1606 1244 1120
is_linear=0
shrinkage=0.011451


Tree=59
num_leaves=18
num_cat=0
split_feature=0 31 5 0 5 28 2 23 13 28 16 16 9 5 4 5 11
split_gain=101.427 38.9205 24.7527 24.1993 18.1229 18.9237 15.7332 16.3401 14.1941 13.9822 16.4685 11.0471 9.88675 8.45269 8.26341 10.9271 7.92531
threshold=0.75975359342915827 -28.393934213122403 0.47223192786584017 -7.5578370978781644 -0.59355277387072714 -0.072965537050574569 -12.700000000000001 -98.816666666666649 -0.65476190476190466 0.0089693973679521258 1.0000000180025095e-35 -1.0000000180025095e-35 1.0000000180025095e-35 -0.92941580729684137 0.58022169603112161 2.3352357418517333 -0.052049777719980976
decision_type=10 2 10 8 8 10 10 10 10 10 2 2 8 10 10 10 8
left_child=1 6 9 16 -5 -6 8 11 -1 10 12 -8 -2 -9 15 -4 -3
right_child=2 3 14 4 5 -7 7 13 -10 -11 -12 -13 -14 -15 -16 -17 -18
leaf_value=-0.0016759420166254325 0.0024476974847968368 0.0023455974638756255 -0.0057260190468027689 0.0052402024448730319 0.0030676185597392118 -0.0012820230822683236 -0.0066108590666352947 0.0074274295429774435 -0.013881816478552664 -0.0038001864488489316 0.003459982497536155 -0.00042729183761570683 -0.0024189052849620989 0.0010942600434445172 -0.0034631652028243335 -0.013235092771777221 0.0093517159109438603
leaf_weight=29.515025809407234 65.468355104327202 27.294994294643402 125.27173236012459 235.82123880088329 353.63425381481647 207.77180981636047 58.661798760294914 34.332491174340248 21.271570309996605 250.4688710719347 107.93812711536884 105.10453999042511 319.4661670923233 132.91265185177326 140.64725829660892 32.159503862261772 102.79884193837643
leaf_count=119 263 110 509 957 1425 835 236 138 86 1010 434 422 1285 534 568 132 418
internal_value=-5.54389e-05 0.0020657 -0.00272144 0.00333193 0.00258037 0.00145824 -0.00101018 -9.43363e-05 -0.00690123 -0.00160091 -0.000479673 -0.00265999 -0.00158843 0.00241853 -0.00550606 -0.00730899 0.0079011
internal_weight=2350.54 1309.12 1041.42 927.321 797.227 561.406 381.798 331.011 50.7866 743.342 492.873 163.766 384.935 167.245 298.078 157.431 130.094
internal_count=9481 5280 4201 3745 3217 2260 1535 1330 205 2992 1982 658 1548 672 1209 641 528
is_linear=0
shrinkage=0.011451


Tree=60
num_leaves=18
num_cat=0
split_feature=0 31 0 5 5 31 19 28 6 12 12 8 18 6 5 2 0
split_gain=61.6385 43.0049 29.38 24.9016 24.0542 22.434 15.9404 15.0523 12.2054 11.7714 11.035 10.8344 9.92682 11.0631 9.46244 8.60085 6.93177
threshold=-0.76522929500342218 -42.300116112241646 8.4654346338124569 -0.39732211040779258 0.32631161304986983 -1.6581872007545824 -0.35357142857142848 0.0076390492496064841 -2.7475303162310412 -0.11111111111111109 0.10380563708737085 0.076656568499487307 -0.42792207792207787 -0.65549846462588046 -1.7718621870343751 2.600000000000009 -5.3908281998631091
decision_type=8 2 10 8 10 2 8 8 8 8 10 8 8 10 10 8 10
left_child=3 6 4 10 7 12 -2 -3 -7 -6 11 -1 -5 -14 -13 -8 -10
right_child=1 2 -4 5 9 8 15 -9 16 -11 -12 14 13 -15 -16 -17 -18
leaf_value=0.0017482261257352027 0.0016931461046627882 0.0038194209645474554 -0.0061646876913053475 -0.007553493563897137 -0.0066238550227502918 -0.0054219068734509502 -0.0050511980135629518 0.00018929420675646515 0.0060099657335543882 -0.0012185300328557236 0.0082096596378308222 0.011749936705468082 -0.0020700716111551696 0.0022448801379991402 0.0032324848275243627 -0.0098040891301217677 0.0024973977283599068
leaf_weight=145.30779975652695 33.911603346467018 220.52010075747967 104.13351655006409 26.675913840532303 71.905771791934967 19.918385043740273 149.32371138036251 464.18267196416855 111.31540821492672 195.77919092774391 96.887937769293785 32.063319861888885 196.75756169855595 128.06099782884121 37.312040120363235 77.155673801898956 221.00748300552368
leaf_count=587 138 886 420 107 291 80 609 1864 451 788 395 131 790 514 151 315 891
internal_value=0.000195809 -0.00143849 -0.000409869 0.00231514 0.000223209 0.0011198 -0.00560042 0.001361 0.00315948 -0.00268329 0.00500692 0.00354068 -0.00092631 -0.000367778 0.00724294 -0.00669426 0.00368359
internal_weight=2332.22 1316.91 1056.52 1015.31 952.388 703.736 260.391 684.703 352.241 267.685 311.571 214.683 351.494 324.819 69.3754 226.479 332.323
internal_count=9408 5311 4249 4097 3829 2833 1062 2750 1422 1079 1264 869 1411 1304 282 924 1342
is_linear=0
shrinkage=0.011451


Tree=61
num_leaves=18
num_cat=0
split_feature=31 5 22 6 12 19 31 12 31 25 3 12 2 25 27 25 25
split_gain=59.8028 22.049 19.6318 17.4599 16.7059 14.6267 13.2715 11.5971 11.3575 11.2298 10.0491 9.82898 8.66223 8.61892 8.55111 8.01844 7.9638
threshold=-28.393934213122403 0.32631161304986983 -230.49999999999997 -0.65549846462588046 -0.10781440781440781 -0.39444444444444438 -88.066844955317933 0.10725200258152696 38.312127837189344 2.5000000000000004 -0.00060109396740948273 0.23087374581939804 13.950000000000005 -1.0000000180025095e-35 0.0081114421320606905 1.0000000180025095e-35 -1.0000000180025095e-35
decision_type=2 10 8 10 10 8 2 10 2 2 8 10 8 2 10 2 2
left_child=3 2 14 5 13 -1 -5 8 -4 -9 -7 16 15 -3 -2 -6 -8
right_child=1 4 7 6 12 10 11 9 -10 -11 -12 -13 -14 -15 -16 -17 -18
leaf_value=0.0031340696254049216 0.0022433660863487017 0.0012376303403703983 0.00038723387440465525 -0.0057220341008387869 0.0019593342472485455 -0.0025639133549682181 0.0025251291553577983 0.0050221583016285525 0.0031239859600753054 -0.003578521431308556 -0.00651876925530107 0.0058694780906482424 0.0076810354656171977 -0.0049169988045958592 0.01136656126806194 -0.002286231830503983 -0.0020261723945497953
leaf_weight=31.820709839463234 20.304791703820229 37.963120117783546 613.76412841677666 54.102987959980965 154.0699298530817 142.98237980902195 76.749538004398346 202.15026588737965 293.62399072945118 21.602900758385658 209.16998361051083 37.258016973733902 22.523999854922295 134.83483673632145 41.763218998908997 92.978884652256966 143.92926360666752
leaf_count=129 82 153 2464 220 620 579 309 818 1189 87 848 150 91 544 170 374 581
internal_value=0.000193611 0.00138988 0.00219909 -0.00261618 -0.000792835 -0.00424906 -0.000602134 0.00185205 0.00127446 0.00418367 -0.00492083 0.000483692 0.000988709 -0.00356529 0.00843725 0.000359638 -0.000440461
internal_weight=2331.59 1635.58 1193.21 696.013 442.371 383.973 312.04 1131.14 907.388 223.753 352.152 257.937 269.573 172.798 62.068 247.049 220.679
internal_count=9408 6592 4810 2816 1782 1556 1260 4558 3653 905 1427 1040 1085 697 252 994 890
is_linear=0
shrinkage=0.011451


Tree=62
num_leaves=18
num_cat=0
split_feature=0 31 0 5 0 4 6 31 5 4 31 22 6 28 29 3 4
split_gain=82.4111 39.7518 21.6028 21.0424 19.2826 18.0051 19.1761 16.9614 16.3379 13.6473 13.303 10.5702 10.3086 8.46846 6.38339 5.54084 5.36645
threshold=-2.5503080082135514 23.182160606342453 -8.3586584531143018 1.9896363536665744 9.2648870636550296 -0.12761386621135748 -0.88919024458898444 -69.636127877903945 0.32631161304986983 -0.23423966182987385 -48.935085615402834 167.00000000000003 0.15895476147347476 -0.0076390492496064824 -6.1535256410256389 -0.00089949429339675191 1.0694906772440247
decision_type=8 2 10 10 10 10 10 2 10 10 2 10 8 8 10 8 10
left_child=2 3 14 5 8 10 -7 -4 12 -10 -2 13 -3 -9 15 -1 -5
right_child=1 4 7 16 -6 6 -8 11 9 -11 -12 -13 -14 -15 -16 -17 -18
leaf_value=0.00067677337059540666 -0.006154305139134 -0.00019335190630150303 -0.0037258254632160956 -0.0095499660075711399 -0.0083485493263252206 -0.0034027505600748831 0.0024713741739978501 0.0051109372009902334 -0.0087299958530320035 0.00015154870985671518 -0.0023696025570281239 -0.0032648711386547881 0.0040113457221326353 0.0020473988544484206 0.010278236128633768 0.0072573678952932577 -0.0046228984211442005
leaf_weight=25.391736626625061 157.82524910569191 107.93149800598621 57.607499197125435 64.074016183614731 26.359731495380402 121.10813277959824 180.81302008032799 189.87916319072247 29.567959308624268 90.813376903533936 534.28801713883877 34.946989089250565 261.03795129060745 316.56008817255497 54.71420581638813 49.652569130063057 56.734823271632195
leaf_count=103 644 434 232 262 106 489 727 770 119 365 2148 141 1054 1275 222 201 230
internal_value=-0.000126012 -0.0015567 0.0030736 -0.00277223 0.00107118 -0.00222064 0.000112824 0.00215117 0.00158919 -0.00206578 -0.0032377 0.00278032 0.00278324 0.00320119 0.00729917 0.00505619 -0.00727394
internal_weight=2359.31 1630.55 728.752 1114.84 515.711 994.034 301.921 598.994 489.351 120.381 692.113 541.386 368.969 506.439 129.759 75.0443 120.809
internal_count=9522 6578 2944 4500 2078 4008 1216 2418 1972 484 2792 2186 1488 2045 526 304 492
is_linear=0
shrinkage=0.011451


Tree=63
num_leaves=18
num_cat=0
split_feature=0 31 0 5 0 4 6 31 5 4 31 24 22 28 29 8 8
split_gain=80.5709 38.8573 21.145 20.6041 18.8584 17.6025 18.7436 16.5817 15.9733 13.3492 13.0255 10.6747 10.3343 8.28616 6.25557 6.09816 6.0323
threshold=-2.5503080082135514 23.182160606342453 -8.3586584531143018 1.9896363536665744 9.2648870636550296 -0.12761386621135748 -0.88919024458898444 -69.636127877903945 0.32631161304986983 -0.23423966182987385 -48.935085615402834 -1.0000000180025095e-35 167.00000000000003 -0.0076390492496064824 -6.1535256410256389 0.020043049897431473 -0.053924612664588915
decision_type=8 2 10 10 10 10 10 2 10 10 2 2 10 8 10 8 10
left_child=2 3 14 5 8 10 -7 -4 11 -10 -2 -3 13 -9 15 -1 -5
right_child=1 4 7 16 -6 6 -8 12 9 -11 -12 -13 -14 -15 -16 -17 -18
leaf_value=-0.00015596260194543053 -0.0060889104146785722 -0.0041987916117556603 -0.0036844828312279348 -0.0098528286736001801 -0.0082583487747056265 -0.003364811743322902 0.0024430382700046417 0.0050551111906634236 -0.008635419668088869 0.00014982603175487074 -0.0023427334641473929 0.0032933946300058286 -0.0032275086887875869 0.0020242101813833799 0.010172707380810284 0.0070483295323522047 -0.0046487341337195067
leaf_weight=21.487892419099808 157.70144563913345 26.330722525715828 57.594341591000557 58.199233621358871 26.349793165922165 121.07883587479591 180.82331728935242 189.78562019765377 29.55682061612606 90.813281670212746 534.23541039228439 342.55911137163639 34.954359859228134 316.52779963612556 54.655969694256783 53.523501113057137 62.497469067573547
leaf_count=87 644 106 232 238 106 489 727 770 119 365 2148 1382 141 1275 222 217 254
internal_value=-0.000124663 -0.00153944 0.00303953 -0.00274141 0.00105893 -0.00219572 0.000111513 0.00212701 0.00157121 -0.00204286 -0.00320155 0.00275204 0.00274914 0.00316543 0.00722173 0.00500128 -0.00719822
internal_weight=2358.67 1630.15 728.529 1114.54 515.61 993.839 301.902 598.862 489.26 120.37 691.937 368.89 541.268 506.313 129.667 75.0114 120.697
internal_count=9522 6578 2944 4500 2078 4008 1216 2418 1972 484 2792 1488 2186 2045 526 304 492
is_linear=0
shrinkage=0.011451


Tree=64
num_leaves=18
num_cat=0
split_feature=0 5 4 21 3 6 28 4 5 3 5 4 14 11 28 21 15
split_gain=67.2136 30.9944 25.1069 20.8493 23.2169 17.5924 16.3387 14.9148 14.4384 13.3331 14.8245 10.9129 10.5714 17.7244 11.3608 10.3856 11.4112
threshold=2.4435318275154008 -0.32554198314369115 -0.30997217565604168 1.0000000180025095e-35 0.10584144593782426 -1.1358461105283975 0.0089693973679521258 -0.58022169603112139 0.28334575809646184 -0.039169822789641422 0.37405915570824938 -1.9255475401312794 -0.11326979472140762 -0.028257075153416741 0.18001978840899277 -1.4999999999999998 0.3093485461906515
decision_type=10 8 8 2 8 10 8 10 10 10 10 10 10 10 10 2 8
left_child=1 7 9 5 -5 -4 8 12 11 -3 -11 -2 14 -14 -1 -8 -17
right_child=6 2 3 4 -6 -7 15 -9 -10 10 -12 -13 13 -15 -16 16 -18
leaf_value=0.009137749460730954 -0.0053663351383162706 -0.008451627357142914 -0.0015652025780043639 0.0022450744322106537 0.010981538976391729 0.0026434981475943853 -0.0078510954845767492 0.0056684511904650818 -0.0033115118396697691 0.0024407531199896857 -0.0044883873928228644 0.0032109490865752585 -0.0048776903362965337 0.0028790233124465193 3.8038187713282076e-05 -0.0051653793143652026 -0.0012261128407391295
leaf_weight=42.172550305724144 22.379920184612274 47.994753628969193 377.46306392550468 271.58199615776539 46.21917125582695 197.98940154910088 78.471184492111206 260.50547552108765 131.30314683914185 68.529839396476746 97.136832550168037 125.44392196834087 59.38639985024929 107.62639100849628 31.027471363544464 201.2275558412075 185.61277616024017
leaf_count=170 90 194 1518 1096 188 798 320 1058 531 276 392 504 239 436 125 815 749
internal_value=9.4218e-05 0.00141139 0.000341306 0.00118505 0.00353586 -0.000115788 -0.00274897 0.00377339 -0.000556628 -0.0031789 -0.00162377 0.00189423 0.00170831 0.000112514 0.00531558 -0.00406143 -0.00328058
internal_weight=2352.07 1607.63 1106.92 893.254 317.801 575.452 744.439 500.718 279.127 213.661 165.667 147.824 240.213 167.013 73.2 465.312 386.84
internal_count=9499 6490 4462 3600 1284 2316 3009 2028 1125 862 668 594 970 675 295 1884 1564
is_linear=0
shrinkage=0.011451


Tree=65
num_leaves=18
num_cat=0
split_feature=0 31 8 11 31 6 31 24 22 28 31 3 11 27 10 18 3
split_gain=65.7091 35.5576 21.3099 20.4401 16.4513 15.4491 14.4079 14.3466 13.9836 14.6495 13.3792 12.242 11.8871 10.5234 10.6804 10.5897 10.4935
threshold=2.4435318275154008 -17.97351701142895 0.0025140125604773138 -0.042337697068966444 -43.105277037139892 -1.2080774749875804 49.300583354298062 1.0000000180025095e-35 203.50000000000003 0.0089693973679521258 -93.525895401715147 -0.0011580014062398389 0.018582043139881935 0.0081114421320606905 0.0099147106882178666 -0.30056818181818173 0.059517134763985798
decision_type=10 2 10 8 2 10 2 2 10 8 2 10 10 10 8 10 8
left_child=1 2 7 5 12 11 -5 10 9 -6 -1 -3 -2 15 -15 -4 -8
right_child=4 3 13 6 8 -7 16 -9 -10 -11 -12 -13 -14 14 -16 -17 -18
leaf_value=-0.0093627366677240219 -0.0081260481783985965 -0.01207839964739129 0.0048816848364324769 0.0025981634569645878 0.0010806708955476043 0.0012091059402245593 0.0050049289293445437 0.0060092289023217053 -0.007765716180595449 -0.0027881410209475237 -0.0023831059802332352 -0.0008402650076273692 -0.0010638059962574348 0.0023116518338517321 0.010673275724630926 -0.0030227544819260957 0.012328053285376355
leaf_weight=40.662149950861931 107.34978571534157 22.373184084892273 31.49736650288105 605.66350691020489 205.69393175840378 186.79725569486618 178.02886185050011 22.838466316461563 47.557334259152412 339.33832512795925 288.48196528851986 28.595709905028343 44.286934986710548 74.06351600587368 27.078000411391258 71.312533274292946 29.922543033957481
leaf_count=166 443 90 127 2440 827 752 728 92 192 1367 1162 115 180 298 109 287 124
internal_value=9.31507e-05 0.00139559 -0.000945919 0.00263351 -0.00271848 -0.000319434 0.00349602 -0.00265069 -0.00185323 -0.00132852 -0.00326244 -0.00586504 -0.00607706 0.00199525 0.00460516 -0.000585355 0.00609448
internal_weight=2351.54 1607.32 555.934 1051.38 744.226 237.766 813.615 351.983 592.59 545.032 329.144 50.9689 151.637 203.951 101.142 102.81 207.951
internal_count=9499 6490 2241 4249 3009 957 3292 1420 2386 2194 1328 205 623 821 407 414 852
is_linear=0
shrinkage=0.011451


Tree=66
num_leaves=18
num_cat=0
split_feature=0 31 31 2 22 22 28 21 0 0 28 10 28 27 29 31 2
split_gain=66.9399 34.3558 22.4646 21.5008 16.7067 14.7544 14.0357 12.5691 12.2899 11.5297 12.1815 10.3103 10.3035 10.2392 9.87707 9.62998 10.2672
threshold=-0.19712525667351063 -6.7855661509314578 -4.205768778650735 -15.249999999999998 202.50000000000003 -146.49999999999997 0.026297180580145629 -1.4999999999999998 9.2648870636550296 5.9753593429158149 0.018274647339304218 0.28275322922395313 0.17267179215650488 -0.025776846508503554 -4.4971405228758163 4.2621495513324144 5.1000000000000094
decision_type=10 2 2 10 10 8 10 2 10 10 8 10 8 10 10 2 10
left_child=1 3 9 7 8 14 15 -1 11 10 -2 -4 -7 -6 -5 16 -3
right_child=2 6 4 5 13 12 -8 -9 -10 -11 -12 -13 -14 -15 -16 -17 -18
leaf_value=-0.012455079296750814 -3.8772452222461247e-06 0.00089861049859716745 3.0862524569220964e-05 0.00013902175255936733 -0.013121226487586611 0.0012796885556466801 0.0010017691345508939 -0.0013638724301774977 -0.0056757241860515614 -0.0064870755625066855 -0.0042166645194758141 0.0053708488460150012 -0.0026133035529724517 -0.0024285254919059734 0.010040386428967377 0.0057751361856546186 0.0093643340628537571
leaf_weight=26.958526641130447 147.90744839608669 120.39377500116825 547.81523208320141 21.853018388152122 19.592536136507988 233.86999697983265 178.3809200823307 26.373402386903763 44.903787046670914 133.41888728737831 229.23528219759464 51.241384908556938 143.15136912465096 28.859644427895546 32.815329775214195 349.99054661393166 21.636723503470421
leaf_count=109 598 483 2201 88 79 940 721 106 181 545 933 206 575 116 132 1427 87
internal_value=0.000112131 0.00208003 -0.00177809 -0.000241591 -0.000433424 0.000609599 0.00375826 -0.00705437 5.75121e-05 -0.00359876 -0.0025674 0.000493058 -0.000200435 -0.00687102 0.0061315 0.00475492 0.00222577
internal_weight=2358.4 1155.42 1202.97 485.022 692.413 431.69 670.402 53.3319 643.96 510.562 377.143 599.057 377.021 48.4522 54.6683 492.021 142.03
internal_count=9527 4668 4859 1950 2783 1735 2718 215 2588 2076 1531 2407 1515 195 220 1997 570
is_linear=0
shrinkage=0.011451


Tree=67
num_leaves=18
num_cat=0
split_feature=6 4 21 3 21 22 3 5 4 5 3 5 5 9 5 18 1
split_gain=36.0632 23.8314 28.4587 28.786 18.3284 18.2574 15.5408 15.419 15.0775 17.7845 13.5651 12.4582 11.597 10.9976 13.4136 8.73963 8.71056
threshold=-0.018974145369791914 -0.1023062785956038 -1.0000000180025095e-35 -0.059061957151129212 -1.4999999999999998 210.50000000000003 0.053194722820930525 0.42346615760670875 0.73084349516122071 -1.6020040422154045 -0.072667418854267071 -1.3640401586765569 1.603144083014451 -0.69962406015037581 1.4156538714833151 -0.16666666666666666 5.049999999999998
decision_type=8 10 2 10 2 10 8 10 10 10 10 8 10 10 10 8 8
left_child=5 2 3 4 -2 8 12 16 9 -1 -11 -5 15 -10 -15 -3 -4
right_child=1 6 7 11 -6 -7 -8 -9 13 10 -12 -13 -14 14 -16 -17 -18
leaf_value=0.0032948538806916016 -0.012294549350149286 0.00049251959186473503 0.0015603142284895521 0.0038223888728007669 -0.0011991185740197754 -0.0071631510251091322 0.0085503252767890458 -0.003393170769702311 -0.0038020013122311903 -0.010882794087271795 -0.002834609378268114 -0.0016314776171456428 -0.002037842988299822 0.0038560076130039998 -0.0017791929157964178 0.004727840920502397 0.0048069959490137492
leaf_weight=58.470649972558022 50.811980932950974 92.34791961312294 459.82850639522076 67.326038688421249 31.700563177466393 75.404003888368607 65.600489124655724 68.211518138647079 55.793685719370842 29.143141195178032 369.01444664597511 285.28379672765732 60.778855696320534 152.26051326096058 86.348139062523842 207.85394817590714 141.62056639790535
leaf_count=236 206 374 1853 273 128 306 267 276 225 119 1493 1151 245 614 349 841 571
internal_value=0.000110828 0.00115107 0.000262756 -0.00201545 -0.0080753 -0.00181609 0.00344769 0.00174358 -0.0012734 -0.00257478 -0.0034408 -0.000584919 0.00250643 0.000746333 0.00181745 0.00342893 0.00232925
internal_weight=2357.8 1531.36 1104.78 435.122 82.5125 826.435 426.581 669.661 751.031 456.628 398.158 352.61 360.981 294.402 238.609 300.202 601.449
internal_count=9527 6185 4458 1758 334 3342 1727 2700 3036 1848 1612 1424 1460 1188 963 1215 2424
is_linear=0
shrinkage=0.011451


Tree=68
num_leaves=18
num_cat=0
split_feature=31 5 31 21 22 6 22 4 21 6 21 17 3 14 22 7 17
split_gain=65.3397 24.6151 22.6903 16.4175 15.0609 13.2647 14.7933 12.8298 11.5524 11.478 14.6454 10.7024 9.63033 9.21338 11.3603 6.85322 6.70703
threshold=3.3934089121614766 -0.31262068469553966 88.455892247709144 14.500000000000002 -34.499999999999993 0.57200870434518558 154.50000000000003 0.77015123390163664 -1.0000000180025095e-35 -1.6787360901965462 -1.0000000180025095e-35 -0.13498343761501652 0.033462028461339062 -0.60158730158730156 -147.49999999999997 0.16377400888900931 -0.39444444444444438
decision_type=2 8 2 2 10 8 10 8 2 10 2 10 8 8 10 10 8
left_child=1 4 3 5 11 6 -2 13 -7 10 -9 15 -11 -3 -15 -1 -6
right_child=2 7 -4 -5 16 8 -8 9 -10 12 -12 -13 -14 14 -16 -17 -18
leaf_value=0.0037236724691733429 0.0012314247910692354 0.003025305062576391 0.0069474385454486986 -0.0061322908507469081 -0.0063714668918240513 0.00099129668506486987 -0.0053791454291209073 -0.0049463637930002866 0.0046517262862274368 -0.00015157687375218652 -0.0007076085670198075 -0.0014554855720990483 0.0071348450846593281 0.001183082121900581 -0.0052820452575436548 0.010227443864326866 -1.6595000264531472e-05
leaf_weight=56.510507598519325 362.16237030923367 21.78178171813488 118.21871799230576 33.778701931238174 24.044773072004318 185.47272941470146 49.917806267738342 178.9247262775898 290.66595473885536 138.25635631382465 264.68162885308266 31.478535681962967 28.057850271463394 39.815506920218468 322.26333014667034 34.711860075592995 183.66735753417015
leaf_count=228 1461 89 485 136 97 750 201 724 1176 557 1063 127 113 161 1308 140 741
internal_value=9.06625e-05 -0.00159617 0.00223765 0.00162921 0.00110978 0.00192873 0.000423295 -0.00249599 0.00322922 -0.00146123 -0.0024221 0.00427926 0.00110111 -0.00413478 -0.00457025 0.0062544 -0.000770159
internal_weight=2364.41 1324.19 1040.22 921.998 330.413 888.219 412.08 993.781 476.139 609.921 443.606 122.701 166.314 383.861 362.079 91.2224 207.712
internal_count=9557 5348 4209 3724 1333 3588 1662 4015 1926 2457 1787 495 670 1558 1469 368 838
is_linear=0
shrinkage=0.011451


Tree=69
num_leaves=18
num_cat=0
split_feature=0 31 31 5 8 0 12 5 22 31 28 0 0 14 30 6 26
split_gain=72.0202 36.5189 32.4216 29.6164 20.0081 14.9724 14.4508 13.5027 12.3588 11.6766 10.8432 16.0519 10.1446 8.81287 7.08764 7.0319 6.17471
threshold=0.17385352498288678 15.459098627358914 41.282455125552367 -1.7718621870343751 -0.070451391178924835 -11.419575633127991 0.26666666666666672 1.8674265162444286 97.500000000000014 96.177753248932518 0.0045042809902102405 6.07939767282683 2.0232717316906226 0.17902930402930406 -0.19047619047619044 0.68888220712478332 0.22621591409196931
decision_type=10 2 2 8 8 8 10 10 10 2 8 10 10 10 10 10 8
left_child=2 7 3 -1 8 -5 -7 10 15 12 11 -2 -6 -4 -9 -3 -12
right_child=1 4 13 5 9 6 -8 14 -10 -11 16 -13 -14 -15 -16 -17 -18
leaf_value=0.0075558305790476184 0.0012591421370371806 -0.0046832135770251372 0.0073369966727437853 0.0083427150619212985 0.0043382798832721538 -0.00033070381985975177 0.0045047625237554919 -0.0049145931620340078 -0.012140606044160153 0.0080181682355772183 -0.0054111655600211127 -0.0063458566817580411 -0.00018217931360050519 0.0027720460297983073 -0.011323141611440426 0.003608106902988436 -0.0026673421813547238
leaf_weight=84.110817015171051 146.31074498593807 37.252061635255814 159.66975519061089 29.90095442533493 92.542995154857635 759.55273658037186 90.049592554569244 59.851470306515694 19.876992836594582 36.045255124568939 193.26502448320389 47.715339750051498 215.68926313519478 86.582994446158409 37.811340108513832 20.163286045193672 247.54017552733421
leaf_count=341 589 150 655 121 372 3055 363 246 80 146 786 193 866 357 155 81 1001
internal_value=8.96705e-05 -0.00195624 0.00204122 0.00109175 0.000728232 0.000468338 0.00018492 -0.00350049 -0.00451266 0.00191125 -0.00288493 -0.000626331 0.00118143 0.0057437 -0.00745533 -0.0017635 -0.00387665
internal_weight=2363.93 1154.06 1209.87 963.614 421.57 879.503 849.602 732.494 77.2923 344.278 634.831 194.026 308.232 246.253 97.6628 57.4153 440.805
internal_count=9557 4665 4892 3880 1695 3539 3418 2970 311 1384 2569 782 1238 1012 401 231 1787
is_linear=0
shrinkage=0.011451


Tree=70
num_leaves=18
num_cat=0
split_feature=5 12 6 12 4 24 2 8 6 8 18 23 4 1 17 9 25
split_gain=42.7424 27.1154 18.5254 14.8996 12.4328 14.3355 12.9143 11.9836 12.2131 11.7351 10.6545 10.1282 10.2774 9.4542 9.43571 12.0729 10.3681
threshold=1.1089363055088268 -1.0000000180025095e-35 1.7511124389785901 -0.1506656426011265 -0.01234223423159597 1.0000000180025095e-35 -13.950000000000001 0.0097167896710897168 -1.776152704866294 0.017004469497030942 0.80909090909090919 231.75568181818184 -1.0317444131919986 1.0000000180025095e-35 0.21483516483516485 -0.076127016344407619 1.0000000180025095e-35
decision_type=10 10 10 8 8 2 10 8 10 10 8 10 10 10 10 8 2
left_child=1 2 4 9 6 -6 -1 11 -9 10 -2 12 -3 -10 15 16 -5
right_child=3 7 -4 14 5 -7 -8 8 13 -11 -12 -13 -14 -15 -16 -17 -18
leaf_value=-0.0090896345605965614 -0.012183140776347521 -0.0035322881258302171 0.0035833130006300237 -0.0029601697048266852 -0.00026763158754177473 0.0055916929916787145 -0.0016936890485887851 -0.0020786471305549157 0.0032964840026479211 -0.0012052431655470977 -0.0025110154261365368 0.0051018654575706261 0.0016686920329240205 0.0076504389183598403 0.0030775603815600891 -0.00088591427469413085 -0.010532127897853365
leaf_weight=33.690544933080673 52.696483999490738 72.354276925325394 154.98971052467823 62.573961019515991 766.50962023437023 58.298873424530029 319.934260815382 33.459204629063606 150.26155979931355 32.843662947416306 21.303639277815819 65.577733278274536 156.1566898226738 117.7299230992794 41.313197940587997 169.1336494833231 38.303963914513588
leaf_count=137 215 292 628 254 3091 236 1293 135 609 133 87 265 631 478 167 684 156
internal_value=5.81321e-05 0.00077784 -0.000129769 -0.00325778 -0.00061986 0.000150672 -0.002414 0.00280788 0.00441009 -0.00693561 -0.00944567 0.00115934 1.64342e-05 0.00522335 -0.00198352 -0.00276354 -0.00588526
internal_weight=2347.13 1928.96 1333.42 418.169 1178.43 824.808 353.625 595.539 301.451 106.844 74.0001 294.089 228.511 267.991 311.325 270.012 100.878
internal_count=9491 7795 5385 1696 4757 3327 1430 2410 1222 435 302 1188 923 1087 1261 1094 410
is_linear=0
shrinkage=0.011451


Tree=71
num_leaves=18
num_cat=0
split_feature=5 28 8 21 3 5 28 23 21 8 1 12 4 12 29 10 7
split_gain=41.7926 34.8389 20.3303 18.1349 23.8118 20.6461 16.0367 13.5871 13.5027 12.2379 11.1187 12.6475 11.0003 10.893 10.8657 9.27076 8.742
threshold=1.1089363055088268 -0.0076390492496064824 0.040308979589886253 -1.0000000180025095e-35 -0.059061957151129212 -1.2873560345900361 -0.16159396745822649 66.526785714285737 -1.4999999999999998 0.014556234767113487 2.600000000000009 -0.11774125179519294 -1.6867699237478857 -1.0000000180025095e-35 12.506089743589746 -0.22217440225035154 -0.57415031466118294
decision_type=10 8 10 2 10 10 10 10 2 10 10 10 10 10 8 10 10
left_child=1 2 7 4 8 -5 10 16 -3 -8 11 -2 -9 -7 -4 -6 -1
right_child=6 3 14 5 15 13 9 12 -10 -11 -12 -13 -14 -15 -16 -17 -18
leaf_value=-0.0047440965256473813 -0.0072786948655108987 -0.010527854579258021 0.0076630595420469905 0.0022610087314386025 -0.0023866816972341145 -0.0031262834765619944 -0.006175014666462632 -0.0022415246563249037 -0.0015013483209245456 -0.0014918561230041639 0.0080814765696890414 0.0021726782441001064 0.0052562230160162447 0.0015830476385654479 0.0023935050882553949 0.00096301683528537171 0.00076241569326616226
leaf_weight=46.83618851006031 28.16907787322998 58.066381081938744 141.90414243936539 485.09201157093048 228.62182427942753 196.6045648753643 202.2635790258646 31.003893464803696 34.890578135848045 115.25049471855164 20.787075996398926 51.559659987688065 139.66945923864841 95.12916986644268 81.435737058520317 204.86817254126072 184.64264570176601
leaf_count=189 114 236 577 1956 923 795 824 125 141 466 84 208 565 384 331 827 746
internal_value=5.74179e-05 0.000769054 0.002989 -0.000297364 -0.00193692 0.00081445 -0.00322205 0.00144626 -0.00717444 -0.00448178 0.000760542 -0.00119907 0.00389081 -0.00159055 0.0057544 -0.000804554 -0.000362105
internal_weight=2346.79 1928.76 625.492 1303.27 526.447 776.826 418.03 402.152 92.957 317.514 100.516 79.7287 170.673 291.734 223.34 433.49 231.479
internal_count=9491 7795 2533 5262 2127 3135 1696 1625 377 1290 406 322 690 1179 908 1750 935
is_linear=0
shrinkage=0.011451


Tree=72
num_leaves=18
num_cat=0
split_feature=0 21 0 3 0 8 21 3 12 28 2 9 12 2 18 21 8
split_gain=73.8174 19.6871 21.1072 19.2427 17.5242 14.7911 15.7591 25.6255 13.6826 16.8072 15.3944 11.8612 11.2109 10.553 10.2808 8.91415 8.48033
threshold=-0.85557837097878131 -1.0000000180025095e-35 5.3579739904175225 -0.079959497250343611 -8.3586584531143018 0.075019868682496091 -1.0000000180025095e-35 0.073369978282679618 0.0083844348550231613 -0.0076390492496064824 -11.450000000000001 -0.53198995740225119 0.040020475592163381 -7.6500000000000048 -0.82575757575757569 -1.4999999999999998 0.15417797749091486
decision_type=8 2 10 10 10 10 2 8 8 8 8 10 8 8 10 2 10
left_child=4 3 8 15 -1 6 7 -6 9 -3 -10 14 -8 -7 -4 -2 -15
right_child=1 2 11 -5 5 13 12 -9 10 -11 -12 -13 -14 16 -16 -17 -18
leaf_value=0.0063954845788373928 -0.013558099513630809 0.0025993541473455957 -0.0024391906549051843 -0.0027535112153524196 0.00034343275946870972 -0.0029297400742391141 -0.00027725658731398881 -0.010290904599469131 -0.0061735455688020002 -0.0043918678055529063 0.0022834847251862081 -0.0052770272448342823 0.0042040801568459995 0.0077976841606192558 0.0053478444521126945 -0.0038519813861450521 0.0025875444311169015
leaf_weight=126.0795746743679 33.890440225601196 68.302623599767685 89.590497419238091 393.54131416976452 317.75419075787067 20.972280651330948 106.23408982157707 32.110899180173874 29.816389039158821 130.0260716676712 385.53519202768803 164.25282935798168 234.19131591916084 97.51672425866127 28.840287581086159 20.441656872630119 71.91043022274971
leaf_count=513 139 275 361 1593 1282 85 429 130 120 527 1554 667 947 396 117 83 293
internal_value=6.86787e-05 -0.00168699 -0.000706357 -0.00364567 0.00241241 0.00183782 0.00105621 -0.000650205 0.000486716 -0.00198352 0.00166752 -0.00329149 0.0028078 0.00465803 -0.000523684 -0.00999674 0.00560503
internal_weight=2351.01 1344.24 896.364 447.873 1006.77 880.69 690.29 349.865 613.68 198.329 415.352 282.684 340.425 190.399 118.431 54.3321 169.427
internal_count=9511 5436 3621 1815 4075 3562 2788 1412 2476 802 1674 1145 1376 774 478 222 689
is_linear=0
shrinkage=0.011451


Tree=73
num_leaves=18
num_cat=0
split_feature=0 31 31 5 8 0 31 22 0 12 11 10 5 22 8 29 9
split_gain=72.1607 34.4675 18.5033 17.0602 16.8116 16.3783 20.1924 13.3192 11.6767 12.5625 10.9308 8.77679 11.4054 8.77252 7.74869 7.06517 6.84822
threshold=-0.85557837097878131 -42.300116112241646 43.422259919755909 1.9896363536665744 0.075019868682496091 3.0609171800136914 3.3934089121614766 -223.49999999999997 -8.3586584531143018 0.11111111111111112 0.039906377711465053 -0.28907959411486217 -0.3570383330057188 97.500000000000014 -0.11076113863008584 -5.424999999999998 -0.054516317016316991
decision_type=8 2 2 10 10 8 2 8 10 8 10 8 10 10 10 10 8
left_child=2 10 4 5 8 6 -3 -7 15 -10 -2 -6 -13 -4 -5 -1 -12
right_child=1 3 13 14 11 7 -8 -9 9 -11 16 12 -14 -15 -16 -17 -18
leaf_value=0.0018615592582980269 -0.006555612929094662 -0.0014455485601182674 0.0064620741322741751 -0.011600009695375915 -0.0013605559625960864 0.0072627211867568415 0.0031507805124880257 -0.0022215575863416231 -0.0019023917169914938 0.0015735806793245994 0.0036130376273260773 0.0099570501896727084 0.0031676186895047672 -0.00096101022990517171 -0.0035584970083746693 0.0087625570622696485 -0.0041552701316559439
leaf_weight=44.543548598885536 209.47765439748764 225.68100860714912 170.30804696679115 21.788258954882622 24.014148190617561 19.614175349473953 280.35995085537434 470.78100414574146 219.84513112902641 356.53311371803284 24.376779064536095 57.303604185581207 75.850879326462746 23.598444059491158 55.823681682348251 34.528774842619896 36.082207828760147
leaf_count=180 863 907 703 89 97 79 1130 1896 885 1435 99 233 305 97 227 140 146
internal_value=6.784e-05 -0.00166815 0.00238543 -0.000747422 0.00162437 -0.000342819 0.00110173 -0.00183293 0.000815569 0.000247095 -0.00532084 0.00497978 0.00612432 0.00555849 -0.00589511 0.00492282 -0.00101791
internal_weight=2350.51 1343.98 1006.53 1074.05 812.619 996.436 506.041 490.395 655.451 576.378 269.937 157.169 133.154 193.906 77.6119 79.0723 60.459
internal_count=9511 5436 4075 4328 3275 4012 2037 1975 2640 2320 1108 635 538 800 316 320 245
is_linear=0
shrinkage=0.011451


Tree=74
num_leaves=18
num_cat=0
split_feature=0 5 21 4 22 21 0 12 0 10 27 5 10 8 23 15 23
split_gain=52.7402 21.2262 25.0485 21.9212 15.2256 14.9636 14.1421 13.4468 11.5629 9.35335 11.2591 9.69222 8.99808 10.7549 8.91303 10.0257 8.54801
threshold=-2.2792607802874723 -0.31262068469553966 1.0000000180025095e-35 1.8003204235474317 245.50000000000003 1.5000000000000002 -8.3586584531143018 -0.085329985652797744 5.1895961670089017 -0.28288029036230472 0.25060059614818325 -1.9581897568269448 0.15503943416721902 0.0097167896710897168 55.206583072100337 -0.19868421052631574 47.938568376068368
decision_type=10 8 2 8 10 2 8 10 10 10 10 10 10 8 8 8 10
left_child=4 8 12 16 5 6 -1 -8 9 11 -11 -2 13 -3 15 -7 -4
right_child=1 2 3 -5 -6 14 7 -9 -10 10 -12 -13 -14 -15 -16 -17 -18
leaf_value=0.0055139631018168902 0.0027279127547053684 -0.0075959660225426709 -0.0040609961814087655 0.0023453101083316182 -0.0067017255956751728 0.0094290577309088675 -0.00050452973278443251 0.0033280559578688362 -0.002416462024135803 0.0018425665604942566 0.008552466546034785 -0.0053010884202592621 -0.0010189357282618305 -0.0034954878233311492 0.0081533618394690598 1.2761082680505726e-05 -0.00015767608947605586
leaf_weight=112.1684680134058 35.141723155975342 116.31118255853653 169.74460834264755 225.62534485757351 22.779247969388962 20.138122588396072 300.83388450741768 198.91753071546555 112.5041861385107 247.54679328203201 37.266607657074928 43.356959566473961 115.34917911887169 306.57330910861492 90.128796920180321 51.629369050264359 129.55337192118168
leaf_count=456 142 474 688 911 92 83 1213 807 454 999 151 175 468 1237 368 209 525
internal_value=1.03887e-05 -0.00122752 -0.00212679 -0.000345975 0.00240098 0.00267445 0.00185158 0.00102335 0.00078196 0.00177499 0.00273834 -0.00171398 -0.003861 -0.00463341 0.0057644 0.00271709 -0.0023755
internal_weight=2335.57 1538.97 1063.16 524.923 796.595 773.816 611.92 499.751 475.816 363.312 284.813 78.4987 538.234 422.884 161.896 71.7675 299.298
internal_count=9452 6224 4303 2124 3228 3136 2476 2020 1921 1467 1150 317 2179 1711 660 292 1213
is_linear=0
shrinkage=0.011451


Tree=75
num_leaves=18
num_cat=0
split_feature=11 8 28 21 7 27 29 6 4 18 24 7 10 2 2 24 11
split_gain=34.8626 28.3779 13.7723 13.5468 21.7774 14.4393 11.7667 16.5586 12.674 11.854 12.3662 10.4059 9.8906 9.41677 9.31742 8.92382 10.1874
threshold=-0.042337697068966444 -0.0062980331063800235 0.27718370364784933 1.0000000180025095e-35 0.5692791491830792 -0.21459702649392109 6.3284313725490211 -0.5363964005460119 1.7458638623825227 0.15075757575757584 -1.0000000180025095e-35 -1.2125319659206846 0.14042817175496161 -17.749999999999996 3.8000000000000118 1.0000000180025095e-35 0.02000991116523854
decision_type=8 10 10 2 8 10 10 10 10 10 2 10 8 10 8 2 10
left_child=6 3 15 5 11 -2 7 8 -1 10 -9 -5 -7 -6 -11 -3 -17
right_child=1 2 -4 4 13 12 -8 9 -10 14 -12 -13 -14 -15 -16 16 -18
leaf_value=-0.0070253638264421376 -0.0024939490782880857 0.0026835778224778796 -0.0051275371937431063 0.0030529447643509039 0.007344122216152881 -0.00032678549743059759 0.0011448671543051628 -0.0094677023141429943 0.0013204525490711978 -0.00070734426571913717 -0.0018685295846757059 -0.0029202638172538954 0.0052186353393209057 0.0022211912875752353 0.0063912136337548461 0.0017272220850078493 0.0098564123195176156
leaf_weight=157.29253704845905 430.62840239703655 460.42939731478691 25.953567951917648 49.2525544911623 59.259217202663422 161.42208155989647 106.12358310818672 32.606084600090981 27.881327107548714 75.652662619948387 183.79750625789165 163.68296319246292 56.393511578440666 224.45198158919811 34.942462831735611 33.367368370294571 51.941760241985321
leaf_count=641 1736 1868 105 199 241 653 430 132 113 306 743 662 228 907 141 135 212
internal_value=1.03081e-05 0.000850037 0.00293204 -0.00019051 0.00123173 -0.00127996 -0.00231973 -0.00303815 -0.00576852 -0.00148345 -0.00303893 -0.00153346 0.00112043 0.00330585 0.00156015 0.00332109 0.00671463
internal_weight=2335.08 1716.78 571.692 1145.09 496.647 648.444 618.296 512.173 185.174 326.999 216.404 212.936 217.816 283.711 110.595 545.739 85.3091
internal_count=9452 6946 2320 4626 2009 2617 2506 2076 754 1322 875 861 881 1148 447 2215 347
is_linear=0
shrinkage=0.011451


Tree=76
num_leaves=18
num_cat=0
split_feature=0 0 28 21 3 5 28 19 5 5 0 5 12 28 25 6 12
split_gain=68.3425 26.7694 19.1445 17.0485 16.71 15.2792 13.7615 20.4374 10.5826 10.4466 9.27071 10.3706 7.47762 7.02209 6.66802 6.46213 6.4492
threshold=2.3860369609856282 -8.3586584531143018 0.039810787826781983 1.5000000000000002 inf -1.9999820682386484 0.0076390492496064841 -0.18614718614718612 0.56024851242771234 -1.2660536779044604 7.081451060917181 -0.14030901144750416 -0.1818181818181818 0.23865389182081378 -1.4999999999999998 -0.18957447901933461 0.12370543672014268
decision_type=10 8 10 2 8 10 10 8 8 10 10 8 8 10 2 10 8
left_child=1 14 3 8 -5 12 7 -2 -3 15 11 -9 -4 -7 -1 -8 -12
right_child=6 2 5 4 -6 13 9 10 -10 -11 16 -13 -14 -15 -16 -17 -18
leaf_value=0.0026858795443798081 0.0059876137310285529 0.0029143423406965126 -0.00081633271680359935 0.0035684154755996431 0.012856400370859528 -0.00060979028597144241 0.0046896649775767909 0.0027873778391830921 0.00013044062333486507 -0.0055954298094336979 -0.0090671311790777257 -0.0022300348050821308 0.0076447306925874333 -0.0040175994511833513 0.0084227967413206921 -0.0030019989299891079 -0.0030366155797334916
leaf_weight=39.121611982584 44.861464008688927 290.79430800676346 21.04691319167614 236.51346559822559 27.984782755374908 281.46954172849655 21.552143931388855 69.891444846987724 464.42789334058762 230.67059594392776 33.829828813672066 230.34028027951717 37.932939767837524 109.88951715826988 87.982372507452965 39.659517183899879 75.060124516487122
leaf_count=159 181 1180 85 959 115 1136 87 281 1871 943 137 930 154 444 359 160 304
internal_value=0.00031552 0.00165184 0.00121427 0.00208228 0.00458079 -0.000751361 -0.00254494 -0.00129462 0.00120398 -0.00448231 -0.00210153 -0.00105846 0.00464988 -0.00157184 0.00668011 -0.000272602 -0.00495368
internal_weight=2343.03 1597.16 1470.06 1019.72 264.498 450.339 745.865 453.983 755.222 291.882 409.122 300.232 58.9799 391.359 127.104 61.2117 108.89
internal_count=9485 6462 5944 4125 1074 1819 3023 1833 3051 1190 1652 1211 239 1580 518 247 441
is_linear=0
shrinkage=0.011451


Tree=77
num_leaves=18
num_cat=0
split_feature=0 31 31 0 0 0 19 3 3 6 13 12 19 8 9 8 8
split_gain=66.8118 32.0854 20.4594 15.78 15.3489 14.0233 13.1981 12.579 11.975 11.0431 10.6838 10.2922 10.4026 10.1363 6.2782 6.12078 5.22941
threshold=2.3860369609856282 -17.97351701142895 84.433255085558372 -8.021902806297053 -9.1375770020533853 8.3148528405201922 -0.42261904761904751 0.014265691678895133 -0.030890369473046627 1.0000000180025095e-35 -0.15430402930402926 -0.17483088806618211 0.39444444444444454 -0.1009014515493573 -0.13840072970507747 0.0083688404252350874 -0.018867533847203213
decision_type=10 2 2 8 8 10 8 10 8 8 10 8 10 8 10 10 8
left_child=1 4 5 16 -1 6 -2 8 -6 -8 -9 13 -13 -5 15 -7 -3
right_child=2 3 -4 11 7 14 9 10 -10 -11 -12 12 -14 -15 -16 -17 -18
leaf_value=0.0070449067052074108 0.0031312464123202186 0.0028906148215371674 0.0045706040586667015 -0.0060007810622863091 0.0013191818149713721 -0.0062547464850919391 -0.0049026919349236453 -0.0006292375171634883 -0.0034775936248103386 -0.0014652218462959088 0.0053714159461027717 0.0033392732381259263 -0.00093413793192982967 0.0011842307129301 -0.0095957824550582087 0.0010146851769899279 0.0089126856112319575
leaf_weight=31.955230697989464 53.603475198149681 27.165830492973328 49.285653203725815 32.232688561081886 91.122212424874306 56.701204508543015 201.13117729127407 107.71292328834534 267.66964370012283 314.27417226135731 60.137957781553268 709.1288577914238 83.193859338760376 117.84173744916916 50.216597259044647 20.42946894466877 68.681007698178291
leaf_count=129 217 111 199 130 368 231 820 435 1081 1268 242 2871 337 476 205 83 282
internal_value=0.000312056 0.00163341 -0.00251666 0.00282342 -0.000579136 -0.00302214 -0.00224843 -0.00105001 -0.00225917 -0.00281123 0.00153336 0.00236973 0.00289016 -0.000378549 -0.00644966 -0.00433706 0.00723742
internal_weight=2342.48 1596.84 745.642 1038.24 558.598 696.356 569.009 526.643 358.792 515.405 167.851 942.397 792.323 150.074 127.347 77.1307 95.8468
internal_count=9485 6462 3023 4207 2255 2824 2305 2126 1449 2088 677 3814 3208 606 519 314 393
is_linear=0
shrinkage=0.011451


Tree=78
num_leaves=18
num_cat=0
split_feature=5 28 5 4 6 2 7 16 4 7 8 2 9 11 26 3 5
split_gain=31.9872 25.6243 18.8164 16.319 15.2507 14.3797 12.4253 12.2572 11.7744 10.8648 10.8104 11.8622 10.7365 10.2185 8.21636 6.64693 6.18097
threshold=1.9896363536665744 0.1104583961487685 -1.1269506439144685 -0.69687742953538623 -0.089047459308090007 -11.450000000000001 0.026757562287558784 1.0000000180025095e-35 1.8859279798125532 0.37835194490872054 -0.0062980331063800235 -2.6000000000000081 -0.16666666666666666 0.032043881056687935 0.67042785763625223 -0.015955224688103283 3.0507247516811815
decision_type=10 10 8 8 10 8 10 2 10 10 8 10 8 8 10 10 10
left_child=1 2 6 7 -5 -3 13 -4 16 -8 11 -7 -12 -1 15 -10 -2
right_child=8 5 3 4 -6 10 9 -9 14 -11 12 -13 -14 -15 -16 -17 -18
leaf_value=-0.0031204844031024683 -0.0041939638547167776 -0.010999958042342469 -0.0043654249419876725 0.00028456626837610128 0.0031574465256094782 -0.0084979395116183323 0.012411609337478209 0.0013668594739894315 0.0068573449305747852 0.0045179708132135257 -0.0045582639427638183 -0.0018222479705258126 0.0012677978224915492 0.0035486747235576191 -0.0065514554800264174 -0.0014623241872304617 -0.0092802241381449487
leaf_weight=42.042972430586815 78.347541347146034 21.594735354185104 138.45027807354927 879.78668443858624 333.80482399463654 48.565155118703842 30.696728855371475 75.039568990468979 20.495401918888092 90.328441634774208 52.275634855031967 121.77927955985069 190.90353985130787 102.04026529192924 20.504511296749115 30.65276899933815 54.096551135182381
leaf_count=170 320 88 560 3553 1352 198 125 303 83 369 212 494 772 415 83 124 222
internal_value=3.02991e-05 0.000446239 0.00108356 0.000562283 0.00107606 -0.00203021 0.00388121 -0.00235259 -0.00429248 0.0065768 -0.00154494 -0.00375104 6.39917e-06 0.00159726 -0.000544573 0.00191649 -0.0063073
internal_weight=2331.4 2127.31 1692.19 1427.08 1213.59 435.118 265.108 213.49 204.097 121.025 413.524 170.344 243.179 144.083 71.6527 51.1482 132.444
internal_count=9443 8611 6847 5768 4905 1764 1079 863 832 494 1676 692 984 585 290 207 542
is_linear=0
shrinkage=0.011451


Tree=79
num_leaves=18
num_cat=0
split_feature=0 31 11 31 0 5 2 21 28 1 0 5 4 22 5 4 12
split_gain=51.316 33.7299 29.562 19.3124 16.2311 15.47 12.9867 13.5553 12.5192 12.9801 11.8535 11.5468 11.535 10.2875 9.51339 16.2319 9.43876
threshold=1.9493497604380556 -3.2504688332563769 -0.038834545186732454 -48.935085615402834 8.4654346338124569 0.071456535492726583 7.7000000000000037 1.5000000000000002 0.0089693973679521258 -5.1000000000000076 0.17385352498288678 -0.96362477714319528 -0.71420423662245403 -125.49999999999999 -1.8430735127731643 -0.58022169603112139 0.14208516902482429
decision_type=10 2 10 2 10 10 8 2 10 10 8 8 10 8 8 8 10
left_child=1 2 10 -2 8 16 14 -8 11 -10 13 -5 -7 -1 -3 -16 -4
right_child=3 6 5 4 -6 12 7 -9 9 -11 -12 -13 -14 -15 15 -17 -18
leaf_value=0.0044050760179548216 -0.0062143168222889306 0.0056771996564155686 0.0027515800904622128 0.0052400492959275759 -0.0057061480941866093 -0.0081008434231336114 0.0033757203117350094 0.009624290022695171 -0.0094863206828297696 -0.0017302343854905581 -0.0069176032510234074 -0.00036210448490676885 0.00070516307872736401 -0.0024907427104465542 -0.0025946530497046659 0.002380416162517916 0.0090173957617426456
leaf_weight=31.07213918864727 136.20902134478092 77.252554282546043 119.60375732183456 56.124776884913445 101.32494319975376 22.755646869540215 163.23639860749245 63.229802370071411 33.573577180504799 165.80475762486458 72.497741505503654 320.20863400399685 116.24810625612736 270.65743492543697 106.75219798088074 431.82159392535686 42.668691053986549
leaf_count=125 565 317 482 226 411 92 661 260 136 671 296 1289 468 1089 431 1751 173
internal_value=2.98855e-05 0.00127342 -0.000632533 -0.00229012 -0.00149532 0.00203482 0.00280125 0.00514332 -0.000748513 -0.00306339 -0.00277972 0.000481119 -0.000768023 -0.00177251 0.00193536 0.00139232 0.00442912
internal_weight=2331.04 1517.8 675.504 813.246 677.037 301.276 842.293 226.466 575.712 199.378 374.227 376.333 139.004 301.73 615.826 538.574 162.272
internal_count=9443 6145 2725 3298 2733 1215 3420 921 2322 807 1510 1515 560 1214 2499 2182 655
is_linear=0
shrinkage=0.011451


Tree=80
num_leaves=18
num_cat=0
split_feature=0 6 5 31 31 3 12 11 5 15 6 21 11 8 3 31 6
split_gain=58.2306 31.9735 30.4617 28.4624 25.8071 16.6041 14.1331 13.6036 12.5822 12.5018 12.7996 11.8937 9.42353 9.27397 8.85228 8.79966 7.54823
threshold=0.17385352498288678 1.7167197703807957 -1.7718621870343751 -30.865135729843015 31.081690753884576 0.026250357705948194 -0.12499999999999993 -0.13810179297311428 2.6530913067890785 -0.45534290271132366 -1.1880911181875551 -1.0000000180025095e-35 0.018582043139881935 0.050838043643052534 -0.027884089666484421 56.286014076144745 0.15895476147347476
decision_type=8 10 8 2 2 10 10 8 10 8 8 2 10 10 8 2 10
left_child=2 3 13 12 5 11 -7 -3 15 -6 -11 -4 -2 -1 -9 -5 -15
right_child=1 7 4 8 9 6 -8 14 -10 10 -12 -13 -14 16 -16 -17 -18
leaf_value=0.0041836038348429683 -0.0066234380389066103 -0.0048562453503026145 -0.0020375946084594228 -0.0014277101991899729 -0.0029492712915613483 0.00056981498047438807 0.0068741060098667329 -0.00072737025259118904 -0.008355545081339625 -0.0007029611757501192 0.0063683370087887691 0.0011698587653766893 -0.0019140929613506437 0.0046104559524805036 0.0068026887450002302 0.0018383996533289295 0.013183085603234482
leaf_weight=67.606204017996788 210.39167957007885 20.758502691984177 340.48842494189739 568.8783617913723 26.968225419521332 109.74170756340027 80.58719402551651 26.331483513116837 29.560663998126984 40.013310879468918 203.69648019969463 272.24750749766827 76.635744974017143 21.285946562886238 89.47788593173027 132.92510789632797 41.41370777785778
leaf_count=276 870 84 1372 2290 111 441 325 106 121 162 837 1094 312 87 361 536 172
internal_value=0.000212743 -0.00162372 0.00197426 -0.00232171 0.0013374 0.000305538 0.00325371 0.00356726 -0.00112029 0.00439058 0.00520858 -0.000612752 -0.00537336 0.00718875 0.00509619 -0.000807942 0.0103514
internal_weight=2359.01 1154.96 1204.05 1018.39 1073.74 803.065 190.329 136.568 731.364 270.678 243.71 612.736 287.027 130.306 115.809 701.803 62.6997
internal_count=9557 4680 4877 4129 4342 3232 766 551 2947 1110 999 2466 1182 535 467 2826 259
is_linear=0
shrinkage=0.011451


Tree=81
num_leaves=18
num_cat=0
split_feature=0 6 6 0 12 16 4 23 28 20 28 2 21 0 9 6 16
split_gain=56.9872 29.9323 21.1897 15.9398 14.9082 13.2685 14.3438 13.1846 11.919 13.223 9.48182 15.4909 11.3399 8.81043 8.64059 11.6164 8.58935
threshold=-0.15742642026009609 1.7167197703807957 0.019721189438631024 -5.1444216290212159 -0.12499999999999993 1.0000000180025095e-35 -0.45810884327683049 351.32083333333338 -0.10850526000070664 0.40588235294117653 -0.026297180580145622 -10.200000000000001 1.0000000180025095e-35 10.984257357973993 -0.3887966039128829 -0.71672800710351736 -1.0000000180025095e-35
decision_type=8 10 10 10 8 2 8 10 10 8 10 10 2 10 10 8 2
left_child=2 4 3 14 -2 13 -7 8 9 -3 12 -12 -5 -6 15 -1 -4
right_child=1 7 16 10 5 6 -8 -9 -10 -11 11 -13 -14 -15 -16 -17 -18
leaf_value=-0.0040333243471445878 -0.0047473571473434879 0.00038224870990692054 0.0014230696140912055 -0.00050594073003856809 -0.0020008551118292574 -0.0034795091591801452 0.0032812750661819321 0.011422593841974204 -0.0012830478869658563 0.011637860701393268 -0.011011464369271249 -0.0010719427603332404 0.0043355533686511624 -0.0094270733969129307 0.0060405310394845181 0.0033431828114602415 0.0051506172887936259
leaf_weight=36.140152871608734 232.1759894490242 28.224645584821701 112.36809326708317 205.57099814713001 622.88927195966244 59.105080753564835 131.63722711801529 21.797343999147415 69.168348640203476 25.992830365896225 22.687038242816925 173.86993710696697 91.012128934264183 21.079262867569923 91.413142561912537 116.82589727640152 296.32876309752464
leaf_count=146 948 114 457 828 2521 239 532 88 279 105 92 700 370 86 370 473 1209
internal_value=0.000210425 -0.00152021 0.00204031 0.000879797 -0.00218427 -0.00146815 0.00118153 0.00334744 0.00186749 0.00585376 -0.000305962 -0.00225233 0.000986117 -0.00225338 0.00326693 0.00159051 0.00412972
internal_weight=2358.29 1212.07 1146.22 737.519 1066.89 834.711 190.742 145.183 123.386 54.2175 493.14 196.557 296.583 643.969 244.379 152.966 408.697
internal_count=9557 4912 4645 2979 4326 3378 771 586 498 219 1990 792 1198 2607 989 619 1666
is_linear=0
shrinkage=0.011451


Tree=82
num_leaves=18
num_cat=0
split_feature=0 31 5 28 19 28 2 8 26 24 26 0 14 17 12 21 31
split_gain=63.6843 35.7956 28.8576 17.5833 13.652 13.2904 13.021 12.1557 17.0785 12.2853 11.3402 10.8435 10.78 10.0699 9.9416 9.85098 9.51524
threshold=-2.5503080082135514 -23.504672227775469 -0.071164458810124329 0.18694582765657222 -0.86190476190476184 0.065099173799445895 6.3500000000000094 0.0049074545249617749 -0.55333741200488451 1.0000000180025095e-35 -0.15247095591122625 5.2936344969199167 0.60158730158730178 0.087922705314009683 0.16666666666666671 1.0000000180025095e-35 -88.066844955317933
decision_type=8 2 10 8 8 10 8 10 10 2 10 10 10 8 8 2 2
left_child=3 4 11 12 -2 6 -4 9 -9 -6 -5 13 16 -3 -7 -13 -1
right_child=1 2 5 10 7 14 -8 8 -10 -11 -12 15 -14 -15 -16 -17 -18
leaf_value=-0.0029249444743198335 0.0054788979989471385 0.0053420425902486017 -0.0026031057530861677 0.0016672242689033238 -0.0060938049014383992 -0.0086227762215314533 0.0034567044524975912 0.0069401556546700681 -0.0031425740099174197 0.0012147956553447638 -0.0042338323504642686 -0.0053848467499012006 -0.003727802200952248 0.0012899757494138906 -0.0013453889355902508 0.00070259616269501403 0.0049341876390124441
leaf_weight=20.804404973983765 19.699138075113297 96.466254308819771 213.11946330964565 204.60749033093452 300.4837352335453 68.936366021633148 58.80531619489193 25.545072048902512 138.08516249060631 33.292536616325378 53.26206262409687 53.414596602320671 21.115908741950989 472.22403743863106 38.517431005835533 97.7177444845438 419.27668076753616
leaf_count=84 80 390 859 827 1231 280 237 104 562 137 215 215 87 1905 156 393 1708
internal_value=3.66764e-06 -0.00125756 -8.81751e-05 0.00283719 -0.00374001 -0.00264125 -0.00128742 -0.00411192 -0.00154687 -0.00536385 0.000440653 0.0012586 0.00417461 0.00198274 -0.00603839 -0.001463 0.00455882
internal_weight=2335.37 1616.31 1099.2 719.067 517.106 379.379 271.925 497.407 163.63 333.776 257.87 719.823 461.197 568.69 107.454 151.132 440.081
internal_count=9470 6549 4435 2921 2114 1532 1096 2034 666 1368 1042 2903 1879 2295 436 608 1792
is_linear=0
shrinkage=0.011451


Tree=83
num_leaves=18
num_cat=0
split_feature=0 31 5 11 10 19 28 2 0 5 4 31 13 9 24 22 17
split_gain=62.2519 35.0008 28.2083 17.569 14.0044 13.3516 11.9523 11.6021 14.989 11.3694 11.239 9.28007 9.25194 9.25188 9.03344 8.86844 9.28648
threshold=-2.5503080082135514 -23.504672227775469 -0.071164458810124329 -0.035327749183955197 0.30565250023454366 -0.86190476190476184 0.065099173799445895 -7.700000000000002 -1.3894592744695424 1.9465686816218579 0.3985494069222944 -24.128443015274794 -0.19855769230769224 -0.33295625942684753 1.0000000180025095e-35 -182.49999999999997 -0.21240601503759396
decision_type=8 2 10 10 10 8 10 10 10 10 10 2 8 10 2 10 8
left_child=3 5 10 11 6 -2 -4 12 -9 -6 -3 -1 -7 -5 -12 -15 -17
right_child=1 2 4 13 9 7 -8 8 -10 -11 14 -13 -14 15 -16 16 -18
leaf_value=-0.0011667041233553428 0.0054155637970948441 0.00059234948247978739 -0.0021398530322612264 0.0015855969411140221 0.0052045406487177008 -0.0032409120896770578 -0.0070110220616202423 0.002882215444021684 -0.0039407752442844656 -0.0046625677116411473 0.0028461084316395002 0.0024997816998369071 -0.0097643563614613366 0.011027411635064727 0.010710636750801528 -0.00085700620785337405 0.0059598499197510996
leaf_weight=143.01085619628429 19.708995714783669 596.68125469982624 215.10341380536556 89.793964609503746 46.92807474732399 48.604272231459618 95.299273923039436 47.935113459825516 328.95310421288013 21.975139051675797 99.74461941421032 244.4806839376688 71.645440593361855 37.225029811263084 23.316129609942436 30.658219173550606 173.67524194717407
leaf_count=575 80 2404 867 366 189 202 387 193 1346 89 404 990 293 154 95 125 711
internal_value=3.60119e-06 -0.0012435 -8.7229e-05 0.00280553 -0.00261169 -0.00369899 -0.00364714 -0.00406706 -0.00306945 0.00204321 0.00124435 0.00114692 -0.00715983 0.00473899 0.00438558 0.00590365 0.00493758
internal_weight=2334.74 1615.89 1099.05 718.844 379.306 516.847 310.403 497.138 376.888 68.9032 719.742 387.492 120.25 331.352 123.061 241.558 204.333
internal_count=9470 6549 4435 2921 1532 2114 1254 2034 1539 278 2903 1565 495 1356 499 990 836
is_linear=0
shrinkage=0.011451


Tree=84
num_leaves=18
num_cat=0
split_feature=0 8 11 0 6 4 5 22 26 22 12 2 2 10 29 6 9
split_gain=46.3353 22.9447 17.1108 16.3334 14.7707 12.5605 11.9386 12.4873 11.5383 11.3388 11.3184 10.6677 9.72408 8.49195 8.67915 8.27828 9.44772
threshold=-1.9383983572895269 0.0049074545249617749 0.070807859473734872 -8.3586584531143018 0.041667170002566374 -0.62009875375050727 1.237800920327689 -223.49999999999997 -0.10042008595797929 217.50000000000003 0.41292647327130089 -10.200000000000001 -6.3500000000000076 -0.15496278399638305 -8.615079365079362 -0.06442659427251983 -0.56782106782106767
decision_type=8 8 8 10 10 8 10 8 10 10 10 10 10 8 8 10 8
left_child=3 2 15 -1 9 11 7 -7 -8 12 -4 -5 -3 14 -6 16 -2
right_child=1 4 10 5 13 6 8 -9 -10 -11 -12 -13 -14 -15 -16 -17 -18
leaf_value=0.0060950059599612083 0.0019732775164012497 -0.002388421917259134 0.0012408934544700409 -0.0088336833095048924 0.0064278853858926828 0.010546369232240692 -0.0082721390231573107 0.0027300161510098691 0.0011522437187268528 -0.0083984542220079811 -0.0071629104209669251 -3.287839828300447e-05 0.00054380550605634089 0.0040569382983175317 -0.0017527296647112643 -0.0024265077471917144 -0.0063944993202056611
leaf_weight=126.32371364533901 19.161609068512917 234.23160274326801 159.49120660126209 19.963052302598953 20.535026907920837 28.132013574242592 22.861291840672493 411.65129356086254 61.289483562111855 24.350534647703171 23.52627344429493 145.21366408467293 401.78253002464771 156.86301921308041 85.335221484303474 210.41397625207901 194.09546661376953
leaf_count=517 79 948 644 81 83 116 92 1671 247 99 95 588 1624 635 345 853 796
internal_value=0.000116143 -0.00105892 -0.00278747 0.00231967 7.83215e-05 0.00162241 0.00248971 0.00324513 -0.00145271 -0.000835438 0.000138668 -0.00112758 -0.000537439 0.00237133 -0.00013587 -0.00404974 -0.00563885
internal_weight=2345.22 1529.79 606.689 815.435 923.098 689.111 523.934 439.783 84.1508 660.365 183.017 165.177 636.014 262.733 105.87 423.671 213.257
internal_count=9513 6201 2467 3312 3734 2795 2126 1787 339 2671 739 669 2572 1063 428 1728 875
is_linear=0
shrinkage=0.011451


Tree=85
num_leaves=18
num_cat=0
split_feature=0 8 21 3 6 0 3 28 21 4 5 5 22 26 1 2 22
split_gain=45.2945 22.4332 16.6958 29.1313 24.2498 15.985 15.0235 14.3652 12.5158 12.2814 12.0053 11.6753 12.2425 11.2825 11.013 10.4342 9.34324
threshold=-1.9383983572895269 0.0049074545249617749 1.0000000180025095e-35 0.059517134763985798 0.12985752966711694 -8.3586584531143018 -0.027265032107618211 0.04680861079511308 1.5000000000000002 -0.62009875375050727 -1.2873560345900361 1.237800920327689 -223.49999999999997 -0.10042008595797929 -5.1000000000000076 -10.200000000000001 21.500000000000004
decision_type=8 8 2 8 10 10 10 10 2 8 10 10 8 10 8 10 10
left_child=5 10 4 7 6 -1 -3 -4 -5 15 14 12 -11 -13 -2 -7 -16
right_child=1 2 3 8 -6 9 -8 -9 -10 11 -12 13 -14 -15 16 -17 -18
leaf_value=0.0060302579846372101 -0.0067590254291163198 -0.0052928247454931696 0.0020297395051494679 0.0023622368028732269 0.0031276236501368427 -0.0087370014648874665 -0.00072074383094619231 -0.002930265152205997 0.013118342553022451 0.010444192047283774 -0.003494655964617802 -0.0081802324830537714 0.0026993686324523233 0.0011392246292973322 0.0060571879533306916 -3.2503514850255396e-05 -0.0014888301335175369
leaf_weight=126.22568511962891 20.008164286613464 168.53576025366783 250.28940185904503 23.19005024433136 120.90594168007374 19.960181280970573 213.27614805102348 109.53592829406261 37.316153362393379 28.088673621416092 501.09441696107388 22.860863775014877 411.56567731499672 61.28763110935688 45.537339299917221 145.21394300460815 39.870112478733063
leaf_count=517 81 682 1011 94 489 81 862 444 152 116 2041 92 1671 247 184 588 161
internal_value=0.000114801 -0.00104702 7.74155e-05 0.00176017 -0.00133003 0.0022938 -0.00274458 0.000517233 0.00906613 0.00160412 -0.00275653 0.00246191 0.00320914 -0.00143675 0.000752095 -0.00111509 0.0025502
internal_weight=2344.76 1529.56 923.049 420.332 502.718 815.203 381.812 359.825 60.5062 688.977 606.51 523.803 439.654 84.1485 105.416 165.174 85.4075
internal_count=9513 6201 3734 1701 2033 3312 1544 1455 246 2795 2467 2126 1787 339 426 669 345
is_linear=0
shrinkage=0.011451


Tree=86
num_leaves=18
num_cat=0
split_feature=0 5 4 0 3 24 11 0 6 10 21 9 3 10 12 22 18
split_gain=59.2995 34.2058 29.3322 21.3707 16.2272 15.0685 14.4274 13.3441 13.0073 12.5863 11.7492 10.3401 9.49075 8.07274 9.60347 7.46845 7.37019
threshold=5.0253251197809723 -0.57583166275539333 -0.21260088885480741 -7.0814510609171792 -0.039169822789641422 1.0000000180025095e-35 -0.028257075153416741 -4.1505817932922655 1.0003659174564652 0.25040818747051452 -1.0000000180025095e-35 -0.45601135190918468 -0.072667418854267071 -0.15743692224603881 0.1659633469978298 -230.49999999999997 0.75811688311688319
decision_type=8 8 8 10 10 2 8 10 10 8 2 10 10 10 8 10 8
left_child=1 6 7 4 -4 -5 13 -3 15 11 -11 16 -9 -1 -15 -8 -2
right_child=9 2 3 5 -6 -7 8 12 -10 10 -12 -13 -14 14 -16 -17 -18
leaf_value=-0.0020990458027617745 0.0013972945122371831 0.0011802664006200796 0.011613572581839827 -0.00031845107657932419 0.0025115947805763733 0.0043775297233295575 0.0089775974601030203 -0.011500058068159064 0.0072076208808586348 -0.0068946930434787088 0.00044746151958379647 -0.0069259039406433945 -0.0037123060004590155 0.00012699603655002981 0.0098557133883149343 0.0020909540176627635 -0.0066677432075208133
leaf_weight=83.025268942117691 40.193629920482635 71.103358387947083 36.104475811123848 857.24658074975014 86.982434988021851 99.387655898928642 22.402409568428993 22.141236215829849 141.90973867475986 37.610667422413826 112.55349168181419 190.88895033299923 227.6923963278532 39.351966485381126 19.451682075858116 206.82431714236736 22.746620461344719
leaf_count=336 164 287 147 3464 354 403 92 91 583 154 455 779 925 159 79 840 93
internal_value=-6.73249e-05 0.000774603 -0.000152263 0.000751491 0.00522933 0.000172121 0.00330235 -0.00318802 0.0044877 -0.00405008 -0.00141369 -0.00560201 -0.00443108 0.000194105 0.00341913 0.00278793 -0.00155652
internal_weight=2317.62 1913.62 1400.66 1079.72 123.087 956.634 512.965 320.937 371.136 403.993 150.164 253.829 249.834 141.829 58.8036 229.227 62.9403
internal_count=9405 7760 5671 4368 501 3867 2089 1303 1515 1645 609 1036 1016 574 238 932 257
is_linear=0
shrinkage=0.011451


Tree=87
num_leaves=18
num_cat=0
split_feature=0 31 11 6 5 0 31 29 9 21 29 8 28 3 21 12 5
split_gain=57.9852 36.1648 23.14 21.5689 18.2356 17.7545 14.3643 13.9948 11.8127 18.7636 11.8049 10.6905 10.5791 10.4028 9.97309 9.86762 9.55813
threshold=5.0253251197809723 -30.237826530607887 -0.039906377711465039 1.1527559255314739 -1.0667232597623084 -8.3586584531143018 -76.195983087720251 -12.870833333333332 -0.45601135190918468 1.0000000180025095e-35 11.097275641025643 0.040308979589886253 -0.0076390492496064824 -0.014468880141848104 14.500000000000002 -0.25 -2.1256931125599512
decision_type=8 2 8 10 8 10 2 8 10 2 10 10 10 10 2 8 10
left_child=1 4 11 5 12 -4 -2 -6 9 -8 -9 -3 -1 -11 15 -10 -5
right_child=6 2 3 16 7 -7 8 10 14 13 -12 -13 -14 -15 -16 -17 -18
leaf_value=0.010495214701791118 -0.011086731865302884 -0.0027261140780828301 0.0082052634528569836 0.010655655479760289 0.0060911406135570265 0.0013426892006428491 -0.0054506942299704002 -0.0034671894477564919 -0.0098568149485780843 0.0063275136388643155 0.0037681752236918865 0.001396227853180383 0.00065599333759615579 -0.0011435760401926447 -0.012690870924769488 -0.0029943864456183997 0.0045966758512718652
leaf_weight=21.025544196367264 33.834962159395218 183.26533429324627 52.134996250271797 43.718515157699585 22.945762276649475 786.26675644516945 74.649823233485222 421.15474346280098 33.728218674659729 42.855711847543716 31.263334572315216 149.00595204532146 42.51503586769104 55.3576949685812 20.624467372894287 142.76001134514809 159.94157062470913
leaf_count=85 143 740 215 181 93 3179 303 1712 138 173 127 602 172 224 84 580 654
internal_value=-6.65317e-05 0.000766012 0.00175167 0.00259031 -0.00174671 0.00177557 -0.00400588 -0.00251754 -0.00333966 -0.00114799 -0.00296243 -0.000878364 0.00398651 0.00213702 -0.00525141 -0.00433781 0.00592766
internal_weight=2317.05 1913.24 1374.33 1042.06 538.904 838.402 403.811 475.364 369.976 172.863 452.418 332.271 63.5406 98.2134 197.113 176.488 203.66
internal_count=9405 7760 5571 4229 2189 3394 1645 1932 1502 700 1839 1342 257 397 802 718 835
is_linear=0
shrinkage=0.011451


Tree=88
num_leaves=18
num_cat=0
split_feature=0 31 0 31 3 15 5 0 6 3 28 3 31 6 3 27 6
split_gain=53.5844 34.0223 18.6448 17.2462 13.7227 11.6142 12.2729 10.0664 8.88004 12.9557 10.0039 7.38486 7.06354 6.63161 6.01782 5.92473 5.89802
threshold=2.3860369609856282 -22.291839153151496 -7.0814510609171792 16.838473245747654 -0.079959497250343611 0.13159063159063158 -0.16797493683902107 -9.1375770020533853 1.125145708654794 -0.013849888202948744 -0.090872515516398758 -0.091802680464844008 -43.105277037139892 1.7511124389785901 0.028854953354511607 -0.23227536550035835 0.093490739747162474
decision_type=8 2 10 2 10 10 10 10 10 8 10 10 2 10 8 8 8
left_child=1 4 -3 12 -1 7 -7 -6 9 -4 -10 -5 14 -14 -2 -13 -17
right_child=3 2 8 11 5 6 -8 -9 10 -11 -12 15 13 -15 -16 16 -18
leaf_value=-0.0069547544398124474 -0.0044473982390681177 0.0061961693577823468 -0.0011395962975453567 0.0058671083330586382 0.0058799104978540578 0.0067065293705998921 -0.0002953825565966414 -0.0024864658195428721 0.0066399833348384681 0.0021363072786097391 0.0014751102276609079 0.0049323474804500809 -0.0035568203360690706 0.0016642483690272028 -0.0095274322827418687 -0.0040856643842847526 -0.0001529965091887961
leaf_weight=50.617330491542816 102.36565425992012 135.9093794375658 235.13981078565121 22.465266272425652 19.507053539156914 46.901855856180191 105.7582178413868 298.06212951242924 88.81735260784626 481.6379549652338 110.2780864238739 20.296307310461998 304.18233704566956 35.240451619029045 44.721786260604858 73.452872738242149 153.89212991297245
leaf_count=206 426 560 950 91 79 189 429 1204 365 1949 449 82 1233 142 187 296 619
internal_value=-0.000141693 0.00106299 0.00224776 -0.00264436 -0.00132932 -0.000714845 0.00187551 -0.00196138 0.00165778 0.00106158 0.00379357 -0.000322734 -0.00393112 -0.00301256 -0.00602778 -0.000898417 -0.00143178
internal_weight=2329.25 1572.63 1051.78 756.617 520.847 470.229 152.66 317.569 915.873 716.778 199.095 270.107 486.51 339.423 147.087 247.641 227.345
internal_count=9456 6380 4273 3076 2107 1901 618 1283 3713 2899 814 1088 1988 1375 613 997 915
is_linear=0
shrinkage=0.011451


Tree=89
num_leaves=18
num_cat=0
split_feature=0 0 21 24 28 12 8 2 10 9 10 30 19 30 24 3 25
split_gain=52.3873 22.4924 20.2902 19.2171 15.234 13.7153 15.6323 10.2248 9.28299 8.65801 10.9283 10.2807 8.17754 6.1833 6.0105 5.38068 4.94978
threshold=2.3860369609856282 -8.3586584531143018 -3.4999999999999996 1.0000000180025095e-35 0.013103534378942046 0.11692109060530111 0.0012399995780016106 -2.5499999999999967 0.27862759101086604 0.25036162005785928 0.042839011903156317 -0.063510737628384661 0.24722222222222226 0.28533026113671273 -1.0000000180025095e-35 0.014218106738738469 -1.4999999999999998
decision_type=8 10 2 2 8 10 8 8 10 10 10 10 10 8 2 10 2
left_child=1 16 15 5 12 6 -3 -6 9 10 -4 -11 -5 -10 -7 -2 -1
right_child=2 3 8 4 7 14 -8 -9 13 11 -12 -13 -14 -15 -16 -17 -18
leaf_value=0.0024452818342191427 -0.010208417833228928 -0.0025317496086001115 -0.0020733918142316183 0.0097665583709440566 -0.0057116145045383914 -0.00069110117549128064 0.00052736568181652459 0.0032531392823149001 -0.0014447012463486208 -0.0027344200772663196 -0.0060380633540414088 0.0055988652135264185 0.0014968831552534731 0.0056356801948881019 0.0033212756920973719 -0.0032989012170715044 0.0072216417028471364
leaf_weight=43.957409590482712 53.068821966648102 323.19736474752426 425.50024127960205 62.754614919424057 22.429935246706009 63.093533635139465 676.23336887359619 59.503755107522011 31.436833590269089 40.865562960505486 115.89605376124382 35.835050240159035 21.187166944146156 32.183139339089394 214.71131536364555 21.552863255143166 85.200143024325371
leaf_count=180 218 1309 1726 256 91 256 2736 242 128 166 474 145 86 131 874 88 350
internal_value=-0.000140081 0.00105115 -0.00261514 0.00064013 0.00429877 0.000162997 -0.000462918 0.000772838 -0.0019899 -0.00241871 -0.00292845 0.00117356 0.00770734 0.00215819 0.00241053 -0.00825936 0.00561684
internal_weight=2328.61 1572.27 756.339 1443.11 165.875 1277.24 999.431 81.9337 681.717 618.097 541.396 76.7006 83.9418 63.62 277.805 74.6217 129.158
internal_count=9456 6380 3076 5850 675 5175 4045 333 2770 2511 2200 311 342 259 1130 306 530
is_linear=0
shrinkage=0.011451


Tree=90
num_leaves=18
num_cat=0
split_feature=0 31 6 24 21 0 22 6 11 3 29 0 23 3 0 3 29
split_gain=48.959 33.7247 19.0503 17.3902 14.7862 14.5486 12.641 12.0306 10.758 10.4117 10.3477 10.5849 10.2345 9.69944 8.82441 14.6202 10.2203
threshold=1.834360027378507 -8.9201371315428997 1.0000000180025095e-35 1.0000000180025095e-35 1.0000000180025095e-35 -9.1375770020533853 210.50000000000003 -0.77355466959375052 0.042337697068966458 -0.059061957151129212 -1.166666666666667 2.8528405201916507 248.66451612903228 -0.028686102105961116 -6.0410677618069828 0.026596442731892548 16.138095238095239
decision_type=10 2 8 2 2 10 10 10 10 10 10 10 10 10 8 8 10
left_child=1 3 6 5 8 -1 10 -7 13 -6 -2 -12 -11 -4 15 -3 -16
right_child=2 14 4 -5 9 7 -8 -9 -10 12 11 -13 -14 -15 16 -17 -18
leaf_value=0.0055413033269473347 -0.0053411364367028777 0.0027740006435110478 -0.0074306079373806658 0.0056389379037003039 0.0064720441540041815 -0.0034833561766553548 -0.010482124140940002 5.0167658502412235e-05 0.0025309093024063608 -0.00082564952894760145 0.0053161038900318928 -0.0025934609606338508 0.0053941116912292033 -0.0019276467788748829 0.0025395464226170383 0.0098558430980113521 -0.0057336573111512789
leaf_weight=37.686057776212692 158.1387447565794 112.39116960763931 67.794665142893791 51.848760038614273 40.071005895733833 260.85070635378361 35.980183392763138 244.4098499417305 39.483706906437874 205.424430295825 26.821925908327103 114.74129921197891 41.050058484077454 110.42280034720898 693.69368676841259 57.909235373139381 19.539613395929337
leaf_count=153 648 463 276 209 162 1055 149 987 159 830 109 470 166 448 2816 239 79
internal_value=0.000198444 0.00145259 -0.00200833 -0.000655023 -0.00059957 -0.00126221 -0.00411917 -0.00177626 -0.00284482 0.00110887 -0.00333383 -0.00107705 0.000221931 -0.00404077 0.00287086 0.00521099 0.00230778
internal_weight=2318.26 1478.33 839.929 594.795 504.247 542.947 335.682 505.261 217.701 286.545 299.702 141.563 246.474 178.217 883.534 170.3 713.233
internal_count=9418 6001 3417 2404 2041 2195 1376 2042 883 1158 1227 579 996 724 3597 702 2895
is_linear=0
shrinkage=0.011451


Tree=91
num_leaves=18
num_cat=0
split_feature=0 31 28 31 24 5 0 5 3 28 21 31 23 5 30 30 30
split_gain=47.8622 32.9683 19.7218 18.2076 16.9974 15.2397 16.1697 12.7122 12.5052 9.74618 13.3805 9.29082 9.56 9.15875 14.0752 8.75609 8.63805
threshold=1.834360027378507 -8.9201371315428997 -0.055171607156194603 10.849196225858806 1.0000000180025095e-35 -2.350745160584415 -9.1375770020533853 -0.47210937524441438 -0.013449502709277581 -0.0089693973679521224 1.0000000180025095e-35 79.830574722417865 407.22500000000008 1.9896363536665744 0.42857142857142877 0.071543123982148418 0.62543706293706303
decision_type=10 2 10 2 2 8 10 8 8 10 2 2 10 10 10 10 8
left_child=1 4 3 13 5 -1 -7 -3 -5 10 -9 12 15 14 -2 -4 -11
right_child=2 7 11 8 -6 6 -8 9 -10 16 -12 -13 -14 -15 -16 -17 -18
leaf_value=0.0079699784242161752 -0.002387700596715493 0.0048707766031105279 -0.0060774706652684399 -0.0016079510500580018 0.0055745301292793748 0.0056436792486102639 -0.0022005329860334405 0.0012649221504040708 0.0046734953528241481 -0.0027859421504814541 0.0053234851625139773 0.0032088249642594382 0.0013300473309687474 -0.0085468426676833728 0.0076257585790966351 -0.0021375408428818353 0.0031591756062472856
leaf_weight=21.899443581700325 209.61430139839649 276.7800617814064 234.0869173258543 63.641747906804085 51.854855790734291 36.463709130883217 484.50358554720879 301.52342860400677 117.64839725196362 92.088732331991196 164.53935515880585 22.839918211102486 36.281028106808662 26.579540744423866 19.528008446097374 109.4578663110733 48.325628608465195
leaf_count=89 850 1138 960 256 209 148 1958 1218 474 372 674 92 148 110 79 448 195
internal_value=0.000196249 0.00143639 -0.00198602 -0.00030026 -0.000647505 -0.00124791 -0.00164503 0.00283896 0.00247057 0.00190739 0.00270329 -0.00381208 -0.00423911 -0.00226591 -0.0015148 -0.00482869 -0.000734616
internal_weight=2317.66 1477.98 839.678 437.012 594.722 542.867 520.967 883.257 181.29 606.477 466.063 402.666 379.826 255.722 229.142 343.545 140.414
internal_count=9418 6001 3417 1769 2404 2195 2106 3597 730 2459 1892 1648 1556 1039 929 1408 567
is_linear=0
shrinkage=0.011451


Tree=92
num_leaves=18
num_cat=0
split_feature=0 31 31 5 0 27 22 10 0 8 31 0 2 18 23 18 29
split_gain=41.1403 27.2366 22.221 18.8119 14.02 13.0382 11.5697 11.0075 10.0873 9.51497 9.04787 8.36873 7.44855 6.842 8.11156 6.81221 5.83034
threshold=2.3860369609856282 41.282455125552367 88.455892247709144 -1.9999820682386484 -5.0527036276522912 0.2188186309656264 182.50000000000003 -0.28288029036230472 12.191649555099248 -0.0049074545249617732 -43.105277037139892 -3.17453798767967 -12.700000000000001 0.036931818181818184 115.50833333333334 0.57359307359307365 -0.93148148148148102
decision_type=10 2 2 8 8 10 10 8 10 8 2 10 10 10 10 8 8
left_child=1 3 6 13 7 -6 8 -5 10 11 -2 -3 -11 14 -1 -14 -13
right_child=2 9 -4 4 5 -7 -8 -9 -10 12 -12 16 15 -15 -16 -17 -18
leaf_value=-7.1295537408649592e-05 -0.0047491203101286397 0.0048201836911302655 0.0058582780663211896 -0.0056950876423118909 -0.001286924277130495 0.0037811565505984491 -0.0069649934146971031 0.0027243241572893085 -0.0095668816815114195 0.011262689441801881 -0.0012749374310590559 0.0030243759095093738 0.0064880465031496234 0.010956771403534994 0.0073466149049096624 0.0020506141145320207 -0.0044052886823139278
leaf_weight=40.746692925691605 122.15522855520248 44.64201657474041 40.955297872424126 21.500655993819237 829.33257710933685 71.725126683712006 75.909376814961433 255.95868398249149 23.164413198828697 24.472415402531624 496.98115266859531 21.174090653657913 104.33629405498505 19.820977821946144 36.092209234833717 81.395546972751617 37.467104718089104
leaf_count=166 509 185 166 87 3350 290 312 1037 95 103 2008 86 432 81 147 336 152
internal_value=-9.2055e-05 0.000955761 -0.00228368 0.000211604 -0.000187871 -0.000881017 -0.00275294 0.00205988 -0.00224848 0.00397595 -0.00196474 0.00112026 0.00537115 0.00505028 0.00344602 0.00455758 -0.00171878
internal_weight=2347.83 1588.66 759.165 1275.18 1178.52 901.058 718.21 277.459 642.301 313.487 619.136 103.283 210.204 96.6599 76.8389 185.732 58.6412
internal_count=9542 6452 3090 5158 4764 3640 2924 1124 2612 1294 2517 423 871 394 313 768 238
is_linear=0
shrinkage=0.011451


Tree=93
num_leaves=18
num_cat=0
split_feature=0 31 31 5 6 0 6 3 3 3 15 5 4 17 4 21 4
split_gain=40.2261 26.6476 21.7311 18.4043 14.2874 14.5057 13.2577 12.8345 12.2908 8.47836 7.78419 7.35205 6.84775 10.9371 8.39969 5.96655 11.8897
threshold=2.3860369609856282 41.282455125552367 88.455892247709144 -1.9999820682386484 -1.6248101395609278 -12.024640657084188 0.92490314078454228 0.04215196894065449 -0.042148662503797611 0.061314408453040654 0.39141414141414149 0.79987038737202665 -0.58022169603112139 -0.028490259740259715 -1.1769232069195699 -1.0000000180025095e-35 -1.8014481939307778
decision_type=10 2 2 8 8 8 8 8 8 8 10 10 8 8 10 2 10
left_child=1 3 6 7 8 -6 10 -1 -5 12 -2 -12 14 -14 -3 16 -8
right_child=2 9 -4 4 5 -7 15 -9 -10 -11 11 -13 13 -15 -16 -17 -18
leaf_value=0.0072707315032789844 -0.0046609438876872404 0.0028602779231924704 0.0057954076745798284 0.0039701346822874281 0.0099354584163511544 0.00012688248732084094 -0.0066990274833692029 -0.0025562916653978653 -0.0046481943887273615 0.009175419635465443 0.005160079810563282 -0.0044621456870943361 0.011040209451296799 0.0032319820861512749 -0.0058177394265257866 -4.5411404246419111e-05 0.0021520169100337763
leaf_weight=74.269240260124207 356.26784020662308 43.40822622179985 40.932843774557114 25.17007240653038 19.509128659963608 994.94622723758221 55.321981742978096 22.335598677396774 138.81096574664116 35.381518140435219 21.405428245663643 19.061102539300919 26.490281656384468 186.7540816962719 21.227418825030327 235.43269123136997 30.471171170473099
leaf_count=303 1456 178 166 102 80 4020 227 91 562 149 88 80 109 771 87 950 123
internal_value=-9.09441e-05 0.000945236 -0.00225852 0.000209312 -0.000185735 0.000321875 -0.00272262 0.00499673 -0.00331468 0.00393384 -0.00412124 0.000628818 0.0032462 0.00423316 -1.98455e-05 -0.000990292 -0.003563
internal_weight=2347.2 1588.3 758.893 1275.04 1178.44 1014.46 717.96 96.6048 163.981 313.262 396.734 40.4665 277.88 213.244 64.6356 321.226 85.7932
internal_count=9542 6452 3090 5158 4764 4100 2924 394 664 1294 1624 168 1145 880 265 1300 350
is_linear=0
shrinkage=0.011451


Tree=94
num_leaves=18
num_cat=0
split_feature=0 5 12 6 28 1 28 3 24 8 5 29 3 25 1 23 17
split_gain=35.7997 28.8199 23.1743 17.735 14.8534 19.3912 11.5874 10.9765 10.8218 14.9305 10.8008 13.9867 11.144 10.76 10.3062 10.042 9.77623
threshold=0.21492128678986869 0.39752973732536262 0.11692109060530111 -1.6787360901965462 -0.026297180580145622 -8.9000000000000039 0.061366245884792288 0.015730875704320083 -1.0000000180025095e-35 -0.11293013506816647 -1.9999820682386484 -7.8574862637362619 -0.0014066383737337815 1.0000000180025095e-35 5.1000000000000094 72.33210784313728 0.19504830917874397
decision_type=10 10 10 8 8 10 10 10 2 10 10 8 8 2 10 10 10
left_child=2 4 3 7 13 -6 -3 -1 9 -5 -4 -12 -13 16 -7 -10 -2
right_child=1 6 10 8 5 14 -8 -9 15 -11 11 12 -14 -15 -16 -17 -18
leaf_value=-0.0057969605501146885 0.0030818601325985312 -0.0026807927673926468 0.01070970409069257 -0.0096529661363657943 -0.0081728698704565152 -0.0012207038494782849 -0.007190282037403223 0.0023628564138778478 0.00098108026770592736 0.00014258511681786959 -0.0029430300055544117 0.0016309817972580503 0.0069344724889377129 -0.00064136041060915128 0.0030193319619222958 0.0042818995534345487 0.011519299258668845
leaf_weight=82.543439537286758 101.90126693248749 234.7047199010849 30.574156895279884 25.630766838788986 46.231022492051125 432.37084367871284 110.00087125599384 28.787256106734276 553.15077587962151 91.001414403319359 36.772012591362 91.542525306344032 121.05727958679199 87.189276248216629 90.310780927538872 154.21766090393066 21.468351349234581
leaf_count=334 411 957 128 104 188 1753 459 116 2244 370 150 373 495 352 366 627 87
internal_value=9.51476e-05 -0.00137724 0.00145717 0.000590838 -0.000157032 -0.0011187 -0.00413088 -0.00368554 0.00117112 -0.00205243 0.00434347 0.00353662 0.00466303 0.00243667 -0.0004852 0.00170405 0.00460382
internal_weight=2339.45 1124.18 1215.28 935.331 779.472 568.913 344.706 111.331 824.001 116.632 279.946 249.372 212.6 210.559 522.682 707.368 123.37
internal_count=9514 4573 4941 3795 3157 2307 1416 450 3345 474 1146 1018 868 850 2119 2871 498
is_linear=0
shrinkage=0.011451


Tree=95
num_leaves=18
num_cat=0
split_feature=31 31 21 5 2 5 22 11 15 9 10 31 12 27 21 13 11
split_gain=49.57 21.2727 20.3569 17.2475 15.9784 12.9884 12.5217 12.1086 10.1896 9.78749 8.16806 7.97761 7.3742 7.24085 7.02538 6.38341 6.04303
threshold=-23.504672227775469 63.796483916628638 8.5000000000000018 -0.31262068469553966 10.150000000000007 1.3644905830897975 -230.49999999999997 -0.11330860022036147 0.57359307359307365 0.38363095238095241 -0.18648415423037992 -101.68222798159023 0.095238095238095302 0.32113399799347891 -13.499999999999998 0.38548951048951052 -0.047221227642505907
decision_type=2 2 2 8 10 10 10 8 10 8 8 2 8 10 2 10 10
left_child=3 2 4 7 5 -2 -3 -1 11 -4 -6 -5 16 15 -13 -8 -9
right_child=1 6 9 8 10 -7 13 12 -10 -11 -12 14 -14 -15 -16 -17 -18
leaf_value=-0.0062516033492777678 0.0010592220863572235 0.0081498933868631111 -0.0064601529289566367 -0.0079531782305107303 -0.001274613078850945 -0.0027777160227005437 0.003502709165193726 0.0054690286557585455 0.0034144533841242749 0.0015375885261659393 0.0062954954235812438 0.0027992441370912921 0.0052043528995411731 0.0080339277139721711 -0.0035270155734060207 -0.0010025693261639355 -0.0013979708597107547
leaf_weight=27.186955273151398 961.92831057310104 73.864505052566528 73.397968515753746 51.337706729769707 22.615324750542641 130.84484538435936 104.98033867776394 20.646121472120285 27.453073054552078 27.216903671622276 101.78859581053257 23.75083714723587 56.893840298056602 27.386203780770302 461.54114156961441 67.247462719678879 78.823367968201637
leaf_count=111 3890 307 298 214 92 531 429 84 113 110 413 96 231 114 1884 277 320
internal_value=9.41011e-05 0.00123669 0.000632591 -0.00233674 0.00104252 0.000598395 0.00413905 0.000710367 -0.00332792 -0.00430081 0.00491987 -0.00367664 0.00194212 0.00263283 -0.003214 0.00174649 5.41215e-05
internal_weight=2338.9 1591.27 1317.79 747.633 1217.18 1092.77 273.479 183.55 564.083 100.615 124.404 536.63 156.363 199.614 485.292 172.228 99.4695
internal_count=9514 6461 5334 3053 4926 4421 1127 746 2307 408 505 2194 635 820 1980 706 404
is_linear=0
shrinkage=0.011451


Tree=96
num_leaves=18
num_cat=0
split_feature=5 22 8 21 3 21 9 13 10 3 26 12 19 9 1 18 3
split_gain=31.3721 19.822 12.8502 12.4541 37.9866 21.8743 16.0235 15.5877 14.9901 9.29326 9.26411 9.11923 8.29478 8.05613 8.96552 7.37092 7.28934
threshold=1.1272217340373494 -209.49999999999997 0.014556234767113487 -1.0000000180025095e-35 -0.074618096357226868 -1.4999999999999998 0.22222222222222227 -0.051209207459207422 0.1243786669739483 -0.014180291493257556 -0.43316392079839222 -0.11774125179519294 0.095695970695970703 0.19607843137254904 2.5499999999999976 -0.66190476190476166 -0.030410838436397466
decision_type=10 8 10 2 10 2 8 10 8 8 10 8 10 10 10 10 10
left_child=1 9 11 4 5 -3 8 -6 -5 16 -4 15 -8 14 -12 -2 -1
right_child=2 3 10 6 7 -7 12 -9 -10 -11 13 -13 -14 -15 -16 -17 -18
leaf_value=0.0051924608653709211 -0.0017309624567970045 -0.012589711902676038 0.0069581733495517276 -0.0016681179489740213 -0.0016576807114683078 -0.00053660202876157066 0.0027935164802913698 0.0018130308851629867 0.0034404738626925453 0.0071968451787840539 -0.0024457267074516243 -0.0029401866681432617 -0.0019308468126093992 -0.0076838824557159133 0.0044118071224627875 -0.0098735736034828211 -0.0044810906831896629
leaf_weight=20.305132135748863 20.327613100409508 51.145928606390953 20.433174774050713 328.79590834677219 320.05133408308029 31.999220043420792 563.3176294863224 359.66177077591419 96.985202938318253 85.738818675279617 68.097479566931725 189.72329765558243 52.87999102473259 20.513731107115746 38.618270605802536 53.941144570708275 19.259811207652092
leaf_count=83 84 210 83 1336 1299 130 2283 1464 394 352 277 777 215 83 157 223 79
internal_value=8.78237e-05 0.000700102 -0.0027795 0.000393432 -0.000717916 -0.00799188 0.00120702 0.00017878 -0.000500935 0.00509198 -7.27927e-05 -0.00428951 0.00238645 -0.00123218 4.77883e-05 -0.00767993 0.000487229
internal_weight=2341.8 1930.14 411.655 1804.84 762.858 83.1451 1041.98 679.713 425.781 125.304 147.663 263.992 616.198 127.229 106.716 74.2688 39.5649
internal_count=9529 7845 1684 7331 3103 340 4228 2763 1730 514 600 1084 2498 517 434 307 162
is_linear=0
shrinkage=0.011451


Tree=97
num_leaves=18
num_cat=0
split_feature=31 31 12 12 8 22 8 10 31 12 11 21 9 21 30 22 6
split_gain=42.2405 16.8038 13.0798 11.9042 10.3677 9.37055 9.1395 8.73683 8.5895 10.0007 9.90093 8.44694 11.8442 11.2107 8.18174 7.72205 7.39789
threshold=-17.97351701142895 51.317133385036421 0.0701365214277931 -0.12723285486443384 -0.040308979589886239 329.50000000000006 0.036119253904442518 0.04788476792409669 -88.066844955317933 0.17860195360195366 0.030785227397410634 1.0000000180025095e-35 0.024279266832458322 3.5000000000000004 0.089448051948051957 -2.4999999999999996 -1.7111551765522741
decision_type=2 2 8 8 10 10 8 8 2 8 10 2 10 2 10 10 8
left_child=4 3 -3 -2 11 16 15 -8 -6 -10 -11 12 14 -13 -1 -4 -5
right_child=1 2 6 5 8 -7 7 -9 9 10 -12 13 -14 -15 -16 -17 -18
leaf_value=-0.0063795928365741631 -0.0017843407408226037 0.0006381352468092452 0.0056255876494742951 -0.0015903169944921915 -0.0048418328938059068 -0.0065076402360615205 0.011482579767064216 0.0050356642807805503 -0.0012550699086300492 0.00011275477733297922 0.0073944961362711285 0.00085999376774430355 0.0012666027338886941 -0.0052251451927959047 -0.00042134036627257176 -0.0012357994562919819 0.001664905146552712
leaf_weight=194.07419140636921 230.96458919346333 142.94824214279652 41.047474756836891 102.84151904284954 53.054031282663345 20.005931183695793 38.699190735816956 100.22192768752575 221.83022101223469 60.048279389739037 40.703597113490105 115.70446760952473 40.154903262853622 59.65459218621254 35.887031316757202 44.005017414689064 799.56601439416409
leaf_count=796 936 584 169 416 219 81 161 415 902 244 165 471 164 245 147 180 3234
internal_value=8.67784e-05 0.00121698 0.00334912 0.000537151 -0.0020051 0.0011193 0.00507238 0.00687757 -0.00060219 0.000103588 0.00308366 -0.00318541 -0.00445398 -0.00122196 -0.00545365 0.00209349 0.00129303
internal_weight=2341.41 1520.3 366.922 1153.38 821.111 922.413 223.974 138.921 375.636 322.582 100.752 445.475 270.116 175.359 229.961 85.0525 902.408
internal_count=9529 6176 1509 4667 3353 3731 925 576 1530 1311 409 1823 1107 716 943 349 3650
is_linear=0
shrinkage=0.011451


Tree=98
num_leaves=18
num_cat=0
split_feature=0 31 5 2 31 9 0 2 11 5 8 1 12 20 29 12 1
split_gain=43.9812 28.6309 19.9542 17.4918 13.9062 13.5258 13.2483 12.4583 13.0265 11.3373 9.38684 8.63381 8.38109 13.8059 8.32302 9.60348 7.11671
threshold=-2.3764544832306647 -18.709117844510271 -0.10000427370121832 -7.700000000000002 -88.066844955317933 -0.16610360360360357 3.6030116358658462 15.200000000000005 0.1133086002203615 1.2876658283848275 -0.069049407585827491 3.8000000000000118 -0.12723285486443384 0.02638888888888891 0.61554243372004802 -0.037546992481202961 8.9000000000000075
decision_type=10 2 10 10 2 10 10 8 10 10 8 10 8 10 10 8 10
left_child=4 3 6 -2 -1 12 11 8 -4 -7 -8 -3 -6 -14 16 -16 -5
right_child=1 2 7 14 5 9 10 -9 -10 -11 -12 -13 13 -15 15 -17 -18
leaf_value=-0.0041573093397666789 -0.0068716981538826036 0.001467601750898466 -0.0035477884504466978 -0.0014492805435900203 -0.0028134766700096125 0.0052261547163192958 -0.0066998066136392852 0.0053799271516486421 0.0033848694323378513 -0.0010596500016079552 -2.2079106987072501e-05 0.0051447363126923308 0.0013328234086074369 0.010928682269963441 -0.0076703573323953951 -0.0013514489398958878 0.0055050824022424942
leaf_weight=40.846082538366318 127.67467170953751 313.50113309919834 290.75446854531765 269.02960780262947 56.575118348002434 282.63963386416435 31.311697259545326 26.417660266160965 39.944346681237221 43.154699444770813 201.91934616863728 114.03730461001396 321.89843422174454 20.303571492433548 61.900847986340523 64.293190449476242 20.134051397442818
leaf_count=166 528 1269 1177 1102 229 1161 126 107 161 174 813 462 1308 83 255 263 82
internal_value=4.95872e-05 -0.00105291 8.02386e-05 -0.00317446 0.00229689 0.00266419 0.00125859 -0.00209835 -0.00270531 0.00439308 -0.000935019 0.00245485 0.00124678 0.00192219 -0.00202885 -0.00447488 -0.000953578
internal_weight=2326.34 1560.92 1017.89 543.032 765.418 724.571 660.769 357.116 330.699 325.794 233.231 427.538 398.777 342.202 415.358 126.194 289.164
internal_count=9466 6345 4115 2230 3121 2955 2670 1445 1338 1335 939 1731 1620 1391 1702 518 1184
is_linear=0
shrinkage=0.011451


Tree=99
num_leaves=18
num_cat=0
split_feature=0 5 21 2 14 11 0 1 28 2 4 8 8 28 4 11 2
split_gain=42.997 22.4102 18.8077 21.055 16.5248 15.1684 14.9318 13.3772 15.1941 13.3168 10.3302 8.79094 7.82009 7.62838 7.36207 7.12895 10.2209
threshold=-2.3764544832306647 -0.054862178703890978 1.0000000180025095e-35 17.800000000000001 -0.1055161943319838 0.10521647346944675 5.1895961670089017 3.8000000000000118 0.0031488154379432478 -7.700000000000002 -0.86616087087291238 -0.088342067800797411 0.040308979589886253 0.19042462416740075 -2.4608217704839439 0.076910450625403873 -7.6500000000000048
decision_type=10 10 2 8 10 8 10 10 8 8 8 8 10 10 8 10 10
left_child=2 6 4 13 -1 9 7 8 -2 -3 -9 -7 -11 -4 -8 16 -6
right_child=1 5 3 -5 15 11 14 10 -10 12 -12 -13 -14 -15 -16 -17 -18
leaf_value=-0.00076502436201427305 0.0027585737035951529 -0.0077743205970108109 0.0044593714210936428 0.013264036645371449 -0.0038369313040105811 -0.0028001528457380562 -0.0089123623893868961 -0.0011276414817877854 -0.0013856774595543656 -0.0036960236330780888 0.0049404708335221001 0.005257391700061103 -0.00050998006413591136 -0.0024841606049787351 -0.0018680997756100662 0.0061856334470600741 0.0032004274014553967
leaf_weight=285.09234720468521 168.21922551095486 77.931914031505585 155.96568024158478 34.4914740473032 31.983635053038597 28.589517533779144 21.052768930792809 48.897755086421967 369.83345793187618 311.55047078430653 145.26427419483662 44.80691359937191 149.68699219822884 23.481389611959457 194.69694398343563 74.724564656615257 159.41284257173538
leaf_count=1153 683 320 640 144 130 116 86 198 1497 1277 589 181 608 95 790 310 649
internal_value=4.90413e-05 -0.00104115 0.00227148 0.00514802 0.00115018 -0.00274694 6.22575e-05 0.000842633 -8.82005e-05 -0.00341151 0.00341364 0.00212183 -0.00266426 0.00354498 -0.00258066 0.00319872 0.00201526
internal_weight=2325.68 1560.53 765.152 213.939 551.213 612.566 947.964 732.215 538.053 539.169 194.162 73.3964 461.237 179.447 215.75 266.121 191.396
internal_count=9466 6345 3121 879 2242 2502 3843 2967 2180 2205 787 297 1885 735 876 1089 779
is_linear=0
shrinkage=0.011451


Tree=100
num_leaves=18
num_cat=0
split_feature=0 5 28 21 0 22 10 23 5 21 4 11 5 18 5 19 22
split_gain=34.5683 29.0618 17.9719 22.3514 16.4578 14.6166 13.8865 14.1802 14.5493 11.4939 16.4835 13.7498 11.319 10.0228 8.75828 8.49256 8.13388
threshold=-2.9459274469541419 -0.31262068469553966 0.063021341714618193 -1.0000000180025095e-35 8.3148528405201922 -313.49999999999994 0.28275322922395313 119.01018893387324 1.4721818777257165 -1.0000000180025095e-35 -1.6867699237478857 0.081420935910416117 1.9084653674537362 -0.34960317460317453 -1.9999820682386484 -0.66190476190476188 -12.499999999999998
decision_type=10 10 8 2 10 8 8 10 10 2 10 8 10 8 10 10 10
left_child=5 2 4 -4 15 -1 7 13 -9 10 -7 -11 16 -3 -5 -2 -8
right_child=1 6 3 14 -6 9 12 8 -10 11 -12 -13 -14 -15 -16 -17 -18
leaf_value=0.0094663107716591206 0.005966748252500864 -0.010981415479631848 -0.0036055208828445961 0.0018156117369896485 -0.0064552987906251616 -0.0028148655618110661 -0.0006607729809478232 0.0011191711144038822 -0.0061148527432449877 0.0010807819726843988 0.0022615611581510604 0.0062569809771197407 -0.0032469598944815411 -0.0039894967131063747 -0.002301142658918582 0.0019383654454703011 0.0067765402354765178
leaf_weight=34.374555379152298 111.69653536379337 28.64285483956337 212.99705500900745 325.2958225607872 22.948224157094955 125.14104621112347 33.5029386729002 143.27615007758141 48.170452415943146 135.04108782112598 251.05687262117863 134.13483826816082 52.377207890152931 370.08074858784676 84.943632066249847 178.95370568335056 44.420291274785995
leaf_count=143 455 117 867 1314 93 507 136 583 199 550 1026 550 215 1512 345 726 180
internal_value=8.54928e-05 -0.000806448 0.000523343 -0.000601913 0.0027562 0.00225882 -0.00253448 -0.00328081 -0.000715818 0.00186561 0.000570923 0.0036692 0.000845371 -0.00450916 0.000960866 0.00349652 0.00360027
internal_weight=2337.05 1657.31 936.835 623.237 313.598 679.748 720.471 590.17 191.447 645.374 376.198 269.176 130.3 398.724 410.239 290.65 77.9232
internal_count=9518 6742 3800 2526 1274 2776 2942 2411 782 2633 1533 1100 531 1629 1659 1181 316
is_linear=0
shrinkage=0.011451


Tree=101
num_leaves=18
num_cat=0
split_feature=31 28 19 31 17 22 11 24 4 1 15 23 18 11 1 22 19
split_gain=52.8334 16.6651 12.1308 13.3836 11.2605 10.9655 10.7926 10.0519 10.3702 8.94287 8.92178 8.25778 8.00442 7.72171 7.65379 7.20177 6.863
threshold=-17.97351701142895 0.032018420570252233 0.54006410256410264 23.772770415404356 0.087922705314009683 -181.49999999999997 0.042337697068966458 1.0000000180025095e-35 0.69687742953538645 3.8000000000000118 0.57359307359307365 26.488095238095244 -0.14956140350877192 0.025601073138895484 -5.1000000000000076 -339.49999999999994 0.22613636363636366
decision_type=2 10 10 2 10 8 10 2 10 10 10 10 10 10 10 8 10
left_child=5 2 3 11 6 13 14 8 10 -8 -7 -2 -9 -1 -3 -5 -10
right_child=1 4 -4 15 -6 7 9 12 16 -11 -12 -13 -14 -15 -16 -17 -18
leaf_value=-0.00043725437291468956 0.00024687517714198958 -0.0060809258492191074 -0.0027921684294356167 0.010200208379034377 -0.0047170062003538075 -0.0042163947852524282 0.0013276296877989978 0.0059413390032690434 -0.0017088163873218805 0.0092607597244776293 0.0026070712647442346 0.003558468545260839 -0.0017316877994017128 0.0081948286603256339 -0.00018887413377482838 0.0033828083487072616 0.004257484554088367
leaf_weight=41.900103345513344 394.90629191696644 32.506346836686134 62.877964064478874 20.72467814385891 71.687718033790588 494.49758784472942 64.332069903612137 29.165411785244942 121.90373979508877 25.732394888997078 26.043584018945694 131.04154551029205 43.775501191616058 19.403995782136917 225.46226562559605 499.31222440302372 31.194695129990578
leaf_count=171 1591 132 256 87 291 2023 262 119 497 105 107 531 180 79 915 2045 127
internal_value=8.4524e-05 0.00133623 0.0020715 0.00236545 -0.000606488 -0.00228296 0.000247551 -0.00266541 -0.00310243 0.0036453 -0.00387212 0.00107541 0.00136224 0.00235339 -0.000945004 0.00366713 -0.000480038
internal_weight=2336.47 1528.58 1108.86 1045.98 419.721 807.885 348.033 746.581 673.64 90.0645 520.541 525.948 72.9409 61.3041 257.969 520.037 153.098
internal_count=9518 6215 4510 4254 1705 3303 1414 3053 2754 367 2130 2122 299 250 1047 2132 624
is_linear=0
shrinkage=0.011451


Tree=102
num_leaves=18
num_cat=0
split_feature=0 6 11 0 11 31 21 0 22 3 22 3 21 9 1 31 9
split_gain=39.9595 27.2447 24.4174 17.904 17.5054 16.3577 15.7441 13.1852 13.1561 13.1422 10.725 10.4598 9.38703 17.1887 8.28742 8.12764 6.37057
threshold=5.0253251197809723 1.0000000180025095e-35 -0.017558908586791429 -5.1444216290212159 0.098160614824641182 84.433255085558372 1.0000000180025095e-35 -6.1519507186858293 -237.49999999999997 0.062433562526044602 147.50000000000003 0.014265691678895133 -1.0000000180025095e-35 0.13162019468734534 -7.6000000000000076 10.849196225858806 -0.20587157940099113
decision_type=10 10 10 8 8 2 2 10 10 10 10 8 2 8 10 2 8
left_child=1 3 8 12 9 10 -6 -4 -3 -5 15 -9 13 -1 -10 -2 -17
right_child=5 2 7 4 6 -7 -8 11 14 -11 -12 -13 -14 -15 -16 16 -18
leaf_value=0.0055153879852260831 -0.0045163622832825228 0.0084439979702038894 0.0092796597314262694 -0.0028909356596074679 -0.0010292694323463933 0.0060818672044263928 0.00308680327038532 0.0017990106104507591 -0.0061625165991276301 0.0062026117119733798 -0.008932472427981536 0.0058875302954259339 0.0055055480508638729 -0.0024224736111121263 9.816439018490769e-05 0.0047182151675283267 -0.0019942201211733735
leaf_weight=59.415822967886925 197.44198921322823 22.113700568675995 61.306095004081726 465.97299575805664 319.46406289935112 22.497068241238594 196.11069637537003 196.97581595182419 30.602869525551796 21.205409646034241 47.043657556176186 141.06455677747726 88.429952055215836 87.786827847361565 244.6322570592165 22.168946459889412 98.195081397891045
leaf_count=242 814 90 258 1896 1291 91 797 804 124 86 195 579 362 356 992 90 396
internal_value=8.24182e-05 0.000754686 0.00256505 -0.00026462 -0.000932286 -0.0032716 0.000538326 0.00441247 7.96227e-05 -0.00248723 -0.00385833 0.00351333 0.00257133 0.000791867 -0.000611079 -0.0030902 -0.000738842
internal_weight=2322.43 1935.08 696.695 1238.39 1002.75 387.347 515.575 399.346 297.349 487.178 364.85 338.04 235.633 147.203 275.235 317.806 120.364
internal_count=9463 7877 2847 5030 4070 1586 2088 1641 1206 1982 1495 1383 960 598 1116 1300 486
is_linear=0
shrinkage=0.011451


Tree=103
num_leaves=18
num_cat=0
split_feature=0 5 0 22 24 6 11 13 12 23 21 23 0 10 27 14 2
split_gain=39.0734 29.8236 19.4874 15.602 15.2701 12.9809 14.6669 12.5353 12.1858 11.4875 10.8165 10.3757 9.8484 9.51961 8.59962 7.88284 5.99091
threshold=5.0253251197809723 -0.10000427370121832 -9.1375770020533853 196.50000000000003 -1.0000000180025095e-35 1.0000000180025095e-35 -0.035327749183955197 0.066666666666666693 0.03361195729409739 -28.547619047619062 2.5000000000000004 -23.370893812070275 -0.15742642026009609 0.28275322922395313 -0.04368509809724732 0.27792632204396917 -5.1000000000000076
decision_type=10 8 8 10 2 10 10 8 10 10 2 10 10 10 10 8 10
left_child=1 5 -3 4 -4 11 9 13 -5 -7 -9 14 -8 16 -1 -13 -2
right_child=7 2 3 8 -6 6 12 10 -10 -11 -12 15 -14 -15 -16 -17 -18
leaf_value=0.0011315776153808987 -0.0089772997137455655 0.0062191658448894106 -0.0038664735303558634 -0.0097582377070576133 0.00019383360159096438 0.0042720101631375266 0.0070678572207571629 -0.0033303856479712807 0.00025444727436040596 -0.0029801930387367017 0.0024961653656198741 0.0042786340073980708 0.0027720130761065085 0.001350641992798166 -0.0048059021361860034 -0.0012673574123592297 -0.0045448512501151438
leaf_weight=67.841001316905022 59.317487224936485 56.347622901201248 138.03225646913052 41.46421767771244 976.64587266743183 53.882130444049835 172.4106982499361 99.828130170702934 25.585201054811478 59.65417243540287 70.892328217625618 116.82718607783318 119.69684585928917 26.408004611730576 59.521493434906006 46.712826415896416 130.6864168792963
leaf_count=275 246 231 562 170 3961 219 721 406 104 242 286 474 485 109 242 191 539
internal_value=8.1594e-05 0.000746358 -0.000320224 -0.000635349 -0.000310959 0.00264066 0.00396291 -0.00323604 -0.00597243 0.00046638 -0.000910591 0.000792044 0.00531781 -0.00506213 -0.00165375 0.00269578 -0.00595501
internal_weight=2321.75 1934.62 1238.08 1181.73 1114.68 696.546 405.644 387.132 67.0494 113.536 170.72 290.903 292.108 216.412 127.362 163.54 190.004
internal_count=9463 7877 5028 4797 4523 2849 1667 1586 274 461 692 1182 1206 894 517 665 785
is_linear=0
shrinkage=0.011451


Tree=104
num_leaves=18
num_cat=0
split_feature=31 2 11 31 15 28 25 2 21 2 28 24 29 12 12 30 3
split_gain=29.2799 21.3128 13.8012 12.3073 12.5395 11.6248 11.4213 10.2891 10.1979 9.74585 9.72543 15.3671 10.5066 9.41415 9.21907 8.89745 8.76901
threshold=-28.393934213122403 -7.6500000000000048 -0.076910450625403845 -101.68222798159023 0.36515151515151523 -0.035796913369388825 -1.0000000180025095e-35 3.8000000000000118 1.5000000000000002 8.9000000000000075 0.052513918167231534 1.0000000180025095e-35 -8.3290043290043254 0.15751700906780322 0.21722278395685876 0.066666666666666707 0.027098867898208593
decision_type=2 8 8 2 10 8 2 8 2 8 10 2 10 10 8 10 8
left_child=3 6 7 15 10 9 -2 -3 -7 -4 11 -5 -12 -8 -9 -1 -6
right_child=1 2 5 4 16 8 13 14 -10 -11 12 -13 -14 -15 -16 -17 -18
leaf_value=-0.0091072304913443428 0.0022084325818649301 -0.0030748577104763044 0.0026104179289225724 -0.0016273547885109099 0.0054937951095619837 3.0982383744043082e-05 -0.0055868913832941075 -0.0009484237879369493 0.0027240154354258288 0.0072472435237302792 -0.00064857765438199749 0.0074021027162846243 -0.0063643003679044827 0.0011947409761422323 0.0058481045110416324 9.614900301849743e-05 -0.0027014144703046391
leaf_weight=48.894948527216911 49.057368412613869 143.8871334195137 333.52631989121437 337.99210925400257 52.46394807100296 484.24440418183804 121.56928984820843 70.97097772359848 297.10818931460381 72.175843104720116 67.621806859970093 26.006831392645836 112.10822343826294 34.128558397293091 40.656037449836731 19.056968703866005 24.773936823010445
leaf_count=205 200 584 1364 1377 215 1958 493 288 1210 299 278 106 460 139 165 79 102
internal_value=3.51432e-05 0.00086415 0.00135504 -0.00194608 -0.00143581 0.00187453 -0.00258754 -0.00105698 0.00105644 0.0034458 -0.00204944 -0.000969943 -0.00422409 -0.00410161 0.00154687 -0.00655016 0.00286457
internal_weight=2336.24 1647.32 1442.57 688.919 620.967 1187.05 204.755 255.514 781.353 405.702 543.729 363.999 179.73 155.698 111.627 67.9519 77.2379
internal_count=9522 6700 5868 2822 2538 4831 832 1037 3168 1663 2221 1483 738 632 453 284 317
is_linear=0
shrinkage=0.011451


Tree=105
num_leaves=18
num_cat=0
split_feature=31 31 2 28 14 5 2 28 6 12 23 5 2 5 10 14 8
split_gain=28.7265 16.2149 11.9512 11.3961 11.2064 11.7651 10.5698 13.0932 13.0292 10.4037 9.56891 9.33185 8.54244 8.29685 7.67446 7.59776 6.27245
threshold=5.2965034785130465 -101.68222798159023 -7.6500000000000048 -0.0060390993147208518 -0.20806277056277053 -0.10000427370121832 1.0000000180025095e-35 -0.14539465564694229 -1.6787360901965462 0.16169043374925726 509.44444444444451 1.9896363536665744 -3.8000000000000109 -1.5347395404843145 0.21796450675761023 0.12222222222222223 -0.036119253904442504
decision_type=2 2 8 10 10 10 10 8 8 10 10 10 10 8 10 10 10
left_child=1 16 9 11 -5 -6 8 -8 12 15 -10 14 -3 -9 -4 -2 -1
right_child=2 6 3 4 5 -7 7 13 10 -11 -12 -13 -14 -15 -16 -17 -18
leaf_value=-0.0094866436975091211 -0.001200785286327962 -0.0080397142944672872 0.0027682100386568964 0.0046613378761866881 0.001099560472268062 -0.0039865220026822756 0.0060318619808379251 0.0042792434418499649 -0.0012292736372577337 0.0040065677483763868 0.006797028326285634 -0.003101519113251505 -0.0013901994745878434 -0.00066271568346479748 0.0068277850129876911 -0.0079766925949575421 -0.0024129420838707514
leaf_weight=38.554393768310547 59.116643518209457 61.54029169678688 458.04219853878021 59.620861366391182 156.47660128772259 95.498674631118774 50.949263036251068 49.883321091532707 674.58443348109722 29.743397325277328 19.403634935617447 30.967348456382751 43.290867745876312 374.59294655919075 70.365605682134628 33.889345213770866 29.310956105589867
leaf_count=162 240 255 1878 242 637 387 207 203 2737 122 79 126 177 1521 289 138 122
internal_value=3.47603e-05 -0.00105774 0.00151001 0.00198144 0.000225572 -0.000833466 -0.000765501 0.000585873 -0.0015696 -0.00182777 -0.000998591 0.00295811 -0.00531973 -7.61847e-05 0.00331668 -0.00370874 -0.0064844
internal_weight=2335.83 1342.11 993.721 870.971 311.596 251.975 1274.24 475.426 798.819 122.749 693.988 559.375 104.831 424.476 528.408 93.006 67.8653
internal_count=9522 5463 4059 3559 1266 1024 5179 1931 3248 500 2816 2293 432 1724 2167 378 284
is_linear=0
shrinkage=0.011451


Tree=106
num_leaves=18
num_cat=0
split_feature=0 31 2 22 31 4 1 0 5 6 6 15 4 6 19 5 6
split_gain=40.032 27.6723 14.3539 13.3004 14.2859 14.2125 12.5187 10.5787 11.0451 10.5217 8.71767 8.89915 8.30147 12.8141 8.03655 8.0189 9.05195
threshold=2.3860369609856282 30.453032781019264 7.7000000000000037 147.50000000000003 -47.111118392627638 -1.1769232069195699 1.0000000180025095e-35 -4.7227926078028757 0.027057170599984918 -2.2095663249622617 -1.5913679633411344 -0.0054724880382775029 1.0000000180025095e-35 0.92490314078454228 -0.055555555555555559 1.535530990415428 -1.5584134550944357
decision_type=10 2 10 10 2 8 10 10 8 8 10 10 8 10 10 10 8
left_child=1 2 7 4 5 -2 -6 9 -9 -1 -5 -12 13 14 -3 16 -14
right_child=3 12 -4 10 6 -7 -8 8 -10 -11 11 -13 15 -15 -16 -17 -18
leaf_value=-0.0059740152907899495 0.0013683778559889308 0.0015801378560050653 0.003599236827418007 -0.012908213230730875 -0.0020687789273069828 -0.007877055911593954 0.0015787055365729878 0.00092217466413291045 -0.0020356775812242047 0.0023382265505319214 -0.0092312813740916041 -0.0010173593984013779 -0.00055643810113456679 0.0047798408520528463 -0.0059322662312045636 -0.0016688392992084079 0.0059168717074634582
leaf_weight=21.107219845056534 30.017864421010017 38.394843325018883 141.71660184860229 19.246254682540894 334.90948082506657 77.330602586269379 194.5364333242178 253.93741600215435 473.2129343599081 244.54119431972504 28.005229324102402 44.079507887363434 31.853289663791656 69.752306744456291 35.2915208786726 24.069722697138786 247.47994045913219
leaf_count=85 127 157 574 81 1358 326 788 1028 1917 992 114 182 130 290 144 98 1028
internal_value=0.000127328 0.00115026 0.000198976 -0.00209332 -0.00150353 -0.00529922 -0.000728271 -0.00028847 -0.00100283 0.00166455 -0.00616509 -0.00426353 0.00356166 0.00128381 -0.00203868 0.00463341 0.00517913
internal_weight=2309.48 1581.36 1134.52 728.125 636.794 107.348 529.446 992.799 727.15 265.648 91.331 72.0847 446.842 143.439 73.6864 303.403 279.333
internal_count=9419 6443 4596 2976 2599 453 2146 4022 2945 1077 377 296 1847 591 301 1256 1158
is_linear=0
shrinkage=0.011451


Tree=107
num_leaves=18
num_cat=0
split_feature=0 31 5 22 31 3 0 1 5 26 6 15 7 26 6 11 18
split_gain=39.1404 27.0674 13.3021 13.0252 13.9871 12.9379 13.2369 12.2353 10.9375 8.64559 8.57034 8.71182 8.34515 8.31483 8.0331 8.30597 7.72464
threshold=2.3860369609856282 30.453032781019264 -1.7718621870343751 147.50000000000003 -47.111118392627638 0.015513126491646935 -4.6310746064339474 1.0000000180025095e-35 0.57622955389288932 -0.45254998579335931 -1.5913679633411344 -0.0054724880382775029 -0.016021460586287294 0.067386741547980508 0.1430845219425925 -0.093854662496263716 -0.24113408521303256
decision_type=10 2 8 10 2 10 10 10 8 8 10 10 8 8 8 8 10
left_child=1 2 -1 4 9 6 -4 -6 -7 -2 -5 -12 -11 -9 -3 -16 -17
right_child=3 14 5 10 7 8 -8 13 -10 12 11 -13 -14 -15 15 16 -18
leaf_value=0.0042670794865265135 0.0012684451649117121 0.0014645982523846712 0.0014297966863893766 -0.012797138482227422 -0.0020453864211168733 0.0045502650194358509 -0.0018862157214508742 -0.0012083412025343909 -9.2835078393758188e-05 -0.0025777306615774502 -0.0091351709309262317 -0.001006025075193046 -0.0098510084991911325 0.0035723563435930204 -0.001389383936677273 0.0038799929627014213 0.0081026236062071502
leaf_weight=95.681654453277588 21.226138561964035 160.49996669590473 220.81015016138554 19.197037875652313 334.86863370239735 119.55530232191086 549.45012424886227 81.981571704149246 148.89694559574127 35.99145083129406 27.982907727360725 44.073193058371544 50.007890596985817 112.56998813152313 26.616904243826866 173.4735057502985 85.959421947598457
leaf_count=391 89 657 894 81 1358 484 2225 333 602 152 114 182 212 455 109 722 359
internal_value=0.000125815 0.00113741 0.000196711 -0.00207032 -0.00148676 -0.000180715 -0.000935204 -0.000719975 0.00198108 -0.00524502 -0.00610162 -0.00421745 -0.00685007 0.00156057 0.00352327 0.00467232 0.00529618
internal_weight=2308.84 1580.94 1134.39 727.899 636.646 1038.71 770.26 529.42 268.452 107.225 91.2531 72.0561 85.9993 194.552 446.55 286.05 259.433
internal_count=9419 6443 4596 2976 2599 4205 3119 2146 1086 453 377 296 364 788 1847 1190 1081
is_linear=0
shrinkage=0.011451


Tree=108
num_leaves=18
num_cat=0
split_feature=0 5 0 24 26 13 21 13 18 9 26 3 7 21 3 29 23
split_gain=54.6899 23.1149 18.8196 15.0822 10.3519 13.1093 11.2861 10.1553 8.08729 9.84877 8.52141 8.68995 8.28724 7.8366 7.72373 8.23202 8.01431
threshold=1.834360027378507 0.071456535492726583 -8.3586584531143018 -1.0000000180025095e-35 -0.023288038393338036 0.16382876382876391 1.0000000180025095e-35 0.038711288711288656 0.045454545454545449 -0.47633053221288507 0.1828538595275446 -0.014831717056474734 1.4158935077497183 -2.4999999999999996 -0.013760943670601209 2.4162878787878799 -77.19615384615382
decision_type=8 8 10 2 8 10 2 10 10 10 10 10 10 2 8 8 8
left_child=1 8 13 -2 5 -4 -6 -5 10 -10 -1 -12 -11 -3 15 -9 -16
right_child=3 2 4 7 6 -7 -8 14 9 12 11 -13 -14 -15 16 -17 -18
leaf_value=0.0011990038894347391 -0.0070215203566529024 0.0018694916002940294 -0.0042961199697127174 -0.0025855315547858313 -0.00088003749737125938 0.0045370966189531205 0.002288577318729214 0.0019258113348426551 -0.0010717162986759873 0.007589927100106547 0.0095968807511169398 0.0022871632432533082 0.0014433697395425369 0.0092436314005846631 -0.0013343471682808487 -0.0063485325737334059 0.0048127574223220402
leaf_weight=304.6520532220602 81.847422584891319 38.499243229627609 141.38537676632404 589.52729201316833 407.29973474144936 25.514368280768394 230.13047288358212 28.018715038895607 29.322293028235435 120.80297531187534 35.154521748423576 54.140214711427689 38.158576041460037 37.269482314586639 46.561608910560608 34.689053416252136 67.542858242988586
leaf_count=1249 337 157 573 2415 1647 104 939 113 119 495 145 223 156 154 188 140 273
internal_value=-5.48503e-05 0.00128674 0.000115266 -0.00236703 -0.000400404 -0.00293316 0.000265111 -0.00186428 0.00305539 0.00500572 0.0021164 0.00521443 0.00612657 0.00554542 0.000541183 -0.00266996 0.00231114
internal_weight=2310.52 1462.33 880.099 848.187 804.33 166.9 637.43 766.34 582.231 188.284 393.947 89.2947 158.962 75.7687 176.812 62.7078 114.104
internal_count=9427 5961 3574 3466 3263 677 2586 3129 2387 770 1617 368 651 311 714 253 461
is_linear=0
shrinkage=0.011451


Tree=109
num_leaves=18
num_cat=0
split_feature=31 28 8 12 2 21 3 18 29 4 31 2 25 22 2 29 8
split_gain=34.411 22.0489 15.6452 11.6981 9.39872 15.4106 21.6142 15.8814 15.3549 9.13779 8.86128 9.70489 8.4266 7.99028 8.83578 10.8986 7.87254
threshold=30.453032781019264 0.010661651183524003 0.069049407585827519 -0.11421832884097026 -3.8000000000000109 -1.0000000180025095e-35 0.013823309270554087 -0.085714285714285701 -1.4188596491228072 1.445624532361002 -82.17686920261427 10.200000000000005 -1.0000000180025095e-35 77.500000000000014 13.950000000000005 -0.7470238095238092 0.15135718249786428
decision_type=2 8 10 8 10 2 8 8 10 10 2 10 2 8 8 8 10
left_child=1 2 10 -2 5 6 -3 -7 12 -4 -1 -12 -6 14 15 -5 -11
right_child=3 4 9 13 8 7 -8 -9 -10 16 11 -13 -14 -15 -16 -17 -18
leaf_value=-0.0055528466029640773 -0.00091696231345227348 -0.0027957413189456715 0.001532175451038841 0.0067261528801447999 0.0026246420709691177 -0.0086111065665953543 -0.011448202387820683 -0.00039705116398557077 -0.003883849989839162 0.010865711869931712 -0.0002253906499678895 0.0067865326254707816 -0.00088201267459996719 0.0014174503700791891 0.009990988513256081 0.001716930232867644 0.0027338756363825831
leaf_weight=37.137463629245758 129.14742034673691 102.76551592350006 84.060878664255142 88.42044685781002 123.54870408773422 35.106806829571724 59.848723843693733 225.64561147987843 177.83682470023632 35.164758279919624 394.22727987170219 27.036078944802284 324.24050551652908 246.51219029724598 30.770477443933487 159.7747245579958 28.696506753563881
leaf_count=154 527 421 342 365 501 144 248 915 726 143 1601 110 1317 1010 129 657 117
internal_value=-5.41571e-05 -0.000933079 0.000804701 0.00216702 -0.0019374 -0.00325396 -0.00601374 -0.00152199 -0.00104397 0.00403383 -0.000241632 0.000234577 8.79508e-05 0.00292518 0.00425098 0.00351464 0.00727722
internal_weight=2309.94 1655.32 606.323 654.625 1048.99 423.367 162.614 260.752 625.626 147.922 458.401 421.263 447.789 525.478 278.966 248.195 63.8613
internal_count=9427 6739 2467 2688 4272 1728 669 1059 2544 602 1865 1711 1818 2161 1151 1022 260
is_linear=0
shrinkage=0.011451


Tree=110
num_leaves=18
num_cat=0
split_feature=31 28 8 12 2 24 25 6 6 8 13 28 8 9 31 18 19
split_gain=29.9817 20.2652 19.7147 18.5275 16.8663 15.1797 16.485 13.1051 12.8206 10.9409 9.7672 9.17253 8.91136 9.29317 7.90802 7.64439 7.49975
threshold=55.336298136752141 -0.061366245884792274 0.056842391442901243 0.10380563708737085 10.10000000000001 -1.0000000180025095e-35 1.5000000000000002 -0.089047459308090007 -1.5356479561363865 -0.034611839517315189 0.14354395604395612 -0.15377963926234503 -0.10311539491839612 0.30780825548267415 105.39411424299125 inf 1.0000000180025095e-35
decision_type=2 8 10 8 10 2 2 10 8 8 10 10 8 8 2 8 8
left_child=1 2 4 -2 7 12 8 -1 -7 -8 -5 16 -3 -14 15 -12 -4
right_child=3 5 11 10 -6 6 9 -9 -10 -11 14 -13 13 -15 -16 -17 -18
leaf_value=-0.0033545977607231632 1.4335793633524109e-05 -0.010223822557692174 0.0078910893066069937 0.008706251383223439 0.0088490029776541884 -0.0031703525081068938 -0.0079672851103654886 0.0012092822712610638 0.00027959405344934416 -0.0017269044341128741 0.0039641027000453851 0.0085358530090601081 -0.0014688269686313391 -0.0071855741197995333 0.0088041817548996544 -0.0032579395673174934 -0.00043508475434414913
leaf_weight=131.60317894816399 137.22424313426018 26.212717920541763 20.489587157964706 75.877272978425026 26.553604483604431 165.18286688625813 60.952840954065323 218.67071907222271 951.70474688708782 92.84944124519825 60.627596795558929 61.485395193099976 129.43001466989517 51.994182601571083 26.409711182117462 27.41236212849617 42.876440033316612
leaf_count=536 564 108 84 314 109 679 251 889 3865 378 252 251 528 213 112 114 175
internal_value=1.85855e-05 -0.000512604 0.00147476 0.00322411 0.000165234 -0.00118739 -0.000717274 -0.000508533 -0.000232216 -0.00422358 0.00553025 0.00540543 -0.00405293 -0.00312737 0.00338664 0.00170789 0.00231101
internal_weight=2307.56 1980.01 501.679 327.551 376.828 1478.33 1270.69 350.274 1116.89 153.802 190.327 124.851 207.637 181.424 114.45 88.04 63.366
internal_count=9422 8066 2044 1356 1534 6022 5173 1425 4544 629 792 510 849 741 478 366 259
is_linear=0
shrinkage=0.011451


Tree=111
num_leaves=18
num_cat=0
split_feature=28 8 21 3 21 2 22 21 8 1 1 1 11 2 12 27 7
split_gain=23.8182 22.1056 21.385 21.1757 19.5679 13.0893 12.9398 11.2898 11.0465 9.75082 10.67 9.45815 9.39445 8.6011 7.32764 8.02676 7.31507
threshold=-0.049056000853390881 0.017004469497030942 1.0000000180025095e-35 0.060420019351158601 1.5000000000000002 -13.950000000000001 -111.49999999999999 1.5000000000000002 0.0097167896710897168 12.700000000000005 7.7000000000000037 -1.0000000180025095e-35 -0.042337697068966444 15.200000000000005 -0.058223510109029368 -0.024224900631224865 -2.2622542721992187
decision_type=10 10 2 8 2 8 8 2 8 10 10 10 8 10 8 10 10
left_child=1 2 6 7 -5 -2 -1 -4 13 10 -10 14 -8 16 -3 -16 -7
right_child=5 11 3 4 -6 8 12 -9 9 -11 -12 -13 -14 -15 15 -17 -18
leaf_value=0.0052100817107570228 -0.0081390531677509193 -0.0039569287292433022 0.0051220445248023336 0.00036156027376034466 0.012660429288130791 0.0035410290206640558 -0.0064916927574553652 -1.2532032260603683e-05 4.4173962744168978e-05 -0.0075259609630870328 0.0066143517226352911 0.0059436162659317962 -0.0010815619356658978 0.0050329411832328134 -0.003121461706345416 0.0048935346801899917 -0.0028165492653059879
leaf_weight=39.392516523599625 34.342357248067856 24.282362431287766 71.199030056595802 27.46750620007515 43.861838564276695 24.445439994335175 45.275735855102539 256.85188680887222 449.23062494397163 19.937224194407463 34.270027965307236 147.68638497591019 508.94982314109802 20.123254626989365 20.817485824227333 70.12190455198288 468.8501011133194
leaf_count=162 142 99 290 112 181 101 185 1045 1833 81 140 609 2066 82 85 289 1920
internal_value=1.84095e-05 0.00108261 0.000299919 0.00234655 0.0079713 -0.00125292 -0.00107812 0.00110994 -0.0010152 0.000190233 0.000518277 0.00403065 -0.00153075 -0.00219592 0.00155872 0.00304946 -0.00249717
internal_weight=2307.11 1255.91 992.998 399.38 71.3293 1051.2 593.618 328.051 1016.86 503.438 483.501 262.908 554.226 513.419 115.222 90.9394 493.296
internal_count=9422 5123 4041 1628 293 4299 2413 1335 4157 2054 1973 1082 2251 2103 473 374 2021
is_linear=0
shrinkage=0.011451


Tree=112
num_leaves=18
num_cat=0
split_feature=31 0 11 0 31 11 22 23 0 24 6 3 15 23 12 15 21
split_gain=34.3034 23.3506 19.2105 14.3466 14.0664 13.2355 12.5257 10.909 10.4509 8.46235 8.29085 8.05496 7.90796 6.48062 6.49411 6.45636 5.0069
threshold=23.182160606342453 2.557152635181382 0.082799682344730188 -8.021902806297053 86.348826244443799 -0.12432621792492614 210.50000000000003 129.40865800865802 -9.1375770020533853 1.0000000180025095e-35 -0.73673493440185045 0.013915532082323325 0.082085561497326223 307.70833333333337 -0.075885309011988408 -0.27178030303030293 3.5000000000000004
decision_type=2 10 10 8 2 8 10 8 8 2 8 10 8 10 10 8 2
left_child=1 2 8 -2 6 12 7 -5 -1 15 -11 -10 -3 14 -4 -7 -6
right_child=3 5 13 4 16 9 -8 -9 11 10 -12 -13 -14 -15 -16 -17 -18
leaf_value=0.0042300762326490954 0.0084048725308408859 -0.01174497569975348 -0.00032033916566949472 -0.00023587777567484218 0.0028625665287072256 0.0027585453888549858 -0.0055673159158454479 0.0029569512008719816 -0.0016746064553678191 -0.0036396471539281603 0.0046206956397460549 0.00066648085790726422 -0.0032444759299516458 0.0087045902880425897 0.0047341978575668169 -0.0033844055464560896 0.0076808819749723308
leaf_weight=54.329569011926651 43.402899980545044 32.870645359158516 57.640172123908997 277.63170550763607 57.033880591392517 23.555924713611603 35.61089713871479 282.86863152682781 593.91700105369091 25.212529450654984 40.94335250556469 284.69371873140335 26.274467766284943 27.02292500436306 78.111498132348061 335.31197085976601 57.980720207095146
leaf_count=222 185 138 234 1133 239 96 145 1155 2405 105 167 1150 112 110 318 1377 241
internal_value=5.38248e-05 -0.000905429 2.04007e-05 0.00206141 0.00166678 -0.00299782 0.000956473 0.00137704 -0.000613624 -0.00228383 0.00146774 -0.0009161 -0.00804653 0.00364206 0.00259691 -0.00297684 0.00532164
internal_weight=2334.41 1579.88 1095.71 754.529 711.126 484.169 596.111 560.5 932.94 425.024 66.1559 878.611 59.1451 162.775 135.752 358.868 115.015
internal_count=9532 6434 4439 3098 2913 1995 2433 2288 3777 1745 272 3555 250 662 552 1473 480
is_linear=0
shrinkage=0.011451


Tree=113
num_leaves=18
num_cat=0
split_feature=31 0 11 0 14 31 11 22 23 0 23 28 18 12 31 5 21
split_gain=33.5367 22.838 18.783 14.0673 14.0427 13.7699 13.2523 12.2447 10.6654 10.2192 8.83541 7.94279 7.53219 9.19999 6.72386 6.15312 4.90652
threshold=23.182160606342453 2.557152635181382 0.082799682344730188 -8.021902806297053 -0.60158730158730156 86.348826244443799 -0.11098831821872766 210.50000000000003 129.40865800865802 -9.1375770020533853 47.938568376068368 -0.067544132673299659 -0.60357142857142854 -0.093527323209985677 -48.091543127824586 -0.32554198314369115 3.5000000000000004
decision_type=2 10 10 8 8 2 8 10 8 8 10 8 10 10 2 10 2
left_child=1 2 9 -2 -3 7 10 8 -5 -1 -6 -11 15 -14 -8 -4 -7
right_child=3 4 12 5 6 16 14 -9 -10 11 -12 -13 13 -15 -16 -17 -18
leaf_value=0.0041843864696336271 0.00832665094740777 0.0059575846788736129 0.01124939338754545 -0.00023317907976959859 -0.011760465275216117 0.0028316992309894581 -0.0053574937871578255 -0.0055043078419524287 0.0029240204326083977 0.0014542286468181911 -0.00327315465316324 -0.0014069554487159408 -0.0018741895034601901 0.0046463219727272296 -0.0017781943423518128 0.0027365410459781318 0.0076035646554696353
leaf_weight=54.301274836063385 43.315683007240295 21.499093011021614 25.139475092291832 277.63658401370049 37.223183900117874 57.002774894237518 88.513541772961617 35.613655894994736 282.78665772080421 153.71304942667484 29.14197202026844 724.86432604491711 46.838902994990349 70.198395445942879 307.55733335018158 20.553017288446426 57.90677447617054
leaf_count=222 185 90 103 1133 157 239 374 145 1155 623 123 2932 190 286 1251 83 241
internal_value=5.3281e-05 -0.00089525 2.0284e-05 0.0020387 -0.00296517 0.00164819 -0.00338793 0.000945605 0.0013615 -0.000606611 -0.00810276 -0.000905653 0.00360196 0.00204092 -0.00258571 0.00751408 0.00526621
internal_weight=2333.81 1579.54 1095.61 754.262 483.935 710.946 462.436 596.037 560.423 932.879 66.3652 878.577 162.73 117.037 396.071 45.6925 114.91
internal_count=9532 6434 4439 3098 1995 2913 1905 2433 2288 3777 280 3555 662 476 1625 186 480
is_linear=0
shrinkage=0.011451


Tree=114
num_leaves=18
num_cat=0
split_feature=31 11 8 6 2 10 1 12 2 14 17 15 6 18 22 18 11
split_gain=30.6946 14.4336 13.5967 11.5641 14.7333 9.62048 8.98826 8.15571 8.55194 12.1439 9.07717 7.13974 11.7828 10.841 7.75484 7.11224 6.34166
threshold=-30.237826530607887 -0.062316678290691645 -0.040308979589886239 0.57200870434518558 7.7000000000000037 -0.25622534050707313 3.8000000000000118 -0.77237048665620078 3.8000000000000118 -0.19999999999999998 0.067424242424242456 0.066826156299840539 -1.9223133239467212 0.18181818181818182 13.500000000000002 -0.24999999999999994 0.02000991116523854
decision_type=2 8 10 10 8 8 8 10 10 8 8 10 10 8 8 8 8
left_child=2 7 11 5 15 -3 -7 -2 10 -10 -9 14 -13 -14 -1 -5 -4
right_child=1 3 16 4 -6 6 -8 8 9 -11 -12 12 13 -15 -16 -17 -18
leaf_value=-0.0085183294212004407 0.0026211664307941186 -0.0048215295535781215 -0.0013158642312539571 -0.00038256218937296281 0.0085632391716744145 0.00039226140189515396 0.0028763073707535032 0.00084897761836817307 0.0077596211705008951 -0.0017258734335071984 -0.0051032053578638657 -0.0072885174550139133 -0.0026644942132244011 0.0051976157388750662 -0.0034894748885741585 0.0034747326001188365 0.0022269923623158732
leaf_weight=51.087829440832138 58.897143423557281 36.939799457788467 197.81416918337345 92.55049629509449 57.419416323304176 685.25923961400986 264.30174776911736 45.226976588368416 23.443080142140388 65.985976949334145 128.08558489382267 30.170713543891907 50.306270733475685 41.271052569150925 191.15157608687878 192.75867038965225 98.782821521162987
leaf_count=211 240 150 813 380 241 2782 1076 184 95 268 521 127 208 170 785 791 402
internal_value=0.000130315 0.000965013 -0.00195456 0.00149161 0.00330177 0.00086093 0.0010852 -0.00120983 -0.00207303 0.000799457 -0.00355263 -0.00343546 -0.00116477 0.0008906 -0.0045704 0.00222549 -0.000133567
internal_weight=2311.45 1650.87 660.584 1329.23 342.729 986.501 949.561 321.639 262.742 89.4291 173.313 363.987 121.748 91.5773 242.239 285.309 296.597
internal_count=9444 6728 2716 5420 1412 4008 3858 1308 1068 363 705 1501 505 378 996 1171 1215
is_linear=0
shrinkage=0.011451


Tree=115
num_leaves=18
num_cat=0
split_feature=0 5 11 31 4 2 3 31 22 14 22 14 0 0 28 5 7
split_gain=41.3877 25.9646 19.1245 13.5686 11.7963 13.0049 11.5366 10.9705 10.7222 10.3568 9.28433 8.86166 8.70694 7.99856 7.89373 9.3268 7.7331
threshold=0.17385352498288678 -0.45357009736631876 -0.062316678290691645 -31.497529965173381 -0.19374192768324014 -13.950000000000001 0.00036307923304940154 -22.291839153151496 97.500000000000014 0.30064102564102574 -230.49999999999997 0.37638888888888894 -8.3586584531143018 -0.63381245722108293 0.16159396745822655 -1.9999820682386484 0.18410948196224272
decision_type=10 8 8 2 8 10 8 2 8 10 10 8 8 8 10 10 10
left_child=1 10 11 -4 5 -3 9 8 -6 -5 -1 -2 -9 -7 -12 -16 -8
right_child=2 4 3 6 7 13 16 12 -10 -11 14 -13 -14 -15 15 -17 -18
leaf_value=0.010048699693529157 -0.0048937828260547395 -0.010314985970973956 -0.0030585109200623249 -0.0004555320519031495 0.0017496442460265527 -0.0019438227317408793 0.0007098593967217238 0.0067934044718898955 -0.0032773790235493647 -0.0060921708868472511 0.0046894577971032412 0.0030089993954085922 0.001688048025407456 0.0055972238882343638 0.0060844706301709413 -0.0024174393981099677 0.0048315686799743716
leaf_weight=32.610482946038246 228.3877329826355 21.414609745144844 226.48681597411633 259.2092442214489 106.53689198195934 134.08757494390011 252.3829343765974 48.525424405932426 115.08532068133354 50.553466603159904 232.34845887124538 19.815262600779533 410.28997838497162 20.718268156051636 24.685624852776527 50.234799578785896 77.640905186533928
leaf_count=138 949 88 940 1047 430 543 1020 202 465 204 964 81 1671 84 101 203 314
internal_value=0.000128842 0.00160736 -0.00145855 -0.000654236 0.000543659 -0.00209168 0.00019917 0.00122753 -0.000862807 -0.00138648 0.00428211 -0.00425653 0.00223702 -0.000915019 0.00364979 0.000412651 0.00168727
internal_weight=2311.01 1196.54 1114.48 866.273 856.658 176.22 639.787 680.438 221.622 309.763 339.879 248.203 458.815 154.806 307.269 74.9204 330.024
internal_count=9444 4889 4555 3525 3483 715 2585 2768 895 1251 1406 1030 1873 627 1268 304 1334
is_linear=0
shrinkage=0.011451


Tree=116
num_leaves=18
num_cat=0
split_feature=31 0 24 5 31 9 21 28 30 28 5 31 31 3 31 29 31
split_gain=26.2742 24.7771 18.9983 17.4228 18.2077 14.8425 13.7402 12.2027 11.9925 11.1644 10.9635 12.1331 10.5651 7.272 6.39732 3.76309 4.61958
threshold=-95.752406469628667 -2.2792607802874723 -1.0000000180025095e-35 -1.0667232597623084 79.830574722417865 0.32105911330049269 4.5000000000000009 0.12382925303961521 0.14285714285714296 -0.016524596456603837 -2.2438995612481629 43.422259919755909 35.664348746617414 0.013915532082323325 -8.4523267764543544 1.4995981030463785 31.081690753884576
decision_type=2 8 2 8 2 8 2 10 10 10 8 2 2 10 2 10 2
left_child=8 6 5 7 -5 9 10 -4 13 -3 12 -12 -2 -1 -7 16 -8
right_child=1 2 3 4 -6 14 15 -9 -10 -11 11 -13 -14 -15 -16 -17 -18
leaf_value=-0.011104780678458489 0.010615548913985563 0.0018695036485412513 0.0041694087748504307 -0.0012324686575650133 0.0048018142089811758 -0.0058577153113563325 0.00085132297733427184 -0.0014366506942882038 0.0015792024792419515 -0.0051187907953474812 0.00026864350436685107 0.0045557679987788717 7.7365825179412839e-05 -0.0026950509690119662 -0.014714636407609723 0.011063072116058998 0.0086559069911100409
leaf_weight=46.030428528785706 30.749873548746109 50.706685543060303 171.8750559091568 1051.3096653819084 69.279083400964737 25.637354731559753 19.491176664829254 71.8316979855299 19.251248195767403 71.706422880291939 533.52230001986027 102.68734373152256 20.708414018154144 19.69113601744175 19.78960308432579 20.29195562005043 19.9881561845541
leaf_count=195 128 206 700 4281 284 106 79 292 80 294 2163 434 89 82 80 84 85
internal_value=-0.000101297 0.000132589 -0.000701239 -0.00025308 -0.000856789 -0.00432879 0.00184091 0.00251763 -0.00632826 -0.00222958 0.00137936 0.000964627 0.00642956 -0.00863716 -0.0098722 0.00707767 0.0048804
internal_weight=2364.55 2279.57 1532.14 1364.3 1120.59 167.84 747.439 243.707 84.9728 122.413 687.668 636.21 51.4583 65.7216 45.427 59.7713 39.4793
internal_count=9662 9305 6243 5557 4565 686 3062 992 357 500 2814 2597 217 277 186 248 164
is_linear=0
shrinkage=0.011451


Tree=117
num_leaves=18
num_cat=0
split_feature=31 6 31 4 28 8 30 18 9 11 9 20 2 8 26 29 8
split_gain=25.7202 24.412 16.358 16.9527 15.9346 13.8672 11.7571 9.05923 8.84844 9.77435 8.71074 6.5063 6.36486 5.95068 5.4196 3.06401 2.5994
threshold=-95.752406469628667 1.3546867438017454 18.206790082733395 0.94354002414944238 0.30553221654614154 -0.0025140125604773129 0.14285714285714296 -0.046536796536796536 -0.54880952380952375 -0.096906763563484419 0.12132034632034631 -0.2535714285714285 -5.0499999999999963 -0.028649509216288168 0.51210236049452518 -16.911131996658309 0.0073884595011078644
decision_type=2 10 2 10 10 8 10 8 10 8 8 10 10 10 10 10 8
left_child=6 2 3 7 5 -4 12 -2 13 11 -5 -10 -1 -3 -11 -15 -14
right_child=1 8 4 10 -6 -7 -8 -9 9 14 -12 -13 16 15 -16 -17 -18
leaf_value=-0.012810490269934848 -0.0040675779969869081 0.0024709159819609645 -0.00095346241711045466 0.0031860433922977424 -0.0089401782635702767 0.0026374357367473034 0.0015613244321392643 -0.0013109293182031279 0.001663616072235746 0.0034183316173068902 -0.0010850263087300175 -0.0057156616135434699 -0.0082963462356718913 0.011935532715491914 -0.0022346573334802362 0.0054300818701789651 -0.0022970009605718109
leaf_weight=26.900507658720016 194.43819983303547 31.707711756229401 214.934670612216 152.23206010460854 19.526023238897324 407.83137677609921 19.25627213716507 793.45470398664474 29.701329812407494 231.54781873524189 105.59239825606346 31.952347457408905 19.652581930160522 22.795169502496719 24.1408521682024 19.239538088440895 19.04866261780262
leaf_count=115 794 129 877 619 79 1672 80 3229 121 953 429 130 83 94 100 79 79
internal_value=-0.000100141 0.000131164 -0.000408466 -0.00117362 0.00107523 0.00139842 -0.00626536 -0.00185586 0.00273258 0.00189444 0.00143852 -0.00218085 -0.00855538 0.00629039 0.00288021 0.00908844 -0.00543186
internal_weight=2363.95 2279.09 1888.01 1245.72 642.292 622.766 84.858 987.893 391.085 317.342 257.824 61.6537 65.6018 73.7424 255.689 42.0347 38.7012
internal_count=9662 9305 7699 5071 2628 2549 357 4023 1606 1304 1048 251 277 302 1053 173 162
is_linear=0
shrinkage=0.011451


Tree=118
num_leaves=18
num_cat=0
split_feature=0 5 5 21 2 10 28 30 23 12 21 23 23 11 0 10 20
split_gain=27.9895 22.4324 17.7551 16.03 30.3027 20.588 9.19653 10.1529 9.85359 8.92576 8.28305 8.26184 7.68646 6.94813 5.86481 4.02575 2.28816
threshold=8.4654346338124569 -1.1269506439144685 2.5238067047730648 -1.0000000180025095e-35 -19.049999999999994 0.12170248874106566 -0.22595705350779435 0.23024675077020615 -47.225000000000016 -0.10457875457875453 1.0000000180025095e-35 168.8636363636364 -54.550000000000004 -0.16906985337118671 0.62696783025325165 -0.045341078674411998 -0.10357142857142856
decision_type=10 8 10 2 10 8 10 10 10 10 2 8 10 8 8 10 10
left_child=1 6 3 4 -3 -5 15 12 -9 13 -2 16 -8 -4 -11 -1 -12
right_child=10 2 9 5 -6 -7 7 8 -10 14 11 -13 -14 -15 -16 -17 -18
leaf_value=0.011366201597044828 -0.010244249542819623 -0.0082207065516415045 -0.0023157152346349875 -0.00090924218366345846 -0.00044706823164304785 0.0024780134922712171 0.00082970635476631218 0.0036695699132767512 -0.0044415989562627553 0.001846441593793308 -0.0038550094977970574 0.00048657091617954165 0.0049741208262288061 -0.010079327677189429 -0.0052590187631471772 0.0042773033708917206 -0.0093873185339314984
leaf_weight=20.569042652845383 34.014022335410118 72.436780110001564 24.262047305703163 411.59522695839405 655.34138132631779 547.80083119869232 97.905017122626305 31.307487472891808 50.372070044279099 35.084904074668884 19.690785020589828 36.881120517849922 146.96685215830803 41.699192970991135 25.93535128235817 23.392616525292397 22.430519938468933
leaf_count=86 142 299 101 1680 2671 2229 402 129 207 142 82 151 603 173 108 98 92
internal_value=-2.16551e-05 0.000266525 -0.000258165 5.33522e-05 -0.00122756 0.00102521 0.00283145 0.0021599 -0.0013281 -0.00437601 -0.0055614 -0.00347678 0.00332381 -0.00727513 -0.00119764 0.00771364 -0.00690086
internal_weight=2297.69 2184.67 1814.16 1687.17 727.778 959.396 370.513 326.551 81.6796 126.981 113.016 79.0024 244.872 65.9612 61.0203 43.9617 42.1213
internal_count=9395 8928 7403 6879 2970 3909 1525 1341 336 524 467 325 1005 274 250 184 174
is_linear=0
shrinkage=0.011451


Tree=119
num_leaves=18
num_cat=0
split_feature=0 5 5 31 4 12 28 30 13 12 0 29 25 20 3 29 13
split_gain=27.3909 21.937 17.3711 15.3596 12.3758 10.7778 9.01744 9.92669 10.7213 8.7392 6.95064 6.18042 6.10949 8.62261 5.3096 4.88675 2.76339
threshold=8.4654346338124569 -1.1269506439144685 2.5238067047730648 -17.97351701142895 -1.0491342563556083 -0.027088174146997653 -0.22595705350779435 0.23024675077020615 0.083333333333333356 -0.10457875457875453 -0.19712525667351063 1.6278093348776486 1.5000000000000002 -0.70238095238095222 -0.0150615344295546 -10.162324929971986 0.21428571428571436
decision_type=10 8 10 2 8 10 10 10 10 10 10 10 2 10 10 10 10
left_child=1 6 3 5 -5 -3 16 10 -9 15 -8 -11 13 14 -2 -4 -1
right_child=12 2 9 4 -6 -7 7 8 -10 11 -12 -13 -14 -15 -16 -17 -18
leaf_value=0.010895089577687164 -0.0083840109130982002 -0.0024310009233294424 -0.0047555258728453524 -0.002439367115772566 0.0013316848533722323 0.00082698883756156217 0.0050403530178848221 0.0030462405317079068 -0.0051998893359542697 -0.0041887785529126876 0.0011602799372161003 0.0031434636743796233 -0.0014926169955801357 -0.012031733853816836 -0.00074043921214136835 -0.011358146216248302 0.0048979772818504887
leaf_weight=19.160233497619629 20.977312996983528 417.37807430326939 42.387917071580887 129.14713835716248 945.57582691311836 194.9658310264349 133.67545676231384 38.573925614356995 43.114410489797592 36.019209653139114 111.1193940192461 24.97714826464653 34.996855661273003 30.100642502307892 26.839247152209282 23.506470933556557 24.740403562784195
leaf_count=79 87 1713 176 524 3848 794 555 157 179 148 450 102 144 125 111 98 105
internal_value=-2.14969e-05 0.000263504 -0.000255335 5.27115e-05 0.000877302 -0.00139391 0.00280044 0.00213574 -0.00131282 -0.00432995 0.00328696 -0.00118481 -0.00550426 -0.00727832 -0.00416247 -0.00720051 0.00763849
internal_weight=2297.26 2184.34 1813.96 1687.07 1074.72 612.344 370.384 326.483 81.6883 126.891 244.795 60.9964 112.914 77.9172 47.8166 65.8944 43.9006
internal_count=9395 8928 7403 6879 4372 2507 1525 1341 336 524 1005 250 467 323 198 274 184
is_linear=0
shrinkage=0.011451


Tree=120
num_leaves=18
num_cat=0
split_feature=0 12 31 31 6 29 0 19 9 4 16 23 31 24 8 23 9
split_gain=55.1558 22.1103 20.1237 15.2649 14.2509 10.7503 9.32482 9.27386 8.29828 8.28806 7.85599 7.82518 8.46958 7.58751 7.88969 9.33246 7.46573
threshold=1.0000000180025095e-35 0.10725200258152696 10.849196225858806 -15.18981054561459 1.1527559255314739 -1.1000000000000003 7.5331964407939749 -0.39444444444444438 -0.16983607790059399 0.048908540321837897 -1.0000000180025095e-35 -407.22499999999997 41.985041102169482 -1.0000000180025095e-35 -0.059612845954408987 248.66451612903228 -0.14488833746898261
decision_type=10 10 2 2 10 8 10 8 10 10 2 8 2 2 8 10 8
left_child=1 3 4 5 6 9 7 -2 -6 -1 -7 -5 -13 -4 16 -16 -15
right_child=2 -3 13 11 8 10 -8 -9 -10 -11 -12 12 -14 14 15 -17 -18
leaf_value=-0.00035488792201291005 0.001799595962672123 0.0046586893269162793 -0.0049397683852369558 -0.0032401752192254426 0.0053426938864901824 -0.0048115924966493622 -0.0071790168418374538 -0.0035374520074699044 -0.0013727982496153015 0.0065099511527189798 -0.0006221176316756965 0.0015278961976701378 0.0047505949183667883 0.0027235853715713524 0.00067126610388039323 0.006364039077192565 -0.0042711287351830576
leaf_weight=60.31240901350975 46.61476169526577 270.96471534669399 34.713354170322418 33.35570302605629 35.862899631261826 94.281498908996582 83.376729041337967 463.6071784645319 70.528536647558212 36.61122253537178 154.32323183119297 382.77924272418022 148.35064598917961 27.521249324083328 278.17314329743385 43.069555014371872 69.15333291888237
leaf_count=244 192 1120 140 137 146 383 350 1907 287 148 624 1553 624 112 1126 175 280
internal_value=5.26377e-05 0.00179134 -0.00172885 0.000934795 -0.00294462 -0.000959702 -0.00363573 -0.00304815 0.000909949 0.00226478 -0.00221951 0.0020942 0.00243283 0.000152893 0.000583054 0.00144604 -0.00227489
internal_weight=2333.6 1180.98 1152.62 910.014 699.99 345.528 593.599 510.222 106.391 96.9236 248.605 564.486 531.13 452.631 417.917 321.243 96.6746
internal_count=9548 4833 4715 3713 2882 1399 2449 2099 433 392 1007 2314 2177 1833 1693 1301 392
is_linear=0
shrinkage=0.011451


Tree=121
num_leaves=18
num_cat=0
split_feature=0 12 31 31 5 24 22 5 3 5 2 3 23 15 23 11 10
split_gain=53.9193 21.6266 19.8001 14.9224 13.1797 15.1927 12.2889 10.1399 8.76809 10.8979 8.52326 8.22035 7.65084 8.56092 6.69661 6.29635 11.6392
threshold=1.0000000180025095e-35 0.10725200258152696 -48.935085615402834 -15.18981054561459 0.47223192786584017 1.0000000180025095e-35 -132.49999999999997 -0.60885441139677843 0.014218106738738469 0.62815523784160632 10.10000000000001 -0.040999949002988027 -407.22499999999997 0.262531328320802 106.55844155844157 -0.042337697068966444 0.094469247605105458
decision_type=10 10 2 2 10 2 8 10 10 8 8 8 8 10 8 10 10
left_child=1 3 10 8 5 6 -4 -3 11 -10 -2 -1 -5 -14 -7 16 -9
right_child=2 7 4 12 -6 14 -8 15 9 -11 -12 -13 13 -15 -16 -17 -18
leaf_value=0.0023463261184101633 -0.0039767788712170458 0.0077644166326101809 0.0046851330934252139 -0.0032026156927492107 -0.0033456516161556663 0.0005965633531903249 -0.0014899438858637403 -0.0043865373566708441 0.00521107317366893 -0.001913571416331684 -0.010493814233370811 -0.0032097621469018758 0.0027528686487807209 -0.003644706585463362 0.0059457031423528458 0.0044159893992217637 0.0064281529633619956
leaf_weight=42.143436700105667 156.41861419379711 89.092472732067108 45.10783776640892 33.368152990937233 243.32260276377201 58.920183777809143 553.22167149186134 33.385821387171745 56.188255488872528 55.249806717038155 31.533267691731453 191.91545726358891 502.48777607083321 28.450383082032204 63.758975133299828 127.82989570498466 20.496346324682236
leaf_count=171 661 376 183 137 998 239 2239 135 227 223 136 778 2061 116 259 526 83
internal_value=5.20632e-05 0.00177145 -0.00170959 0.00092434 -0.00104511 -0.00026638 -0.00101974 0.00460821 -0.000948785 0.00168832 -0.00510319 -0.00220556 0.00207093 0.00240594 0.00339363 0.00303814 -0.000244598
internal_weight=2332.89 1180.61 1152.28 909.803 964.331 721.009 598.33 270.805 345.497 111.438 187.952 234.059 564.306 530.938 122.679 181.712 53.8822
internal_count=9548 4833 4715 3713 3918 2920 2422 1120 1399 450 797 949 2314 2177 498 744 218
is_linear=0
shrinkage=0.011451


Tree=122
num_leaves=18
num_cat=0
split_feature=0 5 5 11 21 3 25 12 24 22 2 28 12 26 21 9 27
split_gain=31.618 18.9598 16.032 12.673 12.3786 17.4122 16.414 17.6164 11.7948 10.6422 9.92052 9.51336 8.61122 8.41265 7.89664 7.46357 7.37078
threshold=2.3860369609856282 0.47223192786584017 -1.8728357051458888 0.035327749183955211 1.0000000180025095e-35 0.047395202164247814 1.0000000180025095e-35 0.11330229308904445 1.0000000180025095e-35 -188.49999999999997 -11.450000000000001 0.0089693973679521258 0.39408508158508165 -1.1427276294898432 2.5000000000000004 -0.25036162005785917 -0.29171614599116341
decision_type=8 10 8 10 2 8 2 10 2 8 10 10 8 8 2 10 10
left_child=2 8 -1 12 6 10 7 -4 9 -2 -6 -10 16 -11 -7 -8 -3
right_child=1 3 4 -5 5 14 15 -9 11 13 -12 -13 -14 -15 -16 -17 -18
leaf_value=0.0046060236403025591 0.0063468527244523046 -0.0012454257262256502 -0.00048832152872350118 -0.00017866354025999816 -0.005406581247620188 0.0034668609053459132 -0.0088502553233298087 0.0035659012443009486 0.0061854659149338329 0.0052703035535412871 0.0015951647946866006 -0.00095749901116459486 -0.0014567972049978992 -0.0022697247494613505 0.010340459590122508 -0.002305574087516085 -0.0092149685621159202
leaf_weight=148.05367724597454 20.91867907345295 18.25035497546196 619.08660423755646 57.410879746079445 27.969149544835091 48.395818009972572 32.397759735584259 181.1018278747797 52.294775649905205 19.78271746635437 364.58150923252106 45.128891170024872 34.727037519216537 396.96370454132557 41.022591263055801 76.369662880897522 98.287042230367661
leaf_count=616 85 79 2513 235 114 200 132 743 212 81 1489 185 146 1618 171 311 412
internal_value=9.5428e-05 -0.00184217 0.00103223 -0.00476409 0.000649811 0.00213195 -0.000137068 0.000431438 -0.000698186 -0.00150065 0.00108802 0.00289257 -0.00649607 -0.001904 0.00667314 -0.00429678 -0.007981
internal_weight=2282.74 743.764 1538.98 208.675 1390.92 481.969 908.956 800.188 535.089 437.665 392.551 97.4237 151.264 416.746 89.4184 108.767 116.537
internal_count=9342 3053 6289 872 5673 1974 3699 3256 2181 1784 1603 397 637 1699 371 443 491
is_linear=0
shrinkage=0.011451


Tree=123
num_leaves=18
num_cat=0
split_feature=0 31 31 2 23 29 11 4 2 18 15 22 22 21 29 2 14
split_gain=30.9073 18.7904 14.7819 16.7536 14.197 13.1079 12.3632 18.8472 11.0029 10.9598 9.40298 9.36646 9.33968 8.83393 8.34735 7.85479 6.38765
threshold=2.3860369609856282 88.455892247709144 -5.0556133147881601 -15.200000000000001 -415.91249999999997 -11.910714285714285 -0.086611540684429542 -0.51421623640378955 7.6500000000000066 0.44491129785247435 -0.11791443850267377 308.50000000000006 -78.499999999999986 -1.4999999999999998 15.599025974025976 -1.0000000180025095e-35 -0.49675324675324667
decision_type=8 2 2 10 8 8 8 10 8 10 10 10 8 2 10 8 10
left_child=2 6 3 13 -4 -5 7 15 14 11 -10 -8 -7 -1 -6 -2 -11
right_child=1 -3 4 5 8 12 9 -9 10 16 -12 -13 -14 -15 -16 -17 -18
leaf_value=-0.010403979970151979 0.0035220743171106347 0.0057661308393504524 -0.0042560119087424429 0.0065362818629401036 0.0017900894316505839 0.0027069771972014337 -0.0016500418638248813 -0.010189266602006411 0.0027191880589112214 0.0084474049220376653 0.0076008361230929461 -0.0088741124407001274 -0.00089433490355594121 -0.0018629922752114588 -0.0054342084116834393 -0.0044986934700326333 -0.00058418940670974904
leaf_weight=29.006810918450356 26.282323896884918 39.85743074119091 44.501899138092995 40.901003122329712 580.85838304460049 119.30994173884392 515.2267165184021 58.848741710186005 143.94091106951237 20.929039686918259 81.27217173576355 24.051296666264534 442.84456171095371 34.934764087200165 21.126327946782112 38.886513665318489 19.426861613988876
leaf_count=120 110 163 183 166 2381 485 2104 247 592 86 336 100 1797 142 87 164 79
internal_value=9.43862e-05 -0.00182169 0.00102063 -0.00026242 0.00200183 0.000330934 -0.00225651 -0.00552931 0.00234163 -0.00155075 0.00449795 -0.00198272 -0.000127716 -0.00580455 0.00153086 -0.00126106 0.0041605
internal_weight=2282.21 743.509 1538.7 666.997 871.7 603.056 703.651 124.018 827.198 579.634 225.213 539.278 562.155 63.9416 601.985 65.1688 40.3559
internal_count=9342 3053 6289 2710 3579 2448 2890 521 3396 2369 928 2204 2282 262 2468 274 165
is_linear=0
shrinkage=0.011451


Tree=124
num_leaves=18
num_cat=0
split_feature=31 5 4 5 31 4 8 21 14 3 24 2 4 4 28 14 5
split_gain=40.1527 19.7017 17.6192 13.2207 12.3148 11.4593 10.6568 10.4949 9.74486 8.59182 8.23795 9.04815 8.85389 7.67599 6.8752 6.73447 6.65495
threshold=-15.18981054561459 2.5238067047730648 -0.88625696003560661 -0.32554198314369115 -95.752406469628667 1.7743366667934144 -0.0037310444316009657 -14.499999999999998 0.60158730158730178 0.05138694394056454 1.0000000180025095e-35 8.9000000000000075 -0.23423966182987385 -2.2593581309652344 0.21767753385199212 -0.25425685425685418 -2.9394491847918496
decision_type=2 10 8 8 2 10 10 2 8 10 2 10 8 10 8 10 10
left_child=4 2 6 8 14 -3 16 -6 -4 -5 11 -9 -12 -8 15 -1 -2
right_child=1 5 3 9 7 -7 13 10 -10 -11 12 -13 -14 -15 -16 -17 -18
leaf_value=0.0014972095150095719 0.0028584658777984621 -0.010379604762135725 0.0046132786826076052 0.00092910587447934034 0.0047858204240018437 -0.00014237678122879402 0.0068634987412335129 -0.0027282597079129191 -0.0031596753602134106 0.0056429708419418675 -0.0021571234614334396 0.0014144121176177813 0.0058909053611653581 -3.498168004062993e-05 -0.010591917799324644 -0.0067076627168845765 -0.0036682831240280236
leaf_weight=20.383630692958832 22.986444309353828 29.368746101856232 283.0490900427103 760.55163297057152 31.9734897762537 27.472900286316872 26.874178022146225 591.52226349711418 22.398503512144089 53.70980116724968 35.506177619099617 77.857851713895798 35.009258463978767 91.165892481803894 29.382392331957817 35.117143750190735 159.72900791466236
leaf_count=86 94 121 1173 3091 130 112 110 2424 94 219 147 318 143 373 126 147 650
internal_value=-6.15215e-05 0.00108213 0.00134757 0.0020083 -0.00203284 -0.00549037 -0.00111133 -0.00157439 0.00403768 0.00124437 -0.00185327 -0.00224549 0.00185618 0.00156514 -0.0061572 -0.00371217 -0.00283983
internal_weight=2334.06 1477.31 1420.46 1119.71 856.752 56.8416 300.756 771.869 305.448 814.261 739.896 669.38 70.5154 118.04 84.8832 55.5008 182.715
internal_count=9558 6037 5804 4577 3521 233 1227 3162 1267 3310 3032 2742 290 483 359 233 744
is_linear=0
shrinkage=0.011451


Tree=125
num_leaves=18
num_cat=0
split_feature=0 31 31 5 8 31 14 31 0 22 0 22 28 22 24 14 15
split_gain=40.0448 22.7038 21.0284 18.9967 12.6947 11.1977 10.8784 11.2331 11.6046 9.1027 13.7039 8.94956 8.91674 9.28547 7.41468 6.79428 6.13383
threshold=-0.15742642026009609 -15.18981054561459 -20.056071581871262 2.1126005064240765 -0.0049074545249617732 -95.752406469628667 0.6708333333333335 43.422259919755909 -8.021902806297053 -146.49999999999997 -2.7227926078028779 77.500000000000014 0.31261114494674991 -223.49999999999997 1.0000000180025095e-35 -0.1422619047619047 -0.160422502334267
decision_type=8 2 2 10 10 2 10 2 10 8 10 10 10 8 2 8 8
left_child=1 5 16 12 -5 15 7 8 -3 10 -7 -9 13 -4 -11 -1 -2
right_child=2 6 3 4 -6 9 -8 11 -10 14 -12 -13 -14 -15 -16 -17 -18
leaf_value=-0.0015237905960205789 -0.0082923477463234096 0.0067740023457736115 0.0064523782304922866 -0.013194302464145083 -0.0013457959036436862 0.0095290638930540395 -0.0047328002328263742 0.0063361438790461803 0.0013893202958921071 -0.0010860974220368866 -0.0027276220097886849 -0.0003382831390330033 -0.0070456735984735282 -6.3411085036587533e-05 0.0055785417485868819 -0.01043310592902017 -0.0032391056653319748
leaf_weight=22.878698289394379 34.289592504501343 59.361279025673866 29.233870103955269 23.938167184591293 23.212952882051468 29.149188011884689 24.084238663315773 168.00105904042721 423.16962799429893 316.33091913163662 19.576433882117271 31.141648337244987 22.292090997099876 703.75958785414696 22.856831938028336 21.885472267866135 358.35326480865479
leaf_count=94 143 247 119 100 95 119 101 714 1720 1279 79 130 91 2847 92 90 1498
internal_value=-6.08499e-05 0.00147565 -0.00152453 -0.000460988 -0.00746067 -0.000589205 0.00274091 0.00300931 0.00206013 4.0644e-05 0.00463419 0.00529475 -1.78533e-05 0.000202051 -0.000626986 -0.00596826 -0.00369363
internal_weight=2333.51 1138.44 1195.08 802.437 47.1511 432.678 705.758 681.674 482.531 387.913 48.7256 199.143 755.286 732.993 339.188 44.7642 392.643
internal_count=9558 4665 4893 3252 195 1753 2912 2811 1967 1569 198 844 3057 2966 1371 184 1641
is_linear=0
shrinkage=0.011451


Tree=126
num_leaves=18
num_cat=0
split_feature=5 28 21 3 5 2 3 8 12 31 14 10 31 5 27 3 2
split_gain=33.7799 27.4036 25.1917 22.3899 15.8003 14.5305 12.3367 12.246 12.0091 10.8573 9.56685 8.74503 8.19345 6.95967 6.6238 5.8479 8.78566
threshold=-1.3875347944597827 0.0076390492496064841 1.0000000180025095e-35 0.057367829021372281 0.083975206586399578 -7.700000000000002 -0.041754767548875631 -0.044561070251169198 0.49952380952380959 -30.865135729843015 -0.20806277056277053 -0.26924525532539462 88.455892247709144 -0.083650755082027115 -0.081081973336913152 0.055690841405895815 8.9000000000000075
decision_type=8 10 2 8 8 8 8 8 10 2 8 10 2 10 10 10 8
left_child=12 2 4 8 14 13 -6 10 -4 -5 -7 -9 15 -3 -2 16 -1
right_child=1 5 3 9 6 7 -8 11 -10 -11 -12 -13 -14 -15 -16 -17 -18
leaf_value=0.0022300093861129387 -0.0026280197017179777 -0.0022173605013418789 0.001446440216121129 0.00048880010794782652 0.0024069286497161039 -0.0008047143827510458 -0.0025581710350294352 -0.0052162322994202606 -0.0075439567964375514 0.0094767211755111512 -0.006230867700707199 -0.00023130887604595006 0.009156682714233538 -0.010288897841722898 0.0030704954587635245 -0.002668765090793414 0.0077740678611586088
leaf_weight=229.19953091442585 32.607964664697647 20.907912909984589 424.06800447404385 23.675629317760468 74.111680969595909 63.734305009245872 542.24004866182804 52.871698796749115 19.766048118472099 69.142599403858185 129.20591153204441 334.88477258384228 27.44613416492939 44.657081633806229 137.83137500286102 24.219431862235069 44.424708604812622
leaf_count=941 133 86 1731 96 302 266 2207 216 81 289 533 1368 118 187 566 100 184
internal_value=-0.00018091 -0.000745746 0.000198325 0.00210985 -0.00110616 -0.00267728 -0.00195921 -0.00209488 0.0010354 0.00720384 -0.00444733 -0.000918757 0.00323387 -0.00776292 0.00197432 0.00266896 0.00314673
internal_weight=2294.99 1969.71 1323.44 536.652 786.791 646.262 616.352 580.697 443.834 92.8182 192.94 387.756 325.29 65.565 170.439 297.844 273.624
internal_count=9404 8061 5405 2197 3208 2656 2509 2383 1812 385 799 1584 1343 273 699 1225 1125
is_linear=0
shrinkage=0.011451


Tree=127
num_leaves=18
num_cat=0
split_feature=5 0 11 21 2 0 27 0 21 3 8 7 0 11 29 26 29
split_gain=33.0308 29.8581 15.6574 13.9296 16.7491 11.5619 10.6981 11.7153 9.04947 11.978 7.85677 8.32617 7.59071 7.63562 7.51238 5.97572 5.6732
threshold=-1.3875347944597827 -2.5503080082135514 -0.0019770709681392602 1.0000000180025095e-35 -17.799999999999994 8.3148528405201922 0.083727170894730599 7.6632443531827503 1.0000000180025095e-35 -0.057153795656102006 0.0083688404252350874 0.37835194490872054 5.0253251197809723 -0.026989577727974275 -8.615079365079362 0.16227912536252628 7.3639880952380965
decision_type=8 8 8 2 10 8 10 8 2 10 10 10 8 8 8 10 10
left_child=12 8 6 5 -5 -4 7 -3 10 -10 15 -12 13 -1 -8 -2 -15
right_child=1 2 3 4 -6 -7 14 -9 9 -11 11 -13 -14 16 -16 -17 -18
leaf_value=0.0007097107626201837 0.00011728864084220425 -0.0036648534187648761 -0.0016029957731034982 0.0069198441677502205 -9.152337413802484e-05 -0.0083995879278905405 0.0049277021734897841 -0.010568984353175133 0.010153646819037906 0.0021896686221820655 0.0043364062251005919 -0.0012877396062766729 -0.00084200894709530799 0.0058026964538937017 -0.0018737829253825521 -0.0043111821842623807 2.9812535182342885e-05
leaf_weight=70.922238811850548 232.40281145274639 313.74029745161533 406.22600871324539 50.169538646936417 368.77083373069763 35.115391731262207 24.820825770497322 35.577135533094406 29.677813574671745 138.22956672310829 107.52842244505882 50.316055372357368 51.143776699900627 177.56185428798199 129.17335598170757 47.579629704356194 25.525862365961075
leaf_count=290 943 1298 1653 206 1500 144 101 153 126 570 441 206 208 739 527 193 106
internal_value=-0.000178892 -0.000737429 -0.00167695 -0.000737356 0.000757714 -0.00215555 -0.00327987 -0.0043867 0.00137709 0.00363169 0.000508262 0.00254571 0.00319857 0.00395295 -0.0007611 -0.000643679 0.00507957
internal_weight=2294.48 1969.33 1363.59 860.282 418.94 441.341 503.312 349.317 605.734 167.907 437.827 157.844 325.154 274.01 153.994 279.982 203.088
internal_count=9404 8061 5582 3503 1706 1797 2079 1451 2479 696 1783 647 1343 1135 628 1136 845
is_linear=0
shrinkage=0.011451


Tree=128
num_leaves=17
num_cat=0
split_feature=0 31 8 24 31 28 0 18 10 8 2 31 5 7 18 23
split_gain=30.2221 18.0887 17.7916 21.0217 17.9369 14.1201 10.1952 9.85086 9.22579 9.33532 8.86867 8.86627 8.43945 7.32021 5.80902 5.30842
threshold=2.4435318275154008 88.455892247709144 -0.0037310444316009657 1.5000000000000002 -101.68222798159023 -0.0060390993147208518 -8.3586584531143018 -0.046536796536796536 0.28275322922395313 -0.076656568499487279 2.600000000000009 -45.615054406134952 -1.9999820682386484 -0.95348326843410214 0.2462566844919786 -223.47857142857143
decision_type=8 2 10 2 2 10 10 8 10 8 8 2 10 10 8 10
left_child=2 8 4 6 -1 10 14 -7 9 15 -6 -11 -8 -10 -4 -2
right_child=1 -3 3 -5 5 7 12 -9 13 11 -12 -13 -14 -15 -16 -17
leaf_value=-0.0085013426469617327 -0.010598271786744025 0.0060545429259218795 0.0034395805366518139 0.011798909754117832 -6.7826100447130605e-05 -0.005642280424195685 0.0050762980031254634 -0.00061951703261736929 0.0074458006926566601 -0.0053035817747296276 0.0025923894862578001 -0.0012982030629766638 0.00090390504119988095 -0.0010264033116485309 0.011191542847819442 -0.0043351677619365798
leaf_weight=31.294159293174744 21.16076198220253 35.201732367277145 31.334309175610542 29.234914362430573 378.85859471559525 72.705071747303009 73.038843333721161 170.11804743111134 20.696429684758186 86.660920202732086 289.49816934764385 430.91939724981785 466.04294137656689 35.405225500464439 21.7093356102705 110.18993465602398
leaf_count=131 89 144 132 123 1543 296 306 694 85 370 1183 1750 1904 146 91 460
internal_value=2.08719e-05 -0.00188435 0.000923115 0.00242625 -6.88879e-05 0.00022669 0.00195082 -0.00213467 -0.00228604 -0.00267131 0.00108587 -0.00197477 0.00147475 0.00214951 0.0067112 -0.0053923
internal_weight=2304.07 740.234 1563.83 621.36 942.474 911.18 592.125 242.823 705.033 648.931 668.357 517.58 539.082 56.1017 53.0436 131.351
internal_count=9447 3044 6403 2556 3847 3716 2433 990 2900 2669 2726 2120 2210 231 223 549
is_linear=0
shrinkage=0.011451


Tree=129
num_leaves=16
num_cat=0
split_feature=0 31 8 31 12 9 5 0 10 5 19 31 0 7 30
split_gain=29.5477 17.6929 17.4012 17.5647 13.6983 11.2635 9.6778 10.0745 9.02375 9.26737 8.38888 8.1313 7.64836 7.15105 4.62917
threshold=2.4435318275154008 88.455892247709144 -0.0037310444316009657 -101.68222798159023 -0.079455266955266987 0.43080357142857151 3.1638632834123546 -8.3586584531143018 0.28275322922395313 2.5238067047730648 -0.46190476190476182 29.266841744174034 -6.0410677618069828 -0.95348326843410214 0.15980710466004583
decision_type=8 2 10 2 8 10 10 10 10 10 8 2 10 10 8
left_child=2 8 3 -1 12 -6 7 14 9 10 -2 -9 -5 -10 -4
right_child=1 -3 6 4 5 -7 -8 11 13 -11 -12 -13 -14 -15 -16
leaf_value=-0.0084197189070565944 0.0018437183258723996 0.0059909850380439229 0.0038621880735472316 0.003278642253266878 0.00066050392452411232 0.0084837390541803188 -0.0046348170159622214 0.0012029204425283136 0.0073566166783957171 -0.0087607405368653711 -0.0027569840068338396 0.0041411905993147223 -0.0034897508538800658 -0.0010149862705102286 0.010840443046473885
leaf_weight=31.242433980107307 56.806621164083481 35.174997106194496 25.38336455821991 24.842046812176704 703.20385906100273 24.336020037531853 24.055509686470032 356.52426590025425 20.715386286377907 30.338163867592812 561.52132830023766 188.99296417832375 158.74682903289795 35.400972172617912 26.186479702591896
leaf_count=131 233 144 107 102 2867 100 98 1447 85 131 2305 793 647 146 111
internal_value=2.06746e-05 -0.00186357 0.000912834 -6.82071e-05 0.000224076 0.000929671 0.00239971 0.00268795 -0.00226084 -0.00264206 -0.00233279 0.00222467 -0.0025654 0.00212519 0.00749823
internal_weight=2303.47 739.957 1563.51 942.371 911.129 727.54 621.143 597.087 704.782 648.666 618.328 545.517 183.589 56.1164 51.5698
internal_count=9447 3044 6403 3847 3716 2967 2556 2458 2900 2669 2538 2240 749 231 218
is_linear=0
shrinkage=0.011451


Tree=130
num_leaves=18
num_cat=0
split_feature=0 31 22 0 13 0 31 3 11 23 3 29 23 27 24 30 22
split_gain=24.0061 20.7284 16.1005 12.7555 12.1618 11.9555 11.0825 17.363 10.6616 17.1373 9.79645 9.38521 9.14589 8.01885 7.22956 4.15324 5.43324
threshold=1.9493497604380556 -88.066844955317933 -160.49999999999997 -5.1444216290212159 -0.071361565264004265 9.8165639972621523 -20.056071581871262 0.015973452533597613 -0.088110330187470651 261.04797979797991 -0.044484491780988338 3.4299361710991954 -415.91249999999997 -0.20371633012388865 -1.0000000180025095e-35 1.0000000180025095e-35 -20.499999999999996
decision_type=8 2 8 10 8 10 2 10 8 10 8 8 8 8 2 8 10
left_child=1 11 4 10 -2 8 7 -5 9 -4 -3 -1 -12 -8 -10 -7 -17
right_child=2 3 5 6 -6 15 13 -9 14 -11 12 -13 -14 -15 -16 16 -18
leaf_value=-0.0012321980307843112 -0.0016696123281824825 0.0090087666913636951 -0.0069404927634142593 -0.0028429160643445982 0.0091619321183414992 -0.010896334418761677 -0.0023571464908500209 0.0030888016100537258 -0.0048431013415261934 0.0041484647644953057 -0.0050750119215727139 -0.009419094855808309 0.0028897924360847755 0.0016711206064263021 -0.00055768539879557635 -0.0078183835853161219 -1.2315724759942062e-05
leaf_weight=39.325802743434906 24.056693241000175 31.818284049630165 92.511349588632584 240.32857504487038 30.070601373910904 20.358059078454971 71.242638990283012 87.851231724023819 56.501885965466499 22.260471910238266 19.57141225039959 34.163671612739563 301.53499241173267 661.85337176918983 535.15123496949673 28.087635710835457 19.709037646651268
leaf_count=162 100 131 389 977 122 86 289 356 233 94 81 142 1248 2708 2184 116 82
internal_value=-5.57516e-05 0.000814218 -0.00161692 0.00112318 0.00438592 -0.00203979 0.000495261 -0.00125202 -0.00159421 -0.00477827 0.00300693 -0.00508827 0.00239489 0.00127788 -0.000971896 -0.00659834 -0.00464373
internal_weight=2316.4 1487.69 828.707 1414.2 54.1273 774.58 1061.28 328.18 706.425 114.772 352.925 73.4895 321.106 733.096 591.653 68.1547 47.7967
internal_count=9500 6094 3406 5790 222 3184 4330 1333 2900 483 1460 304 1329 2997 2417 284 198
is_linear=0
shrinkage=0.011451


Tree=131
num_leaves=18
num_cat=0
split_feature=0 31 22 5 2 13 0 7 14 11 3 29 13 10 12 7 30
split_gain=23.4692 20.2772 15.7442 13.1844 12.3091 11.8913 11.7138 11.2698 10.5067 9.77678 9.60361 9.20079 8.53112 7.41723 7.33206 5.50788 4.08312
threshold=1.9493497604380556 -88.066844955317933 -160.49999999999997 1.3882972354874565 7.7000000000000037 -0.071361565264004265 9.8165639972621523 -0.99979175343606819 -0.60158730158730156 -0.054558470142466613 -0.042870219414644077 3.4299361710991954 -0.38214285714285706 -0.074620663886142843 -0.11111111111111109 -0.23062224320476535 1.0000000180025095e-35
decision_type=8 2 8 10 10 8 10 10 10 8 8 8 8 10 8 10 8
left_child=1 11 5 4 12 -2 7 14 -9 -6 -5 15 -3 -12 -4 -1 -8
right_child=2 3 6 10 9 -7 16 8 -10 -11 13 -13 -14 -15 -16 -17 -18
leaf_value=0.0030561112648132696 -0.0016514517777916295 0.0059375870806234179 -0.0059445313848669632 0.0050846669852302757 -0.00024679123748744714 0.0090599253677966438 -0.010799270168038786 0.0048478741997743111 -0.0032244145200271334 0.0061296906698890038 0.0024393369387805254 -0.0093283463288897379 0.00087353286107741878 -0.0038673600605271421 0.000679264392064673 -0.0053806252537612906 -0.0045947956124152015
leaf_weight=19.484053567051888 24.050061196088791 44.93812195956707 23.18381179869175 23.07502818107605 42.592505365610123 30.068425804376602 20.312042951583862 21.77298441529274 391.66553212702274 120.18714688718319 29.456904128193855 34.107777774333954 1020.8150537163019 132.84295791387558 269.64783443510532 19.834852904081345 47.765133902430534
leaf_count=80 100 182 97 94 173 122 86 91 1611 498 120 142 4183 540 1101 82 198
internal_value=-5.52089e-05 0.000805066 -0.00159906 0.00111059 0.00154015 0.00433743 -0.00201731 -0.0015764 -0.00279222 0.004467 -0.00173161 -0.0050354 0.00109062 -0.00271745 0.000142613 -0.00121853 -0.00653228
internal_weight=2315.8 1487.33 828.466 1413.91 1228.53 54.1185 774.347 706.27 413.439 162.78 185.375 73.4267 1065.75 162.3 292.832 39.3189 68.0772
internal_count=9500 6094 3406 5790 5036 222 3184 2900 1702 671 754 304 4365 660 1198 162 284
is_linear=0
shrinkage=0.011451


Tree=132
num_leaves=18
num_cat=0
split_feature=24 3 5 28 3 26 30 5 22 30 5 28 1 12 29 8 10
split_gain=17.8424 16.9754 16.8707 13.2298 11.7921 11.0042 10.3891 10.2425 9.44864 10.3978 9.06173 8.77448 10.269 7.88535 7.37928 7.24185 6.76022
threshold=1.0000000180025095e-35 0.060420019351158601 -2.5506619414204468 -0.049056000853390881 -0.0150615344295546 0.97122731217194003 0.15980710466004583 1.5666715442395867 98.500000000000014 0.089448051948051957 1.2202939956083128 0.010661651183524003 -2.6000000000000081 -0.079455266955266987 0.70634920634920662 0.066480927895930589 -0.23341256043347045
decision_type=2 8 8 10 10 10 8 10 10 10 10 10 10 8 8 10 10
left_child=2 8 13 7 5 -5 -6 10 11 -10 -4 14 -13 -1 -2 -9 -15
right_child=1 -3 3 4 6 -7 -8 15 9 -11 -12 12 -14 16 -16 -17 -18
leaf_value=-0.00054088750004842355 0.007980279685761392 0.010163304718908899 0.00027783109017366837 -0.0030522047381058301 -0.0023512717217329688 -0.011373457470130509 0.00089047555943877249 -0.0044385146420767964 0.0011822852997295918 -0.0086955643025571541 0.0064917609178834828 -0.0062868469271646016 0.0021742464548763266 0.001696308320323863 0.0023285011993614334 0.0027035961332469863 0.0084997016802914518
leaf_weight=38.399938941001892 50.065118551254272 32.874643161892891 939.64093554019928 258.59197203814983 273.9607475399971 22.154868140816689 245.01919431984425 96.132196038961411 36.868350893259048 21.709329068660736 31.155640438199043 24.541799545288086 73.463407218456268 32.594717532396317 77.259855851531029 22.573470756411552 47.196657001972198
leaf_count=158 206 138 3843 1065 1123 91 1004 395 152 89 127 101 302 135 317 92 198
internal_value=-6.66778e-05 0.00245605 -0.000465458 -0.000728484 -0.00184629 -0.00373411 -0.000821604 9.26449e-05 0.00154201 -0.00253484 0.000481546 0.00260617 2.74824e-05 0.00371949 0.00458064 -0.00307288 0.00575738
internal_weight=2324.2 316.783 2007.42 1889.23 799.727 280.747 518.98 1089.5 283.908 58.5777 970.797 225.33 98.0052 118.191 127.325 118.706 79.7914
internal_count=9536 1305 8231 7740 3283 1156 2127 4457 1167 241 3970 926 403 491 523 487 333
is_linear=0
shrinkage=0.011451


Tree=133
num_leaves=18
num_cat=0
split_feature=0 31 31 0 31 5 23 10 28 0 19 24 2 1 2 26 4
split_gain=27.997 17.6579 16.5624 15.5004 12.0844 11.8287 13.0423 9.36408 8.46996 7.77015 7.02148 7.59311 6.56703 6.56168 6.42789 5.27786 2.91181
threshold=-2.431211498973306 -88.066844955317933 93.958121973821008 5.6687200547570162 43.422259919755909 -1.0886587921916495 -102.41666666666667 0.38933766441359158 -0.071564410402410655 3.9534565366187544 -0.84523809523809512 1.0000000180025095e-35 7.6500000000000066 -2.5499999999999967 -2.5499999999999967 -0.27134635036365712 1.0694906772440247
decision_type=8 2 2 10 2 8 8 10 8 8 10 2 10 10 8 8 10
left_child=1 -1 3 5 7 9 -7 12 16 -2 15 -12 -3 -10 -4 -5 -6
right_child=2 4 14 10 8 6 -8 -9 13 -11 11 -13 -14 -15 -16 -17 -18
leaf_value=-0.0059696716873099184 0.0028959221192279309 0.0011485653222749232 -0.00028336407893302817 -0.006176475395686604 0.010980455923153913 -0.0033991582815811479 -0.00037823650088243519 -0.0059184490827300321 -0.0024752551559204077 -0.0029628964463828404 -0.0068285948715737458 -0.00064846444222584618 0.0045697944231135228 0.0046797521072411072 0.0074317340163348438 -0.00070495730034096562 0.0056411838231697079
leaf_weight=36.108356714248657 171.73046390712261 451.91635681688786 21.339109197258949 28.102597549557686 29.940517827868462 246.28253367543221 778.02249425649643 21.331581175327301 22.456671059131622 35.293852597475052 108.3414490967989 34.457719817757607 87.422013953328133 62.242181301116943 41.154265210032463 118.8885795623064 28.892439037561417
leaf_count=148 701 1839 88 118 130 1010 3173 87 95 143 450 142 358 265 172 491 126
internal_value=-6.58961e-05 0.00177143 -0.000925192 -0.00116331 0.00217359 -0.000601653 -0.00110631 0.00141124 0.00513137 0.00189083 -0.00354297 -0.0053472 0.00170804 0.00277822 0.00482199 -0.00177406 0.00845042
internal_weight=2323.92 740.31 1583.61 1521.12 704.202 1231.33 1024.31 560.67 143.532 207.024 289.79 142.799 539.338 84.6989 62.4934 146.991 58.833
internal_count=9536 3048 6488 6228 2900 5027 4183 2284 616 844 1201 592 2197 360 260 609 256
is_linear=0
shrinkage=0.011451


Tree=134
num_leaves=18
num_cat=0
split_feature=0 31 2 28 5 31 22 0 0 22 5 19 29 3 29 9 2
split_gain=29.6544 25.7919 17.4865 13.7862 12.9684 10.9014 10.5481 9.74363 8.47372 9.95583 8.45553 8.10597 8.65403 7.11441 10.3675 6.98639 6.5846
threshold=-0.76522929500342218 9.1466807386646014 15.200000000000005 0.33773765558790342 -0.45357009736631876 -58.916211535201903 210.50000000000003 9.2648870636550296 -8.3586584531143018 -188.49999999999997 -0.071164458810124329 -0.32738095238095227 0.20205835830835819 -0.00060109396740948273 -0.50652605244996607 0.1428571428571429 16.500000000000004
decision_type=8 2 8 8 8 2 10 8 10 8 10 8 10 8 10 8 8
left_child=4 5 7 -4 16 13 8 10 15 -10 -3 -7 -13 14 -2 -6 -1
right_child=1 2 3 -5 6 11 -8 -9 9 -11 -12 12 -14 -15 -16 -17 -18
leaf_value=0.0038982353377533751 -0.0062307172349140025 0.001667751724198509 0.012385980487852402 0.00078289631301355848 0.0086890170195550089 0.0020865341332453923 -0.006080037091021737 -0.0060474255476026346 0.0051290635696892148 -0.0001034041003197207 -0.0016604744015568777 -0.0031663763206453647 0.00018981687321547835 -0.0070778589599158033 0.0028625302327521061 0.0018405591860130022 -0.002384019613149403
leaf_weight=266.9657251983881 36.41957800090313 271.60499565303326 27.64944489300251 25.720964416861534 28.758575990796089 60.247262716293335 29.686472520232201 31.949976161122322 51.409149885177612 565.32470060884953 157.64929559826851 401.74086126685143 134.29082918167114 101.61350835859776 28.999091371893883 59.607152357697487 23.390090972185135
leaf_count=1113 156 1103 114 105 119 246 121 131 211 2299 639 1640 552 435 123 247 99
internal_value=-0.000108367 -0.0012719 0.00070901 0.00687225 0.00134191 -0.00260675 0.000531108 -1.30357e-05 0.000814901 0.000337796 0.000444741 -0.00187867 -0.00232636 -0.00518822 -0.00221154 0.00411747 0.00338788
internal_weight=2303.03 1277.89 514.575 53.3704 1025.14 763.311 734.786 461.204 705.1 616.734 429.254 596.279 536.032 167.032 65.4187 88.3657 290.356
internal_count=9453 5244 2092 219 4209 3152 2997 1873 2876 2510 1742 2438 2192 714 279 366 1212
is_linear=0
shrinkage=0.011451


Tree=135
num_leaves=18
num_cat=0
split_feature=11 2 21 2 5 2 21 8 24 1 12 23 4 11 21 18 12
split_gain=16.2892 12.1691 10.8013 16.9603 14.228 13.3447 11.4827 10.77 10.6329 9.88925 8.76273 9.37079 8.22256 8.04925 6.9732 10.7173 9.51713
threshold=-0.042337697068966444 10.10000000000001 -1.0000000180025095e-35 17.800000000000001 2.160225421011043 5.1000000000000094 -1.4999999999999998 -0.037756357467892847 -1.0000000180025095e-35 -3.8000000000000109 0.17860195360195366 -163.14583333333329 0.012342234231595974 -0.15914117864440672 1.0000000180025095e-35 0.6708333333333335 0.40074224021592453
decision_type=10 8 2 8 10 10 2 8 2 10 10 10 10 8 2 8 8
left_child=2 7 3 5 8 13 -5 -2 -4 -10 11 -9 -7 -1 15 -3 -16
right_child=1 14 4 6 -6 12 -8 10 9 -11 -12 -13 -14 -15 16 -17 -18
leaf_value=0.0014250147743350167 -0.0010901831415867651 0.0045711119198302581 -0.0068875300167946735 -0.011118839963808747 -0.005428471664520677 0.00027895213087823117 -0.0018400157565053984 -0.0024644351388932706 -0.0018630591122000483 0.0015239454609871212 0.0036435591597353636 0.0015019611608008629 0.0078034928137928478 -0.0033438550598522423 0.0035848464713128655 -0.0039077290853650765 0.012751892493641196
leaf_weight=55.463284760713577 378.77041685581207 56.260603427886963 24.596287846565247 43.251886308193207 59.601525411009789 71.643584802746773 29.571638733148575 103.60125210881233 149.11666233837605 460.5981616973877 162.26475282013416 310.80604846775532 25.300525680184364 273.82524113357067 46.859223231673241 29.168329983949661 21.660039573907852
leaf_count=229 1551 232 101 181 249 293 122 425 608 1881 670 1277 103 1122 196 121 92
internal_value=-0.000107136 0.000891393 -0.00103569 -0.00231931 -0.000111184 -0.00144085 -0.00740154 0.00040879 0.000393586 0.00069447 0.00139347 0.000508016 0.00228236 -0.00253937 0.00387196 0.00166835 0.00657709
internal_weight=2302.36 1109.39 1192.97 499.056 693.913 426.233 72.8235 955.442 634.311 609.715 576.672 414.407 96.9441 329.289 153.948 85.4289 68.5193
internal_count=9453 4564 4889 2050 2839 1747 303 3923 2590 2489 2372 1702 396 1351 641 353 288
is_linear=0
shrinkage=0.011451


Tree=136
num_leaves=18
num_cat=0
split_feature=31 0 12 2 31 19 0 3 12 0 9 14 3 21 23 10 11
split_gain=29.1506 21.2139 12.4582 12.7929 12.1348 11.8977 11.2165 20.3869 17.2369 10.1003 9.06079 8.85439 9.12036 7.67621 12.2102 8.31525 6.80459
threshold=30.453032781019264 7.8275154004106779 -0.027088174146997653 -13.950000000000001 -23.504672227775469 -0.56980519480519465 -0.70636550308008406 -0.027691574969466278 0.17203889860139862 3.9534565366187544 -0.17777777777777773 0.62916666666666676 0.00052564195342408315 1.0000000180025095e-35 -117.26236263736261 -0.030618906068447357 -0.072349277579720081
decision_type=2 10 10 8 2 8 10 8 8 10 8 10 10 2 8 8 8
left_child=1 2 4 -4 5 -1 11 8 -8 -5 -3 12 -2 15 -15 -9 -6
right_child=6 10 3 9 16 -7 7 13 -10 -11 -12 -13 -14 14 -16 -17 -18
leaf_value=0.0045283535705940049 0.0060684712914722055 0.00060299949598734105 -0.0069275871653430073 0.002120646594946415 -0.0026779200656866643 -0.0029990926579396902 -0.010169214985080229 0.0041343479011690092 0.00033137871484721594 -0.0024156123683279937 -0.0073253863545542312 -0.0036088860803125352 0.0017187452698269735 -0.001728264633062222 0.0049338758322463325 -0.0032491017600687921 0.00055642562853751374
leaf_weight=28.815106406807899 158.82710167765617 24.027369245886803 24.607128813862801 419.44267839193344 103.61466124653816 434.52085529267788 35.519338205456734 30.211375132203102 47.196847960352898 75.435120135545731 86.301837831735611 19.267199099063873 105.85934817790985 46.406772270798683 156.97966080904007 56.170037165284157 467.87160302698612
leaf_count=118 672 102 101 1710 423 1796 144 123 191 310 362 82 447 189 642 227 1892
internal_value=3.70432e-05 -0.000768846 -0.000423287 0.00102281 -0.00114942 -0.00252516 0.00207938 0.000770059 -0.00422269 0.00142687 -0.00560546 0.00379113 0.00433747 0.00220166 0.0034131 -0.000654969 -3.24075e-05
internal_weight=2321.07 1664.64 1554.31 519.485 1034.82 463.336 656.438 372.484 82.7162 494.878 110.329 283.954 264.686 289.768 203.386 86.3814 571.486
internal_count=9531 6814 6350 2121 4229 1914 2717 1516 335 2020 464 1201 1119 1181 831 350 2315
is_linear=0
shrinkage=0.011451


Tree=137
num_leaves=18
num_cat=0
split_feature=31 0 5 22 0 6 0 4 0 1 9 15 2 24 8 21 31
split_gain=28.4996 20.7613 12.9532 14.7229 11.9499 11.6576 11.5798 10.4363 9.94123 8.96439 8.87753 8.29873 8.20303 7.06546 5.79293 5.45915 12.1863
threshold=30.453032781019264 7.8275154004106779 -0.31262068469553966 224.50000000000003 -8.3586584531143018 0.33185846545974196 3.8945927446954127 -0.82466241897978587 -0.19712525667351063 7.6000000000000094 -0.17777777777777773 0.1657509157509158 -7.700000000000002 -1.0000000180025095e-35 -0.05083804364305252 -1.0000000180025095e-35 38.312127837189344
decision_type=2 10 8 10 10 8 10 10 10 10 8 10 8 2 10 2 2
left_child=1 2 6 4 -4 12 7 -1 9 -7 -3 -5 -2 -14 -8 -10 -17
right_child=5 10 3 11 -6 8 14 -9 15 -11 -12 -13 13 -15 -16 16 -18
leaf_value=6.5167785906698601e-05 -0.005706886822280122 0.00059620327559172252 0.0037195487695332978 -0.0096171806830683739 -0.0010852426552860196 0.0042523410379890518 -0.0078125151153436087 0.0039696119554123417 -0.0017159869475139454 0.012084053986615812 -0.0072524061628577033 -0.00049647354156402636 -0.0045669335164006501 0.001600416167321262 -0.00077484684169666239 0.010336085186899524 0.0012850312294924804
leaf_weight=171.50451901555061 27.283163547515869 24.030518308281898 72.217785060405731 39.159918367862701 990.93702909350395 169.14912383258343 21.253659099340439 187.74406784772873 50.498263135552406 21.305797725915909 86.179466992616653 19.591841220855713 27.029960006475449 202.48126056790352 51.661717906594276 22.157843425869942 136.22491583228111
leaf_count=697 112 102 295 162 4046 720 87 770 204 92 362 82 111 832 211 90 556
internal_value=3.6577e-05 -0.000760276 -0.000418544 -0.00106727 -0.00075675 0.00205653 0.00126461 0.00210919 0.0032789 0.00516732 -0.00554774 -0.00661518 0.000152105 0.000863019 -0.0028781 0.00154616 0.00258907
internal_weight=2320.41 1664.28 1554.07 1121.91 1063.15 656.13 432.164 359.249 399.336 190.455 110.21 58.7518 256.794 229.511 72.9154 208.881 158.383
internal_count=9531 6814 6350 4585 4341 2717 1765 1467 1662 812 464 244 1055 943 298 850 646
is_linear=0
shrinkage=0.011451


Tree=138
num_leaves=18
num_cat=0
split_feature=22 22 21 3 13 3 21 21 22 27 3 9 19 3 7 2 18
split_gain=17.8204 13.8793 15.4163 45.4804 20.3301 20.2078 31.5698 15.4356 11.7399 9.53407 6.52511 5.29707 5.27373 6.42686 6.07591 6.03683 9.65813
threshold=-182.49999999999997 203.50000000000003 1.0000000180025095e-35 0.082256325722200943 0.32379032258064527 -0.074618096357226868 -1.4999999999999998 1.5000000000000002 13.500000000000002 0.011769993447012352 -0.026424190499503616 -0.30073529411764699 0.19523809523809524 0.014261266400456331 -0.02656066085225833 -2.6000000000000081 -0.30056818181818173
decision_type=8 10 2 8 10 10 2 2 10 10 10 10 10 8 10 10 10
left_child=12 2 5 4 -4 6 -2 -5 -7 11 -11 -3 13 15 -15 -1 -17
right_child=1 9 3 7 -6 8 -8 -9 -10 10 -12 -13 -14 14 -16 16 -18
leaf_value=0.0063441376262844407 -0.011329529537528436 -0.0097155882576371241 0.00085547014801696066 0.0023903464696706329 -0.0057558847297419554 -0.0010781204767173226 -0.0010710252504981346 0.012636220443110363 0.0016243613591391183 -0.0056218575645267865 0.0019242837208027627 -0.0038306463827615348 -0.00057847767379465482 0.0023131729911780564 0.010295509602353526 0.0060132151589129051 -0.0035670500304752976
leaf_weight=32.929183781147003 57.651016846299171 32.110914587974548 675.45808751881123 30.035149306058884 66.374037146568298 666.71769787371159 121.36608755588531 55.074595838785172 307.42814269661903 20.920838236808777 48.805654272437096 55.879086121916771 33.887320250272751 19.884610712528229 35.322408735752106 22.111039742827415 34.350880056619644
leaf_count=136 242 135 2770 124 275 2728 494 231 1262 86 201 232 140 83 148 92 142
internal_value=9.42482e-06 -0.000281204 -2.0293e-05 0.00117234 0.000259322 -0.00087572 -0.00440429 0.00906687 -0.000224727 -0.00354311 -0.000371483 -0.00603486 0.00347862 0.00442772 0.00748195 0.00250028 0.00021091
internal_weight=2316.31 2137.82 1980.1 826.942 741.832 1153.16 179.017 85.1097 974.146 157.716 69.7265 87.99 178.485 144.598 55.207 89.3911 56.4619
internal_count=9521 8780 8126 3400 3045 4726 736 355 3990 654 287 367 741 601 231 370 234
is_linear=0
shrinkage=0.011451


Tree=139
num_leaves=18
num_cat=0
split_feature=0 24 28 28 2 21 3 0 21 4 6 3 17 8 26 4 28
split_gain=25.0796 14.7047 16.1265 14.5893 12.0389 15.1297 14.5938 11.8912 10.0571 12.839 12.1197 11.8427 8.4511 7.98671 7.57027 9.69267 8.31653
threshold=-1.0000000180025095e-35 1.0000000180025095e-35 0.016524596456603844 -0.071564410402410655 6.3500000000000094 -1.4999999999999998 -0.074618096357226868 9.8165639972621523 1.0000000180025095e-35 -1.2963390725689479 -1.1358461105283975 -0.059061957151129212 0.11834733893557424 0.085275218738453298 -0.04836779365688687 1.445624532361002 -0.10850526000070664
decision_type=8 2 10 8 10 2 10 10 2 8 10 10 10 10 10 10 10
left_child=3 4 -3 14 5 6 -2 -7 10 -10 13 -11 -12 -5 15 -1 -16
right_child=1 2 -4 8 -6 7 -8 -9 9 11 12 -13 -14 -15 16 -17 -18
leaf_value=0.0029908763933781534 -0.012113447846407003 0.0044651841495504593 -0.0021601922447156349 -0.0014067925722058444 0.0011099184872669656 -0.00095005495114851843 -0.0036450985488849751 -0.00781584656144769 -0.0031552747493945122 0.009449524190179236 0.002316388441080734 0.002247776420837034 -0.0030476336452619672 -0.0080153401218299187 0.0034897319524263919 -0.0048230614555657882 0.0093369321714345983
leaf_weight=77.249021887779236 30.688622191548347 114.45312556624413 82.306083336472511 276.42011915147305 163.036442309618 567.64015701413155 188.91760982573032 34.488136798143387 46.817759320139885 35.143671378493309 217.45520608127117 187.77556878328323 46.174393594264984 25.660547018051147 153.8165587335825 27.75864352285862 40.22119565308094
leaf_count=322 132 468 341 1122 668 2323 780 144 191 148 890 774 189 104 643 115 167
internal_value=9.32517e-06 -0.00115801 0.00169578 0.00122502 -0.00172896 -0.00229264 -0.00486138 -0.00135147 0.000447097 0.00226371 -0.00042072 0.00340779 0.0013716 -0.00198448 0.00339253 0.000907979 0.00472943
internal_weight=2316.02 1181.53 196.759 1134.49 984.771 821.735 219.606 602.128 835.447 269.737 565.71 222.919 263.63 302.081 299.045 105.008 194.038
internal_count=9521 4856 809 4665 4047 3379 912 2467 3418 1113 2305 922 1079 1226 1247 437 810
is_linear=0
shrinkage=0.011451


Tree=140
num_leaves=18
num_cat=0
split_feature=0 25 21 3 21 3 3 8 2 28 8 7 0 21 21 12 9
split_gain=34.0592 15.2196 22.3166 19.1858 16.1925 15.2243 14.1763 11.4224 10.9643 10.5883 10.3405 8.07859 7.9363 9.7205 10.7979 7.25441 5.52203
threshold=2.3860369609856282 -1.0000000180025095e-35 -1.0000000180025095e-35 0.053194722820930525 1.5000000000000002 -0.08680365365585567 -0.074618096357226868 -0.099517336912371648 7.7000000000000037 0.31261114494674991 0.031296258635920594 -0.46536648528618385 8.4654346338124569 -2.4999999999999996 9.5000000000000018 0.32613871635610769 0.40008019246190862
decision_type=10 2 2 8 2 10 10 8 10 10 10 10 10 2 2 10 8
left_child=1 6 5 7 -5 -3 -1 -4 10 12 -8 -10 13 -2 -15 -7 -14
right_child=9 2 3 4 -6 15 8 -9 11 -11 -12 -13 16 14 -16 -17 -18
leaf_value=-0.0041128678468491412 -0.0046903323965535862 -0.0088465167062728341 -0.0032611744534151495 0.0021351921462114528 0.0098602651058499035 -0.0019066630353555423 0.00088028595831283021 0.0011455385313496541 0.0020162785175614779 -0.008141947520057289 0.0046444882382362801 0.0099426998594547636 -0.0065407568273022736 8.7698567474641279e-05 -0.0048116356125685296 0.0033155682776477265 -0.0014355871363876435
leaf_weight=37.906193926930428 87.184261187911034 38.449434712529182 93.255346596240997 98.515433266758919 55.482328921556473 293.22114905714989 244.25418135523796 430.93073429167271 26.551561594009399 34.575492799282074 157.09971196949482 47.542765244841576 67.551941871643066 442.61001622676849 67.390132963657379 38.966805160045624 47.652285695075989
leaf_count=157 363 159 381 402 235 1198 998 1765 109 148 648 197 283 1812 276 161 197
internal_value=-2.78878e-07 0.000961329 0.000170125 0.00140458 0.00494871 -0.00208712 0.00257551 0.000358434 0.00311374 -0.00201042 0.00235891 0.00714533 -0.00170554 -0.00117188 -0.000565091 -0.0012887 -0.00444938
internal_weight=2309.14 1562.18 1048.82 678.184 153.998 370.637 513.354 524.186 475.448 746.964 401.354 74.0943 712.389 597.184 510 332.188 115.204
internal_count=9489 6410 4301 2783 637 1518 2109 2146 1952 3079 1646 306 2931 2451 2088 1359 480
is_linear=0
shrinkage=0.011451


Tree=141
num_leaves=18
num_cat=0
split_feature=0 31 24 5 0 8 26 11 19 0 2 30 28 22 10 8 28
split_gain=33.3008 16.8217 16.6408 14.7558 16.1487 13.5595 10.4748 10.4474 11.6859 10.1841 10.0974 8.86587 7.97367 7.79422 7.01501 6.76957 6.43825
threshold=2.3860369609856282 67.008312951398821 1.0000000180025095e-35 0.083975206586399578 -3.7412731006160178 -0.11076113863008584 -0.04836779365688687 -0.043568314138780533 -0.30732323232323228 8.4654346338124569 10.150000000000007 0.44483294483294494 0.024719496192692553 -166.99999999999997 0.24218031776171314 0.0012399995780016106 0.31261114494674991
decision_type=10 2 2 10 8 10 8 10 10 10 10 8 10 8 10 10 10
left_child=2 9 3 7 14 -6 11 8 -1 13 -9 15 -3 -2 -5 -4 -15
right_child=1 12 6 4 5 -7 -8 10 -10 -11 -12 -13 -14 16 -16 -17 -18
leaf_value=0.00099187776561650808 0.0032035777215536493 0.0050651253030397185 -0.0061780021108807171 0.00039499801394162149 -0.0071322885664782641 -0.0013640727486342805 0.0065557830517227658 0.0021725235867413482 -0.0041299381304140568 -0.0057954068811636346 0.008157024919793374 0.0067512957132026177 -0.0028582425736697697 -0.0020118536373400601 0.0057293268547192935 0.0025835632357230718 -0.0077053815640519873
leaf_weight=453.766336992383 35.288242563605309 59.56074346601963 24.192751303315163 131.22465170919895 68.136399254202843 241.49012887477875 104.79894113540649 346.46899551153183 66.369101122021675 108.38212484121323 40.896889999508858 21.128738552331924 22.524783998727798 494.0290694385767 42.27927254140377 21.094418048858643 26.949826240539551
leaf_count=1850 145 243 99 535 280 984 434 1438 270 455 172 87 91 2030 173 88 115
internal_value=-3.06687e-07 -0.00198828 0.000950604 0.000534876 -0.0010808 -0.00264595 0.00431213 0.00139518 0.000333912 -0.00259247 0.0028172 0.000742029 0.00288543 -0.00196226 0.00171172 -0.00211853 -0.00231579
internal_weight=2308.58 746.735 1561.85 1390.63 483.13 309.627 171.215 907.501 520.135 664.649 387.366 66.4159 82.0855 556.267 173.504 45.2872 520.979
internal_count=9489 3079 6410 5702 1972 1264 708 3730 2120 2745 1610 274 334 2290 708 187 2145
is_linear=0
shrinkage=0.011451


Tree=142
num_leaves=18
num_cat=0
split_feature=31 0 16 3 20 23 0 8 0 31 12 22 31 28 9 19 7
split_gain=21.9262 18.5818 13.0301 15.015 13.012 14.0504 10.7864 10.7079 9.58238 8.60826 14.3368 7.34721 6.61208 6.05072 5.27028 9.05251 6.48225
threshold=88.455892247709144 0.37234770704996661 -1.0000000180025095e-35 0.073369978282679618 -0.12916666666666662 -255.27435064935062 9.2648870636550296 0.077980859420610935 -9.1375770020533853 -53.821006307939903 -1.0000000180025095e-35 224.50000000000003 -1.0000000180025095e-35 0.16159396745822655 0.31464285714285717 0.16666666666666674 1.0000000180025095e-35
decision_type=2 10 2 8 8 10 10 10 10 2 10 10 2 8 10 8 10
left_child=1 2 3 8 7 -6 9 -4 -1 10 -3 -11 13 -8 15 -2 -17
right_child=14 6 4 -5 5 -7 12 -9 -10 11 -12 -13 -14 -15 -16 16 -18
leaf_value=0.005657908087235616 0.010319070784338967 -0.006194192050131715 -0.0041954626260085164 -0.010298088057295027 0.00038961968128209564 0.0035620765563534312 0.0019511667832955984 0.0038340918527881617 -0.001294380726863097 -0.00036357270999482519 0.0016623846869020778 -0.0047931313847138215 -0.0088180436627374806 -0.0068598406966025958 -0.00074265325758040657 0.0059481233108418883 -0.0015861119932039131
leaf_weight=28.113334432244301 36.028738185763359 96.059283822774887 85.836126565933228 21.995355188846588 369.51059904694557 362.4721591770649 21.44896936416626 28.529781445860863 269.00354818999767 748.27558715641499 44.108286529779434 51.900023773312569 39.075341328978539 18.477706119418144 19.176577910780907 38.838681489229202 23.742768049240112
leaf_count=117 153 416 350 91 1508 1491 91 117 1099 3046 186 213 161 80 82 166 100
internal_value=-6.95367e-05 -0.000329585 0.000657899 -0.00131209 0.00140112 0.0019624 -0.00145831 -0.00218186 -0.000625425 -0.00111468 -0.00372568 -0.000654606 -0.00550518 -0.00217191 0.00472891 0.00579081 0.00310304
internal_weight=2302.59 2184.81 1165.46 319.112 846.349 731.983 1019.35 114.366 297.117 940.343 140.168 800.176 79.002 39.9267 117.787 98.6102 62.5814
internal_count=9467 8966 4773 1307 3466 2999 4193 467 1216 3861 602 3259 332 171 501 419 266
is_linear=0
shrinkage=0.011451


Tree=143
num_leaves=18
num_cat=0
split_feature=31 0 5 31 24 28 0 5 22 17 19 10 31 14 28 19 28
split_gain=21.4565 18.1658 11.2555 11.9635 12.8671 11.3903 10.5615 11.1989 13.0519 8.40738 8.08596 8.55543 6.47657 6.02509 5.92815 4.21917 5.16592
threshold=88.455892247709144 0.37234770704996661 0.071456535492726583 -3.7687609489452139 1.0000000180025095e-35 -0.010661651183523999 9.2648870636550296 0.47223192786584017 -216.49999999999997 0.082532051282051294 0.42261904761904767 -0.27885714955542112 -1.0000000180025095e-35 1.0000000180025095e-35 0.16159396745822655 0.20000000000000001 -0.071564410402410655
decision_type=2 10 8 2 2 10 10 10 8 10 10 10 2 10 8 8 10
left_child=1 2 10 4 -4 -5 7 8 -3 -9 11 -1 14 -12 -8 16 -2
right_child=15 6 3 5 -6 -7 12 9 -10 -11 13 -13 -14 -15 -16 -17 -18
leaf_value=-0.00085829377207274427 0.01142816914485649 0.0072178275923113072 -0.0023226478120493676 0.0022363153183489466 0.0061751478778005109 -0.0027296163483026352 0.0019286771971534272 -0.0039961674309607342 -0.0006485568168567501 0.0013609985647194838 0.0015563436277689505 0.003386693756003519 -0.0087300114070485747 -0.0073023772119763805 -0.0067958087257147777 0.0029402337312487577 0.0035465977598381103
leaf_weight=76.676996618509293 21.429953813552856 28.236891597509384 330.78209209442139 293.39235213398933 24.505347669124603 75.6757782548666 21.45827279984951 222.40666137635708 643.45834565162659 46.059831008315086 19.993214502930641 325.0506708920002 39.0243821144104 19.232004538178444 18.444660231471062 72.971822842955589 23.26276595890522
leaf_count=316 92 115 1343 1201 99 306 91 932 2622 192 82 1346 161 80 80 311 98
internal_value=-6.87954e-05 -0.000325965 0.000650438 -0.00022784 -0.00172612 0.00121501 -0.00144216 -0.00110221 -0.00031108 -0.00307597 0.00209137 0.00257638 -0.0054486 -0.00283622 -0.00214925 0.00468054 0.00743753
internal_weight=2302.06 2184.4 1165.31 724.356 355.287 369.068 1019.09 940.162 671.695 268.466 440.953 401.728 78.9273 39.2252 39.9029 117.665 44.6927
internal_count=9467 8966 4773 2949 1442 1507 4193 3861 2737 1124 1824 1662 332 162 171 501 190
is_linear=0
shrinkage=0.011451


Tree=144
num_leaves=17
num_cat=0
split_feature=31 22 12 31 13 10 9 25 10 11 18 30 3 29 11 2
split_gain=16.9375 20.4226 13.2451 11.6339 13.6561 11.5679 10.6916 9.43989 8.03445 7.80354 6.70755 6.02764 5.75522 5.19548 5.00059 2.9376
threshold=-88.066844955317933 -230.49999999999997 -0.12723285486443384 30.453032781019264 0.28452380952380957 0.18301890254540645 -0.31564874753729238 -1.0000000180025095e-35 -0.028339826902138428 -0.0070542557554760235 -0.37339743589743585 0.034943127048390234 0.00075563580862614288 -7.1648629148629128 0.078403460681073914 1.0000000180025095e-35
decision_type=2 8 8 2 10 10 8 2 10 10 8 10 10 10 10 8
left_child=6 8 7 5 -5 -4 -1 9 13 -3 -9 12 -8 -2 15 -10
right_child=1 2 3 4 -6 -7 11 10 14 -11 -12 -13 -14 -15 -16 -17
leaf_value=0.0033434874195820488 0.0038493373099296666 -0.0018734911767520658 -0.00071944624111980847 0.0031319202485046889 -0.0010117625886972694 0.0025045231326688215 -0.011148493405068934 -0.0075262362339128253 -0.0028002010758097339 0.0037931715822673759 -0.0023556696317219546 -0.0016055696174052747 -0.003923541034604695 0.011119862480037738 0.0063891176209470079 0.0028687747190881152
leaf_weight=18.584863469004631 23.935542017221451 69.729061156511307 984.54499046504498 339.67673341929913 149.98351173102856 170.65453641116619 34.604212790727615 37.47153115272522 24.254787802696228 57.593826740980148 251.65008102357388 27.444887787103653 26.305117666721344 30.148941412568092 22.97126892209053 22.433272063732147
leaf_count=80 100 286 4015 1402 630 698 149 154 100 236 1036 115 111 125 98 93
internal_value=-2.33258e-05 0.00019503 -7.68743e-05 0.000385143 0.00186305 -0.000242015 -0.00445863 -0.00189945 0.00470065 0.000696162 -0.00304148 -0.00611244 -0.00810404 0.00798777 0.00209726 -7.42719e-05
internal_weight=2291.99 2185.05 2061.3 1644.86 489.66 1155.2 106.939 416.445 123.744 127.323 289.122 88.3542 60.9093 54.0845 69.6593 46.6881
internal_count=9428 8973 8457 6745 2032 4713 455 1712 516 522 1190 375 260 225 291 193
is_linear=0
shrinkage=0.011451


Tree=145
num_leaves=18
num_cat=0
split_feature=0 31 22 0 12 0 15 31 24 3 11 8 14 5 3 14 14
split_gain=25.8376 14.3565 10.8053 10.1821 10.1387 11.8089 10.8408 15.2219 8.60229 14.6614 8.27262 6.99474 5.40714 5.21154 5.35607 12.8904 8.38651
threshold=2.3860369609856282 -88.066844955317933 -230.49999999999997 -4.8049281314168377 -0.12723285486443384 12.191649555099248 0.40238095238095245 -37.052324493747953 -1.0000000180025095e-35 0.060420019351158601 0.086611540684429569 0.0073884595011078644 0.24535603715170282 1.6345287413523455 -0.0003554041158434495 -0.20806277056277053 0.0086581709145427278
decision_type=10 2 8 10 8 8 10 2 2 8 10 10 10 10 10 10 10
left_child=1 11 3 -3 13 6 7 -6 9 -4 -10 -1 -5 14 16 -16 -2
right_child=4 2 8 12 5 -7 -8 -9 10 -11 -12 -13 -14 -15 15 -17 -18
leaf_value=-0.0064510070852512071 -0.0086657603109539794 0.0097446295122398385 -0.00034812642316024267 0.0041418565031171358 -0.0048687862862659189 -0.010116697549424012 0.0059046008991164431 -0.00013858314996710569 0.00074640726166351663 -0.010552266311054359 0.0033517960793515602 0.0011008689689631659 -0.0030156093193843395 -0.0094168068561527526 0.0065583331789682382 -0.0042480278983426821 -0.00048200661823348014
leaf_weight=50.629433140158653 44.3786311596632 33.814465135335922 173.59231054782867 45.623672515153885 112.85818381607533 17.660545170307159 29.522102504968643 416.69479839503765 996.56109888851643 20.005234196782112 189.82463452219963 23.176863089203835 19.186839312314987 22.104101344943047 19.538403660058975 50.49545706808567 25.96806401014328
leaf_count=213 186 145 711 188 481 74 124 1693 4069 83 791 95 80 97 83 208 107
internal_value=-2.30497e-05 0.000815949 0.0010626 0.00471176 -0.00178416 -0.00106978 -0.000772359 -0.00115151 0.000799664 -0.00143496 0.00116491 -0.00409085 0.00201385 -0.00430519 -0.00345986 -0.0012 -0.00567747
internal_weight=2291.63 1552.41 1478.61 98.625 739.22 576.736 559.075 529.553 1379.98 193.598 1186.39 73.8063 64.8105 162.485 140.381 70.0339 70.3467
internal_count=9428 6375 6067 413 3053 2372 2298 2174 5654 794 4860 308 268 681 584 291 293
is_linear=0
shrinkage=0.011451


Tree=146
num_leaves=18
num_cat=0
split_feature=0 31 31 28 21 25 24 22 11 11 6 13 31 17 26 11 25
split_gain=29.0668 13.2631 12.2611 10.9837 14.7238 9.92805 9.63072 8.97138 8.34755 8.02979 7.42603 8.88847 9.14659 7.10075 6.98242 6.93804 6.68046
threshold=0.17385352498288678 15.459098627358914 -108.62969166908486 0.027823633679359725 -1.0000000180025095e-35 -2.4999999999999996 -1.0000000180025095e-35 182.50000000000003 0.26050458069062726 0.12432621792492617 1.7167197703807957 -0.041468253968253981 -42.300116112241646 0.28730158730158734 -0.078520299359267756 -0.10355339105339105 1.5000000000000002
decision_type=10 2 2 8 2 2 2 10 8 10 10 10 2 8 10 10 2
left_child=2 10 -1 8 5 -5 -3 16 9 -4 11 12 -2 -6 -12 -13 -8
right_child=1 6 3 4 13 -7 7 -9 -10 -11 14 15 -14 -15 -16 -17 -18
leaf_value=-0.0063489943461585959 -0.0039268369533537757 -0.005859178801179663 0.002438671550690994 0.0034092198829783855 -0.0014879322003471553 -0.0020827327242542324 0.002365665214619271 -0.0045051580081092342 -0.0044205875468900204 0.006501745329463922 -0.0023139656747206126 -0.010531046052927961 -0.00066022835624129949 0.0029538668831059945 0.0046959174672856173 -0.0039191089047733701 -0.0012690832893710118
leaf_weight=26.013666108250618 178.94044007360935 29.470105737447739 403.94883747398853 50.676959022879601 56.311789125204086 271.58514840900898 257.64957217872143 36.250993758440018 19.673393338918686 75.591565012931824 36.450825050473213 25.346923246979713 301.28226956725121 279.85993964970112 36.835934296250343 114.33609330654144 88.725895538926125
leaf_count=108 770 119 1669 206 229 1107 1047 148 83 320 149 106 1234 1147 150 466 361
internal_value=8.33609e-05 -0.00125162 0.00132995 0.00150604 0.000533854 -0.00121388 0.000374997 0.000864456 0.00278589 0.00308724 -0.00221806 -0.00262538 -0.00188117 0.00220836 0.0012199 -0.00516297 0.00143396
internal_weight=2288.95 1105.29 1183.66 1157.65 658.434 322.262 412.097 382.626 499.214 479.54 693.192 619.906 480.223 336.172 73.2868 139.683 346.375
internal_count=9419 4550 4869 4761 2689 1313 1675 1556 2072 1989 2875 2576 2004 1376 299 572 1408
is_linear=0
shrinkage=0.011451


Tree=147
num_leaves=18
num_cat=0
split_feature=0 31 24 9 0 2 5 0 3 20 20 11 13 2 15 5 24
split_gain=28.417 12.9682 12.0397 17.7413 11.7918 11.2655 11.0015 10.7206 9.73842 8.65481 8.28296 7.90756 12.0754 11.2854 7.71036 7.69219 7.60539
threshold=0.17385352498288678 15.459098627358914 -1.0000000180025095e-35 0.27290209790209791 -8.3586584531143018 -2.5499999999999967 -1.0886587921916495 -3.0581793292265558 0.012985786782967136 0.81666666666666676 0.76388888888888895 -0.091591241954976407 -0.30634920634920626 7.6500000000000066 -0.0088744588744588664 1.0669368788925393 1.0000000180025095e-35
decision_type=10 2 2 8 8 8 10 10 10 8 10 8 8 10 8 10 2
left_child=2 10 3 6 9 15 -1 -8 -5 -4 11 12 -2 -13 -7 -3 -6
right_child=1 5 4 8 16 14 7 -9 -10 -11 -12 13 -14 -15 -16 -17 -18
leaf_value=0.0079212817596841737 -0.00049632951223849023 -0.0010490736053121032 0.0095811353558046038 -0.0098959042916416749 0.0010264951003743153 -0.00055334966651454198 0.0022694306429709692 -0.0048393951672003601 -0.00013808679711963768 0.002446723955189147 0.0047857060045774138 -0.0023963116988297249 -0.0080585956816467321 0.0029593860435912951 0.0034298854128616205 -0.0083673520264817974 0.0041819094614192606
leaf_weight=23.93557932972908 45.331760138273239 128.08301435410976 41.36839085817337 38.000788703560829 780.72151961922646 107.71133866906166 70.562481060624123 44.989854887127876 20.563185691833496 48.81566821038723 21.013653442263603 498.74338859319687 70.845803305506706 56.969545543193817 154.79467511177063 21.474279999732971 114.40481059253216
leaf_count=100 197 519 174 157 3200 438 290 184 85 205 87 2058 299 234 630 88 474
internal_value=8.2345e-05 -0.00123783 0.00131507 -0.00125799 0.00183276 0.000370562 0.000967243 -0.000510176 -0.00650959 0.00576537 -0.00219377 -0.00241656 -0.0051274 -0.0018444 0.00179821 -0.00213215 0.00143258
internal_weight=2288.33 1104.97 1183.36 198.052 985.31 412.063 139.488 115.552 58.564 90.1841 692.904 671.89 116.178 555.713 262.506 149.557 895.126
internal_count=9419 4550 4869 816 4053 1675 574 474 242 379 2875 2788 496 2292 1068 607 3674
is_linear=0
shrinkage=0.011451


Tree=148
num_leaves=18
num_cat=0
split_feature=0 3 21 31 5 2 12 31 21 6 12 2 11 12 21 17 31
split_gain=24.0723 17.3722 21.9763 16.6404 13.2571 12.8323 12.7947 12.4434 14.2552 12.0547 11.1086 9.49186 9.81687 8.30956 7.05206 6.97652 6.75917
threshold=-2.3764544832306647 -0.016780371321922446 -1.0000000180025095e-35 48.441217889502589 1.9896363536665744 -7.6500000000000048 -0.075885309011988408 -30.865135729843015 13.500000000000002 1.5468220463819315 -0.28844129554655867 -15.200000000000001 0.041106836501573325 0.35749299719887961 -1.4999999999999998 -0.34327485380116957 -32.714787483776142
decision_type=10 10 2 2 10 8 10 2 2 10 8 10 10 8 2 8 2
left_child=3 2 11 6 7 16 15 9 -9 -3 -7 14 -13 -6 -2 -1 -4
right_child=1 4 5 -5 13 10 -8 8 -10 -11 -12 12 -14 -15 -16 -17 -18
leaf_value=-0.0066721595015018622 -0.011429243630227031 -0.0026535231312622065 0.0015706740717275284 0.0055357883320830562 -0.0068905885220254337 -0.0068818330293815184 0.0030471266126816774 0.0017492235478485231 -0.0056510356284326883 0.0049444718998204254 0.0014223947488564807 -0.0054679539509618607 0.0016325122844137873 0.00034014676014658987 -0.0037705836717577506 5.7687104710309114e-05 -0.0055312009707833678
leaf_weight=20.6611288189888 46.107818707823753 212.34005871415138 21.876512765884399 122.96569967269897 53.727633401751518 22.562779977917671 238.03190897405148 624.99279063940048 35.464072644710541 30.799662604928017 233.18605636060238 93.802166506648064 34.637622371315956 33.688390508294106 25.141704097390175 382.54043944180012 83.717520609498024
leaf_count=84 197 885 92 535 227 94 979 2545 145 126 954 387 141 141 105 1558 342
internal_value=2.58015e-05 -0.0007933 -0.00240216 0.0016886 0.000118504 -0.000714162 0.000945889 0.000531501 0.00134659 -0.00168023 0.000673883 -0.00544417 -0.00355455 -0.00412241 -0.0087864 -0.000297551 -0.00405925
internal_weight=2316.24 1552.04 561.032 764.199 991.013 361.343 641.233 903.597 660.457 243.14 255.749 199.689 128.44 87.416 71.2495 403.202 105.594
internal_count=9537 6381 2312 3156 4069 1482 2621 3701 2690 1011 1048 830 528 368 302 1642 434
is_linear=0
shrinkage=0.011451


Tree=149
num_leaves=18
num_cat=0
split_feature=31 3 21 3 6 12 25 23 31 25 12 21 14 11 13 12 10
split_gain=23.3857 17.4118 18.1361 27.6194 17.3808 14.8719 13.5533 12.0466 10.8076 9.18657 9.53627 8.21463 8.15511 7.86279 7.60472 7.34964 6.14521
threshold=48.441217889502589 -0.015052019657315839 -1.0000000180025095e-35 -0.08680365365585567 1.6607723510283983 0.03361195729409739 -3.4999999999999996 509.44444444444451 28.657246416572438 -4.4999999999999991 0.12525303643724708 1.0000000180025095e-35 0.57359307359307365 0.0051904505910626017 0.29449472096530926 -0.19037551595691124 -0.012136384009408028
decision_type=2 10 2 10 10 8 2 8 2 2 10 2 10 8 8 10 10
left_child=1 2 3 8 9 -2 -5 15 -1 -3 -11 -9 13 16 -6 -4 -7
right_child=5 4 7 6 14 12 -8 11 -10 10 -12 -13 -14 -15 -16 -17 -18
leaf_value=-0.011587559529854711 -0.0005669482416729751 0.0070706539358517577 -0.0042080159674124746 0.0063616741125974551 0.0049598692462252602 0.0050362427844585092 -0.0027256098617514739 -0.00052709423685993215 -0.0018781944499242636 -0.00088939939245078045 0.0019171993896843042 0.0041700105014673208 -0.0029677862066252569 0.0059955615742357882 -0.0026450502252814202 -0.00026672438526617094 -0.0021874190774263166
leaf_weight=66.093423396348953 129.06242753565311 21.959531500935555 106.61593414843082 23.115750357508659 133.94130079448223 28.393703207373619 229.22692812979221 96.108771070837975 19.774511992931366 769.64250065386295 199.30583815276623 98.290517523884773 18.858077809214592 176.11297775804996 19.351809471845627 147.35692922770977 32.378877222537994
leaf_count=281 535 90 442 95 549 118 941 387 80 3152 819 401 80 747 81 605 134
internal_value=2.53964e-05 -0.000488558 -0.00179935 -0.0037986 0.000413065 0.00260059 -0.00187869 -0.000287912 -0.0093831 -0.000142981 -0.000311186 0.00185391 0.00419645 0.00477347 0.00399257 -0.0019279 0.00120548
internal_weight=2315.59 1930.78 786.583 338.211 1144.2 384.806 252.343 448.372 85.8679 990.908 968.948 194.399 255.744 236.886 153.293 253.973 60.7726
internal_count=9537 7923 3232 1397 4691 1614 1036 1835 361 4061 3971 788 1079 999 630 1047 252
is_linear=0
shrinkage=0.011451


Tree=150
num_leaves=18
num_cat=0
split_feature=31 6 22 11 10 20 22 10 27 2 2 10 25 6 3 31 3
split_gain=27.3247 16.1785 14.7931 12.2994 12.6962 8.76945 7.70418 10.5429 9.63763 9.2855 7.31908 5.78473 4.67668 6.55441 7.40078 2.71592 4.23946
threshold=88.455892247709144 -0.018974145369791914 210.50000000000003 0.093854662496263744 0.11880047386502203 0.51190476190476197 -160.49999999999997 -0.11875398015429404 0.15667777765630334 7.6500000000000066 -7.6000000000000076 0.0048663324979114084 -1.0000000180025095e-35 1.1988583838421698 -0.00089949429339675191 -4.205768778650735 -0.00089949429339675191
decision_type=2 10 10 10 8 8 10 8 8 8 10 8 2 10 8 2 8
left_child=1 2 3 4 -1 -5 10 8 -8 -9 -3 -12 -2 14 -14 16 -4
right_child=12 6 15 5 -6 -7 7 9 -10 -11 11 -13 13 -15 -16 -17 -18
leaf_value=-0.0030533630065176331 0.0096359302896743479 -0.0021294698039333202 -0.00016823860374073893 0.0050353203847603436 -0.00037160169484292505 -0.0006626009251688357 -0.0032695683461237959 0.00095330074431831241 0.0007435930560851275 0.005284499172846951 0.007959042182702096 0.0017465856016926297 -0.0025156723672412357 0.0092821616880106716 0.0054632480927216771 -0.0088883732110337094 -0.0075414014290556232
leaf_weight=324.19461852312088 27.343791648745537 20.543637037277222 18.949004143476486 76.693617194890976 806.16845086216927 65.077214732766151 137.08236734569073 347.02523744106293 181.88708028197289 79.306035712361336 48.435932740569115 33.54183004796505 25.570036381483078 23.026135712862015 35.998933300375938 28.314687386155128 21.628825172781944
leaf_count=1341 119 85 80 314 3300 267 563 1425 749 330 201 140 107 100 154 116 92
internal_value=4.0883e-05 -0.000242045 -0.00102464 -0.000743067 -0.00114208 0.00242888 0.000995637 0.000589066 -0.000984332 0.00176594 0.00392852 0.00545156 0.00554211 0.00415425 0.00215804 -0.00616734 -0.00415632
internal_weight=2300.79 2188.85 1341.03 1272.13 1130.36 141.771 847.822 745.301 318.969 426.331 102.521 81.9778 111.939 84.5951 61.569 68.8925 40.5778
internal_count=9483 9003 5510 5222 4641 581 3493 3067 1312 1755 426 341 480 361 261 288 172
is_linear=0
shrinkage=0.011451


Tree=151
num_leaves=18
num_cat=0
split_feature=0 6 21 2 10 5 13 10 2 14 0 5 5 2 0 16 3
split_gain=32.7097 20.1411 15.1101 25.6299 14.8854 12.8128 12.5001 17.2335 8.8136 11.1307 9.74346 11.4798 8.56531 8.15685 7.59837 7.28091 12.2385
threshold=-5.0527036276522912 -0.018974145369791914 -1.0000000180025095e-35 -10.150000000000004 0.18301890254540645 -1.9999820682386484 -0.066666666666666666 -0.28288029036230472 15.200000000000005 0.055749805749805766 -0.76522929500342218 -0.66595834129388976 2.2854272324097269 7.6500000000000066 2.3860369609856282 -1.0000000180025095e-35 -0.014261266400456328
decision_type=8 10 2 10 8 10 10 8 8 10 10 10 10 10 10 2 10
left_child=6 2 3 -2 5 -4 15 -8 10 -10 11 -3 -12 -5 -6 -1 -17
right_child=1 8 4 13 14 -7 7 -9 9 -11 12 -13 -14 -15 -16 16 -18
leaf_value=-0.0031104691105666815 -0.0081655568544212551 0.0056426468157498803 0.0057515976992305803 -0.0024512657152094522 0.0021064137328500872 -0.0034346732899930869 -0.0038592872871443065 0.0060478322528769689 0.001633283138754006 0.012036844291486 -1.5494784681784123e-05 0.00038972852924976635 -0.0062139335061640556 0.0020965861232444738 -0.0009127240052723911 0.0061424399286078846 -0.0012701755327593201
leaf_weight=46.526520535349846 101.80613784492016 89.209411412477493 21.171936005353928 304.00405770540237 255.12232510745525 232.4307032674551 25.66500024497509 193.47264516353607 41.722132846713066 19.44642074406147 431.71631945669651 139.09249076247215 30.693416774272919 61.753511354327202 190.35838927328587 54.464075148105621 61.719891130924225
leaf_count=189 430 376 87 1249 1040 962 108 816 173 83 1765 568 129 253 778 225 252
internal_value=4.04831e-05 -0.000568956 -0.00151052 -0.0031025 -0.000443841 -0.00265477 0.00309818 0.00487939 0.000892063 0.00503429 0.000520758 0.00245271 -0.000435233 -0.00168102 0.000816866 0.000689192 0.0022198
internal_weight=2300.38 1918.53 1166.65 467.564 699.083 253.603 381.848 219.138 751.88 61.1686 690.712 228.302 462.41 365.758 445.481 162.71 116.184
internal_count=9483 7893 4799 1932 2867 1049 1590 924 3094 256 2838 944 1894 1502 1818 666 477
is_linear=0
shrinkage=0.011451


Tree=152
num_leaves=18
num_cat=0
split_feature=0 31 28 5 8 3 6 25 31 7 19 8 14 12 0 4 9
split_gain=21.4098 18.1165 18.2279 13.0787 10.9555 9.16128 10.0659 8.88077 8.64651 6.28386 10.3823 7.97644 7.43055 6.14809 12.6633 5.73027 5.72262
threshold=-2.5503080082135514 -18.709117844510271 0.010661651183524003 1.9896363536665744 0.16868863896769551 0.042813836628213815 0.97127377793747027 -1.0000000180025095e-35 -95.752406469628667 0.54057901914860029 0.4507936507936508 -0.0083688404252350839 0.60158730158730178 0.11330229308904445 1.2826830937713896 1.5761543956545769 -0.12106357694592985
decision_type=10 2 10 10 10 10 8 2 2 8 10 10 8 10 10 10 8
left_child=8 4 3 7 13 6 -4 -3 -1 10 12 -12 -10 -2 -15 -5 -11
right_child=1 2 5 15 -6 -7 -8 -9 9 16 11 -13 -14 14 -16 -17 -18
leaf_value=-0.0042772112764984547 -0.0033675426221365435 0.0043879094668785113 -0.0024080424100040481 -0.0093478460263499447 0.0046872210070977296 -0.0071262771363173813 0.0029106327006252399 0.0010043954616671331 0.0041880410013442355 -0.0035506364854810597 -0.0068726162290748882 0.0030238492356481736 -0.0027805922575559667 0.0046407419628196611 -0.0034720596311465348 -0.00094851251501836041 0.0013392933375965331
leaf_weight=29.827614158391953 411.51279659569263 125.05048455297947 223.04646664857864 19.359645023941994 26.839691922068596 39.922041267156601 58.355681091547012 536.63150359690189 295.97729626297951 34.321710467338562 22.468677446246147 19.299744114279747 21.073692798614502 41.195902571082115 62.84328231215477 23.113998547196388 305.94735763967037
leaf_count=123 1728 511 913 80 111 163 238 2183 1227 141 92 80 89 168 263 94 1262
internal_value=7.80727e-05 -0.000675748 0.000219674 0.00125076 -0.00236689 -0.00203778 -0.00130084 0.00164759 0.00169865 0.00195743 0.00301348 -0.00232399 0.00372002 -0.00273967 -0.000250632 -0.00486175 0.000840121
internal_weight=2296.79 1567.87 1025.48 704.156 542.392 321.324 281.402 661.682 728.916 699.088 358.819 41.7684 317.051 515.552 104.039 42.4736 340.269
internal_count=9466 6452 4182 2868 2270 1314 1151 2694 3014 2891 1488 172 1316 2159 431 174 1403
is_linear=0
shrinkage=0.011451


Tree=153
num_leaves=18
num_cat=0
split_feature=28 8 31 2 5 11 28 8 5 10 8 21 24 29 2 29 5
split_gain=17.2207 13.4081 12.5551 11.4656 11.2365 9.26902 9.50384 8.36232 8.30036 8.00829 8.17843 7.68357 7.28124 6.91207 6.78127 6.76271 9.32354
threshold=0.0089693973679521258 -0.0062980331063800235 -15.18981054561459 -3.8000000000000109 0.055019569734382941 -0.089833471419027075 -1.0000000180025095e-35 0.073494973000417199 -1.5347395404843145 0.10975615873285412 -0.020043049897431466 -6.4999999999999991 1.0000000180025095e-35 15.002380952380953 7.6000000000000094 25.679166666666671 1.146535952224635
decision_type=10 8 2 10 8 8 10 10 10 8 10 2 2 10 8 8 8
left_child=2 3 4 -2 11 7 13 -4 -3 10 -5 -1 14 -7 -6 -10 -17
right_child=1 8 5 9 12 6 -8 -9 15 -11 -12 -13 -14 -15 -16 16 -18
leaf_value=0.0078944793814647238 -0.0057991131133834986 0.0029360309209448105 -0.0053372714888782358 -0.0017188913933457238 -0.0012422915159837468 0.0018335047235816782 0.0092810671077752233 0.0029098905303730151 -0.0015201255824856656 0.0020935193465044123 -0.0089639699725330719 0.00079685924410490526 0.004076051018989708 -0.0040205674367678138 -0.0050543148903209436 0.0057566009998022962 -0.00312234539480884
leaf_weight=25.242805749177933 119.57451052963734 100.56736062467098 45.512775182723999 154.29409350454807 254.51636140048504 886.36163096129894 21.34912796318531 24.246206685900688 293.24626241624355 61.346540942788124 22.990947246551514 88.547060921788216 25.850421354174614 26.653987735509872 80.200043708086014 41.801800429821014 23.898575082421303
leaf_count=104 504 416 186 638 1048 3649 88 99 1203 254 95 361 106 110 334 172 99
internal_value=7.71382e-05 -0.00125569 0.000814535 -0.00291426 -0.000720067 0.00153949 0.0018404 -0.00247039 3.95466e-05 -0.00145665 -0.00268834 0.00240797 -0.00170984 0.00165981 -0.00216386 -0.000775887 0.00252795
internal_weight=2296.2 817.72 1478.48 358.206 474.357 1004.12 934.365 69.759 459.514 238.632 177.285 113.79 360.567 913.016 334.716 358.947 65.7004
internal_count=9466 3381 6085 1491 1953 4132 3847 285 1890 987 733 465 1488 3759 1382 1474 271
is_linear=0
shrinkage=0.011451


Tree=154
num_leaves=17
num_cat=0
split_feature=12 19 31 31 25 2 3 2 28 2 9 22 21 27 4 4
split_gain=16.0965 15.3651 12.9594 12.5915 11.916 11.8611 16.6817 10.0017 9.81084 9.32858 7.81769 6.34052 6.06519 5.63603 5.41115 4.24326
threshold=0.078555025613849153 -0.96153846153846145 48.441217889502589 -101.68222798159023 -1.0000000180025095e-35 10.150000000000007 0.039937189815204006 3.8000000000000118 -0.211377528697508 15.250000000000002 0.035745705906996252 -5.4999999999999991 12.500000000000002 0.22828737298969717 1.9651702615789439 -0.086711842435378314
decision_type=8 8 2 2 2 10 8 10 8 8 10 10 2 10 10 10
left_child=3 -2 7 -1 5 6 -5 10 -9 12 -3 14 -6 -13 -4 -11
right_child=1 2 11 4 9 -7 -8 8 -10 15 -12 13 -14 -15 -16 -17
leaf_value=-0.0078732441074580804 0.0081601413432289722 -0.0012075622751014303 0.0053929877037107183 0.001104536843966952 -0.0020254604857131348 0.0068947926281109845 -0.0076854652404717552 0.0078620621728727313 0.0010484419402620134 -0.00045877152674700958 0.0016063199173871306 -0.00099721817485306282 -0.0068563115597646725 0.0059424482278721633 -0.0012515061802338564 0.0070618562377768443
leaf_weight=36.160942539572716 34.078487277030945 688.75631393492222 118.20538724958897 220.11968298256397 516.16322652995586 36.654204770922661 31.812299147248268 30.285660997033119 268.24471837282181 18.885453134775162 158.79605716466904 68.39407616853714 36.001429542899132 19.074169501662254 18.326997309923172 19.699395149946213
leaf_count=157 141 2821 501 903 2125 151 132 125 1096 79 655 284 149 82 80 82
internal_value=-0.000130861 0.000639282 0.000448359 -0.00131169 -0.00103613 0.000869732 -2.26574e-05 -4.45809e-05 0.00175556 -0.0019671 -0.000679515 0.00296314 -0.00234828 0.000549417 0.00449935 0.00343527
internal_weight=2319.66 1404.16 1370.08 915.497 879.336 288.586 251.932 1146.08 298.53 590.75 847.552 224.001 552.165 87.4682 136.532 38.5848
internal_count=9563 5785 5644 3778 3621 1186 1035 4697 1221 2435 3476 947 2274 366 581 161
is_linear=0
shrinkage=0.011451


Tree=155
num_leaves=18
num_cat=0
split_feature=0 31 0 21 12 5 31 10 31 10 27 27 14 0 8 10 7
split_gain=29.7788 15.2807 13.246 14.7831 12.8575 11.9205 11.6975 11.6651 8.71041 6.79298 6.38326 6.18028 6.72146 5.27926 7.15989 4.57385 3.28259
threshold=2.3860369609856282 -88.066844955317933 -8.3586584531143018 -12.499999999999998 0.092592592592592629 2.3352357418517333 4.2621495513324144 0.1968615559524651 93.958121973821008 0.07471806301550514 -0.045719107181886737 0.093332080325237224 -0.27207792207792203 9.5154004106776195 -0.059612845954408987 -0.13203922609261828 -0.037508634520738153
decision_type=10 2 8 2 8 10 2 8 2 10 8 8 10 10 10 10 8
left_child=1 11 10 16 5 7 -5 9 13 -2 -3 12 -1 14 -6 -12 -4
right_child=4 2 3 6 8 -7 -8 -9 -10 -11 15 -13 -14 -15 -16 -17 -18
leaf_value=-0.001034968485913984 -0.0031272922332472911 0.00034955198062290799 0.0040821151329787798 -0.00048839936376443799 -0.0018984097661798266 -0.011597133418260587 0.0016533078600128258 0.0032269447299021342 0.0064661414517545911 -0.0081469172419009143 0.0038636137157364546 0.00020691992045863305 -0.0096740698685939298 -0.0051766387541113384 0.0014155403670835824 0.0091902534243627539 0.01088121139686605
leaf_weight=18.842239633202553 207.89789825677872 33.494443506002426 19.809513702988625 734.48011316359043 235.16766804456711 23.292981460690498 612.88467980921268 32.666146695613861 20.216182872653008 42.513545602560043 50.116777390241623 27.542799428105354 31.777283072471619 37.456018418073654 133.5074228644371 38.264925122261047 19.344250753521919
leaf_count=79 864 140 81 2983 966 103 2545 135 84 177 211 115 133 157 547 164 79
internal_value=-0.000129328 0.000752459 0.00100891 0.000689606 -0.00203762 -0.0038245 0.000486147 -0.00315934 -0.000749632 -0.00399875 0.00461802 -0.00416336 -0.00651324 -0.00111876 -0.00069795 0.00622102 0.00756646
internal_weight=2319.27 1586.56 1508.39 1386.52 732.718 306.371 1347.36 283.078 426.347 250.411 121.876 78.1623 50.6195 406.131 368.675 88.3817 39.1538
internal_count=9563 6530 6203 5688 3033 1279 5528 1176 1754 1041 515 327 212 1670 1513 375 160
is_linear=0
shrinkage=0.011451


Tree=156
num_leaves=18
num_cat=0
split_feature=31 0 21 5 24 8 31 16 0 19 11 1 15 30 31 2 30
split_gain=18.1455 18.8883 12.3121 12.8115 11.4931 11.3453 10.6074 8.25492 8.19201 7.44267 5.98072 5.27995 4.96105 4.18726 5.02886 2.94306 1.38617
threshold=-88.066844955317933 1.834360027378507 -14.499999999999998 -1.9999820682386484 1.0000000180025095e-35 0.076656568499487307 73.984470962012452 1.0000000180025095e-35 9.2648870636550296 -0.39444444444444438 -0.035327749183955197 2.5499999999999976 -0.085620300751879666 0.12500000000000006 -98.558290782262802 -2.6000000000000081 -0.46360342555994721
decision_type=2 10 2 8 2 8 2 2 10 8 10 10 10 10 2 10 10
left_child=11 2 10 5 -5 -4 8 -8 9 -3 -2 13 -10 14 15 -1 -9
right_child=1 6 3 4 -6 -7 7 16 12 -11 -12 -13 -14 -15 -16 -17 -18
leaf_value=-0.010031311736604494 0.0023772784009034372 0.0022435501705324271 0.0014606458189675292 -1.6060630598119382e-05 0.0033734180220331704 0.0085277465613108304 -0.001434258337107683 0.0040690363740971082 -0.0016304177598508111 -0.0016896543222487625 0.011016553212978009 -0.0082059845263209759 -0.0076831748735462554 0.0017842873157175908 9.4641575117066808e-05 -0.0034338887479937207 0.0086492333524612261
leaf_weight=18.592032507061958 20.423406228423119 70.158322051167488 76.609486415982246 1090.4390286952257 148.45361016690731 48.43688528239727 30.57997815310955 19.182087510824203 30.124039456248283 582.64979018270969 22.034445211291313 35.252842918038368 44.175702288746834 18.941362887620926 21.253145098686218 18.373745888471603 19.364287301898003
leaf_count=83 83 288 322 4466 616 209 125 79 126 2396 92 151 187 80 90 79 79
internal_value=-9.11937e-05 0.000138434 0.000936176 0.000745334 0.000391679 0.00422862 -0.00127023 0.00299699 -0.00167828 -0.0012651 0.00696122 -0.00456497 -0.00526526 -0.00284576 -0.00435526 -0.00687031 0.00647726
internal_weight=2315.04 2202.63 1406.4 1363.94 1238.89 125.046 796.234 69.1264 727.108 652.808 42.4579 112.413 74.2997 77.1603 58.2189 36.9658 38.5464
internal_count=9551 9068 5788 5613 5082 531 3280 283 2997 2684 175 483 313 332 252 162 158
is_linear=0
shrinkage=0.011451


Tree=157
num_leaves=18
num_cat=0
split_feature=31 0 5 31 30 31 10 5 0 16 0 22 1 22 22 30 18
split_gain=17.7641 18.464 12.1143 10.764 10.9393 10.3744 9.48387 12.9744 8.37559 8.07869 8.02403 6.25109 5.17813 6.66969 9.07121 5.10674 4.98305
threshold=-88.066844955317933 1.834360027378507 0.071456535492726583 44.016129554183188 -0.1443376068376068 73.984470962012452 -0.28288029036230472 -1.9131185536769728 -8.3586584531143018 1.0000000180025095e-35 9.2648870636550296 -209.49999999999997 2.5499999999999976 69.500000000000014 -14.499999999999998 0.58946078431372551 -0.02857142857142855
decision_type=2 10 8 2 8 2 10 10 8 2 10 8 10 10 10 8 8
left_child=12 2 6 8 -5 10 7 -2 -4 -7 11 -3 13 14 15 -1 -8
right_child=1 5 3 4 -6 9 16 -9 -10 -11 -12 -13 -14 -15 -16 -17 -18
leaf_value=-0.0081505087587737633 0.0039736398423690098 0.0039324067217699089 0.0037262575543217016 -0.0036780485913391848 0.0047435073294148089 -0.0014179820840639207 0.0013909853458992111 -0.0041782475597926519 -0.00083119152596021581 0.0064093438840458926 -0.0052116861320912556 -0.0014916670047754506 -0.0081290126612164355 -0.0085337909934676461 0.0052648009681824292 0.00020202255853527692 0.0038971310314938191
leaf_weight=19.258041635155678 42.629329666495323 28.536992400884628 56.758837476372719 24.565825819969177 103.66339892148972 30.584376320242882 166.4377489387989 62.030833423137665 668.48756888508797 38.523280277848244 74.217251271009445 624.18274520337582 35.185801014304161 19.25238773226738 20.122553035616875 18.463147222995758 281.6003607660532
leaf_count=82 179 117 234 102 438 125 695 254 2712 158 313 2567 151 84 86 80 1174
internal_value=-9.01401e-05 0.000136977 0.000925753 7.00767e-05 0.00311951 -0.00125597 0.00224542 -0.000853776 -0.000471443 0.00296471 -0.00165955 -0.00125078 -0.00451933 -0.00281667 -0.000838712 -0.00412934 0.00296957
internal_weight=2314.5 2202.22 1406.17 853.476 128.229 796.045 552.698 104.66 725.246 69.1077 726.937 652.72 112.282 77.0961 57.8437 37.7212 448.038
internal_count=9551 9068 5788 3486 540 3280 2302 433 2946 283 2997 2684 483 332 248 162 1869
is_linear=0
shrinkage=0.011451


Tree=158
num_leaves=18
num_cat=0
split_feature=31 3 31 21 19 1 18 6 11 20 6 6 4 1 4 21 3
split_gain=19.6584 11.0542 10.2328 14.3378 11.0033 9.22223 10.0771 8.83903 8.58618 8.08436 7.2225 6.64378 6.2079 5.42934 4.68853 4.49641 4.31335
threshold=-30.237826530607887 0.071766520842647022 88.455892247709144 12.500000000000002 0.5064102564102565 7.7000000000000037 -0.70647653000594168 2.6680447461172201 0.038834545186732468 1.0000000180025095e-35 -0.48048096425136372 -0.12441096534790928 -0.39854940692229429 -2.5499999999999967 -0.90444073383020862 -1.0000000180025095e-35 0.012708585105843497
decision_type=2 8 2 2 10 10 10 10 10 8 8 10 10 8 10 2 8
left_child=1 5 3 4 7 6 9 -2 -5 -1 -3 -8 -7 -12 -6 -15 -4
right_child=2 10 16 8 14 12 11 -9 -10 -11 13 -13 -14 15 -16 -17 -18
leaf_value=0.0043561485839659258 0.00058435304994440638 -0.011915850099770883 0.0019488055132814302 -0.0087478533148774903 -0.0076037643898300882 -0.00011994178137606912 -0.0042183890119487817 0.0039427834135229694 0.00029317204506514152 -0.00088990732345525813 -0.0085824916474452027 -0.0010476875696416048 0.0085293385111611993 -0.0049203425740729553 -0.0016411702032479592 0.0027507127677047342 0.0065176970665665451
leaf_weight=51.960316359996796 1283.5538557320833 18.417556554079056 61.817475721240044 34.463890418410301 24.146076232194901 23.359240725636482 184.39787185192108 111.08507558703423 22.590006500482559 143.13740253448486 19.223568916320801 164.04382629692554 19.677538216114044 19.918656498193741 58.843546703457832 18.92240446805954 48.767491638660431
leaf_count=215 5254 81 262 142 99 96 775 463 92 595 81 675 81 86 242 77 213
internal_value=-3.40282e-05 -0.00169766 0.000636844 0.000393571 0.000612013 -0.00116025 -0.00156551 0.000853603 -0.00520587 0.00051729 -0.00577388 -0.00273047 0.00390411 -0.00371323 -0.0034225 -0.00119974 0.00399049
internal_weight=2308.33 663.058 1645.27 1534.68 1477.63 586.576 543.539 1394.64 57.0539 195.098 76.4822 348.442 43.0368 58.0646 82.9896 38.8411 110.585
internal_count=9529 2762 6767 6292 6058 2437 2260 5717 234 810 325 1450 177 244 341 163 475
is_linear=0
shrinkage=0.011451


Tree=159
num_leaves=18
num_cat=0
split_feature=0 5 10 5 10 0 0 12 3 8 29 12 28 3 13 10 26
split_gain=25.9292 20.9539 14.7641 13.6747 11.431 10.6137 10.5729 9.88203 8.91862 8.66028 9.55886 9.33159 7.87713 6.74474 8.14233 6.7362 6.59125
threshold=0.17385352498288678 -1.8430735127731643 -0.21790240410930065 0.47223192786584017 0.36589316547365597 -8.3586584531143018 9.2648870636550296 0.29872453128267085 0.055690841405895815 -0.026749603861303591 -7.3333333333333321 0.17860195360195366 0.1579684607492863 -0.0012845889154995402 -0.081934731934731928 0.27862759101086604 -0.38538046035356677
decision_type=8 8 8 10 10 10 10 10 8 8 8 8 10 10 8 8 10
left_child=1 8 13 4 6 -4 12 -7 -1 10 -5 -11 -2 -3 -15 -12 -8
right_child=3 2 5 9 -6 7 16 -9 -10 11 15 -13 -14 14 -16 -17 -18
leaf_value=0.0071392166668378075 0.00011783907203885145 -0.0065434542338053689 0.0045769874840778241 0.0017490189065080678 0.0074824737210117459 0.00025676445284435277 -0.0018737397856215942 0.0042928238968514693 -0.0013787026506451544 -0.0036257666624375535 -0.0076371745005612626 0.0020635174272759945 -0.0033837421442138161 0.0048969295392463875 -0.0039869895756356639 -0.001680687513310112 -0.0097276695667345894
leaf_weight=97.647105276584625 639.60006687045097 48.046104207634926 101.96069866418839 22.524579867720604 22.305948540568352 763.0888025611639 31.349190428853035 88.155248358845711 19.047616049647331 93.556539833545685 106.52666336297989 62.57522489130497 96.351408839225769 20.741584971547127 36.132109731435776 33.004686787724495 25.271190449595451
leaf_count=418 2612 197 429 95 91 3123 131 367 82 392 457 258 400 84 149 138 106
internal_value=-3.3716e-05 0.00115796 0.000648365 -0.00126926 -0.000482157 0.00109773 -0.000712376 0.000677755 0.00574894 -0.00327984 -0.00512943 -0.0013465 -0.000343223 -0.00341542 -0.000727978 -0.00624283 -0.00545114
internal_weight=2307.88 1174.82 1058.12 1133.07 814.878 953.205 792.572 851.244 116.695 318.188 162.056 156.132 735.951 104.92 56.8737 139.531 56.6204
internal_count=9529 4849 4349 4680 3340 3919 3249 3490 500 1340 690 650 3012 430 233 595 237
is_linear=0
shrinkage=0.011451


Tree=160
num_leaves=18
num_cat=0
split_feature=0 5 10 12 14 31 5 21 12 0 23 23 8 29 29 2 7
split_gain=24.6862 14.052 12.901 11.781 11.3421 13.704 15.1233 8.80348 12.1169 9.78884 8.6203 8.30055 6.38773 6.28977 5.62055 5.51621 7.67953
threshold=-0.70636550308008406 1.9896363536665744 0.28275322922395313 0.11111111111111112 0.60158730158730178 37.128941774029734 -1.7718621870343751 -1.0000000180025095e-35 0.17203889860139862 8.3148528405201922 -85.636729133439658 69.635732323232347 -0.024044895353785897 -7.7340909090909085 -1.0243421052631569 3.8000000000000118 -1.0000000180025095e-35
decision_type=10 10 10 10 10 2 8 2 10 10 10 8 10 8 10 8 10
left_child=3 2 7 4 5 6 -1 8 -2 -9 -4 -7 -3 -5 -12 -15 -17
right_child=1 12 10 13 -6 11 -8 9 -10 -11 14 -13 -14 15 -16 16 -18
leaf_value=0.0064306415702453804 -0.0033713675400352419 -0.00746415894018911 -0.00064730234133540058 -0.00099766661098313857 -0.0076818606322497434 0.0010064874075276337 -0.00039487589427413032 0.00024228293596101471 0.002293244293822693 -0.0038674827928391301 0.0028850922519839508 0.0060939948201195228 -0.0019297358395015929 0.0028481545934218666 0.010714003164592676 0.0027002346356868375 0.009966851899726837
leaf_weight=45.339789941906929 300.37680850923061 58.853997007012367 35.334400564432144 33.724358171224594 20.011380031704903 77.386565521359444 569.24819277226925 635.73267313838005 58.776935085654259 85.641504988074303 25.293596103787422 92.250833511352539 51.72563424706459 130.06277553737164 23.487129226326942 35.326152890920639 42.534742787480354
leaf_count=189 1248 255 144 142 83 329 2313 2600 241 357 104 394 218 543 96 148 181
internal_value=5.56764e-05 -0.00101358 -0.000641781 0.00135921 0.000691684 0.000911661 0.000115045 -0.000978733 -0.00244182 -0.00024873 0.00366047 0.00378608 -0.00490225 0.00357285 0.00674766 0.00431499 0.00672054
internal_weight=2321.11 1275.22 1164.64 1045.88 804.237 784.225 614.588 1080.53 359.154 721.374 84.1151 169.637 110.58 241.648 48.7807 207.924 77.8609
internal_count=9585 5263 4790 4322 3308 3225 2502 4446 1489 2957 344 723 473 1014 200 872 329
is_linear=0
shrinkage=0.011451


Tree=161
num_leaves=18
num_cat=0
split_feature=0 6 29 0 12 31 12 31 10 0 15 1 11 20 7 6 11
split_gain=24.1343 16.2714 12.238 11.8849 11.8796 11.5972 12.0974 11.4225 10.5999 10.1619 10.1087 9.27008 8.65823 8.45962 10.0076 8.33606 7.75023
threshold=-0.70636550308008406 -0.06442659427251983 -9.2758333333333329 5.0253251197809723 -0.085329985652797744 -88.066844955317933 0.26666666666666672 30.453032781019264 -0.12918556615745844 -9.4072553045858989 -0.13260073260073255 7.6500000000000066 0.0070542557554760252 0.15192307692307697 0.17422745551527344 -0.77355466959375052 -0.023623799084465821
decision_type=10 10 8 10 8 2 10 2 10 8 8 10 8 8 10 8 10
left_child=5 2 -2 4 8 -1 9 11 -3 -7 -9 -4 -6 14 -5 -11 -15
right_child=1 3 7 13 12 6 -8 10 -10 15 -12 -13 -14 16 -16 -17 -18
leaf_value=-0.0037980948129529212 -0.0080293111141676726 -0.0048388600773200622 -0.0029931436030881178 -0.0083496502443184701 0.00084240633962233327 0.0055059140471320342 0.0050057788392910375 -0.004739128031680976 0.0021320107254211062 -0.0014138034239358302 0.002009451972930155 0.0024652661452271509 0.0051429907525278101 0.005289068543089726 -6.3588432271963018e-05 0.0014112450129384053 -0.0024310950020726939
leaf_weight=53.908271536231041 41.804414197802544 56.473725572228432 495.54819881916046 43.270033657550812 116.34840796887875 64.399391517043114 121.22507011890411 35.277000889182091 56.714698284864426 174.24464921653271 152.58433124423027 43.961442783474922 130.01223902404308 28.33822363615036 33.848850220441818 631.78135576844215 40.75530694425106
leaf_count=224 175 232 2065 179 476 274 514 143 232 709 622 181 533 119 139 2601 167
internal_value=5.51168e-05 -0.00100221 -0.00205054 0.000592713 0.00171145 0.00134422 0.00162612 -0.00169992 -0.00135393 0.00115198 0.000729985 -0.00254589 0.00311967 -0.00215367 -0.00474428 0.000799873 0.000755441
internal_weight=2320.5 1274.94 769.175 505.761 359.549 1045.56 991.65 727.371 113.188 870.425 187.861 539.51 246.361 146.212 77.1189 806.026 69.0935
internal_count=9585 5263 3186 2077 1473 4322 4098 3011 464 3584 765 2246 1009 604 318 3310 286
is_linear=0
shrinkage=0.011451


Tree=162
num_leaves=17
num_cat=0
split_feature=22 5 19 5 22 12 1 18 7 3 22 15 12 11 6 18
split_gain=15.3045 14.5117 11.84 11.172 14.3162 11.954 9.99137 9.36419 8.52567 8.43692 7.46254 6.33617 5.52334 4.54448 4.26284 2.13434
threshold=210.50000000000003 -0.3409482573318155 -0.88194444444444431 1.1272217340373494 -223.49999999999997 -0.1818181818181818 -5.1000000000000076 -0.82575757575757569 0.28595644536533554 -0.028683391075638994 -498.49999999999994 -0.12763526463216865 1.0000000180025095e-35 -0.042337697068966444 -0.81563386689616013 0.23431372549019616
decision_type=10 10 8 10 8 8 10 10 10 10 10 10 8 10 10 8
left_child=2 8 9 4 10 7 -6 -5 -2 -1 -4 -7 -11 15 -15 -3
right_child=1 13 3 5 6 11 -8 -9 -10 12 -12 -13 -14 14 -16 -17
leaf_value=0.011177090216128081 -0.0024959852463578656 -0.012115030004069606 -0.00062818314711932729 0.00098454149622350523 -0.001833177162211593 -0.0039955786827346601 0.00051027056995145122 -0.0083661393967681148 0.0066790535130318452 -0.0015321718127502269 0.0061950381857595639 0.00013692510934502957 0.0061108819417800501 -0.0080105343325567561 -0.00093693669125994141 -0.0065345309214718218
leaf_weight=18.968745052814484 36.326080158352852 19.937270939350128 28.400584787130356 18.697254180908203 289.65795786678791 62.054910615086555 1337.5525198429823 54.229900598526001 20.068578898906708 24.798974096775055 78.964081898331642 216.73184683918953 23.715733364224434 19.193684607744217 26.004825249314308 22.086096659302711
leaf_count=79 150 85 120 79 1192 256 5508 228 83 102 330 899 98 80 107 94
internal_value=-0.000105337 -0.00371589 0.000136489 -1.69282e-05 0.000360571 -0.00187585 9.25395e-05 -0.00598151 0.000808692 0.0048335 0.00439735 -0.000790219 0.00223603 -0.00662537 -0.00401311 -0.00932908
internal_weight=2297.39 143.617 2153.77 2086.29 1734.58 351.714 1627.21 72.9272 56.3947 67.4835 107.365 278.787 48.5147 87.2219 45.1985 42.0234
internal_count=9490 599 8891 8612 7150 1462 6700 307 233 279 450 1155 200 366 187 179
is_linear=0
shrinkage=0.011451


Tree=163
num_leaves=18
num_cat=0
split_feature=5 12 23 18 2 25 31 8 14 19 18 14 31 7 15 2 29
split_gain=14.6139 15.2345 10.3186 9.99259 9.76147 13.4635 10.3526 10.5805 9.97636 9.36716 8.99043 8.64119 8.06334 7.81175 6.61718 5.27313 4.8717
threshold=1.1272217340373494 -0.1818181818181818 407.22500000000008 0.90454545454545465 -7.6500000000000048 1.0000000180025095e-35 -30.237826530607887 0.0037310444316009665 0.58368347338935589 0.33974358974358981 -0.41547619047619039 -0.41602564102564094 -65.403848192649193 -0.78687188088952753 -0.12763526463216865 -11.450000000000001 -1.1000000000000003
decision_type=10 8 10 8 8 2 2 10 10 10 8 8 2 8 10 10 10
left_child=4 3 10 -2 5 13 7 11 9 -8 -3 -6 -9 -1 -12 -7 -15
right_child=1 2 -4 -5 6 15 8 12 -10 -11 14 -13 -14 16 -16 -17 -18
leaf_value=0.0056017891049291143 -0.0088929203079431505 -0.0078864801664896341 0.0060376339426307683 -0.00048781574294246959 0.0037696004990023504 -0.0086312603230637181 0.0016850942333146331 -0.0018912229482850589 -0.0042118572490478226 -0.0017531025813530858 -0.0042137500164670912 -0.0028148727735439827 0.0038552954601511523 -0.0024380416393904609 0.00011008519894863937 -0.0024126309078797187 0.0023093797400667955
leaf_weight=26.393541485071182 59.972547888755798 25.826641350984573 25.099968492984772 26.836322277784348 28.478207528591156 40.650864735245705 1076.8514232486486 50.574086382985115 43.147231981158257 114.45709054172039 59.566199392080307 259.52695132791996 85.115860730409622 101.00391075015068 202.1626772582531 32.747440412640572 38.707724705338478
leaf_count=109 253 107 104 114 119 168 4433 210 180 470 246 1077 349 416 840 135 160
internal_value=-0.000104194 -0.00209299 -0.000909055 -0.00631793 0.000315041 -0.0018428 0.000627331 -0.000916089 0.00115728 0.00135397 -0.0015279 -0.00215664 0.00171468 -3.22775e-05 -0.000882122 -0.00590317 -0.00111805
internal_weight=2297.12 399.464 312.655 86.8089 1897.65 239.503 1658.15 423.695 1234.46 1191.31 287.556 288.005 135.69 166.105 261.729 73.3983 139.712
internal_count=9490 1664 1297 367 7826 988 6838 1755 5083 4903 1193 1196 559 685 1086 303 576
is_linear=0
shrinkage=0.011451


Tree=164
num_leaves=18
num_cat=0
split_feature=0 24 11 5 21 11 8 22 18 21 0 24 8 2 5 7 23
split_gain=20.0249 15.1175 14.4256 14.1617 13.5512 14.4766 12.2257 10.5075 10.6701 10.4542 19.485 9.97047 9.29694 7.41331 7.31393 7.09591 7.02849
threshold=-0.76522929500342218 1.0000000180025095e-35 -0.063965358504392542 -2.1820845986185096 -1.0000000180025095e-35 0.017558908586791436 0.10311539491839615 176.50000000000003 0.83974358974358987 -1.0000000180025095e-35 6.07939767282683 -1.0000000180025095e-35 -0.072177417435235716 -5.1000000000000076 0.98684133870749424 1.746160110318798 365.16666666666674
decision_type=8 2 8 8 2 8 8 8 8 2 8 2 8 10 10 10 10
left_child=3 2 11 13 7 15 14 8 -5 10 -4 -2 -11 -1 -3 -6 -13
right_child=1 6 9 4 5 -7 -8 -9 -10 12 -12 16 -14 -15 -16 -17 -18
leaf_value=-0.00019098255011133468 -0.009815650563627128 0.001554566450286668 -0.0014081050855821303 -0.00033584966680058143 0.0005290932082006901 0.0040001781643888776 0.0071576298357571393 -0.0030146092827627196 0.0050060477802128783 -0.0030202832312213605 -0.0093775276359245787 -0.0039056912763920193 0.00071158473083316452 0.008092454310950915 -0.004441234202530924 -0.0066092532874015165 0.0033837359859505323
leaf_weight=19.140798434615135 34.706613793969154 129.52920354902744 263.52541209757328 298.71160133183002 150.17866982519627 246.84435762465 42.942091256380081 156.28157126903534 57.980697780847549 107.88209770619869 46.89246940612793 165.21499107778072 451.55362325906754 53.530380234122276 32.893309578299522 20.114222183823586 18.86117397248745
leaf_count=82 148 533 1084 1233 615 1030 178 638 238 444 199 697 1842 233 139 82 79
internal_value=-0.000130698 -0.00107171 -0.00160927 0.0010835 0.00070099 0.00223208 0.00177389 -0.000545325 0.000540154 -0.000946565 -0.0026294 -0.00423329 -1.07941e-05 0.00592868 0.000327203 -0.000336407 -0.00314933
internal_weight=2296.78 1294 1088.64 1002.78 930.111 417.137 205.365 512.974 356.692 869.854 310.418 218.783 559.436 72.6712 162.423 170.293 184.076
internal_count=9494 5343 4493 4151 3836 1727 850 2109 1471 3569 1283 924 2286 315 672 697 776
is_linear=0
shrinkage=0.011451


Tree=165
num_leaves=18
num_cat=0
split_feature=31 24 6 23 4 3 8 31 5 7 26 12 29 9 3 23 27
split_gain=21.043 17.9597 14.7786 12.816 14.7562 12.3811 11.1521 10.774 10.1989 9.93237 8.85374 8.81505 8.77287 6.43652 6.09257 5.61927 5.93287
threshold=-19.284226904220755 1.0000000180025095e-35 -1.6787360901965462 256.91776094276105 -1.1103917417593772 -0.0010027763003835897 0.0049074545249617749 -85.536689997057564 1.1089363055088268 -1.5641433943760663 0.16227912536252628 -0.28844129554655867 25.679166666666671 -0.25744479368149581 -0.026424190499503616 341.63333333333338 -0.05180364763687368
decision_type=2 2 8 10 8 10 10 2 10 10 10 8 8 10 8 10 10
left_child=1 6 5 4 12 -2 15 -8 -6 -9 -7 -5 -4 -3 -13 -1 -17
right_child=2 13 3 11 8 10 7 9 -10 -11 -12 14 -14 -15 -16 16 -18
leaf_value=-0.0035609760127308467 -0.0054817884257160306 0.0079700661857854023 -0.0034590877896021671 -0.0028750557515306156 0.0016603567667289206 -0.00315050122331404 -0.0063908054268962261 -0.0069193886761287886 -0.0019453005387969375 0.0015869709080977297 0.0039514036668339397 0.0010015706972431142 0.0029281952460448618 0.0010583557566826562 0.0065850067979704892 0.0052193920893658921 -0.003561506679266622
leaf_weight=442.14590682089329 87.377286583185196 27.891090556979179 151.76607899367809 19.984507277607918 864.34656997025013 43.689927160739899 30.988217279314995 19.23640339076519 116.18684169650078 188.47785846889019 47.205854266881943 34.475738599896431 34.06087926030159 46.980008631944656 102.27245418727398 20.048103138804436 19.041058540344238
leaf_count=1848 359 116 624 82 3564 179 131 79 476 774 193 142 141 196 427 84 79
internal_value=-0.000129276 -0.00163515 0.000668288 0.00108554 0.00067122 -0.00242099 -0.00219083 -0.000166289 0.00123208 0.000779697 0.000539709 0.00415298 -0.0022821 0.00368045 0.00518898 -0.00319343 0.000953986
internal_weight=2296.17 794.809 1501.37 1323.09 1166.36 178.273 719.938 238.702 980.533 207.714 90.8958 156.733 185.827 74.8711 136.748 481.235 39.0892
internal_count=9494 3307 6187 5456 4805 731 2995 984 4040 853 372 651 765 312 569 2011 163
is_linear=0
shrinkage=0.011451


Tree=166
num_leaves=18
num_cat=0
split_feature=0 31 23 28 23 21 14 4 11 31 12 21 7 7 27 14 22
split_gain=18.2721 13.5423 9.62786 8.13667 9.58838 8.34127 8.11839 8.91136 7.88875 11.264 9.02773 8.43187 7.32783 7.15642 7.32711 6.82564 5.83143
threshold=-1.7043121149897347 -30.865135729843015 415.37500000000006 -0.046808610795113066 -444.26666666666665 -1.0000000180025095e-35 -0.17825814536340848 -1.968348285588124 -0.0092442893231459693 96.177753248932518 0.33257575757575764 -4.4999999999999991 -0.72386064184035248 -0.61456187760705949 0.17168338811160758 0.013523391812865495 11.500000000000002
decision_type=8 2 10 8 10 2 8 10 8 2 8 2 10 8 8 10 10
left_child=3 2 6 4 -1 13 7 -2 10 11 12 -10 -3 -5 -15 -7 -17
right_child=1 8 -4 5 -6 15 -8 -9 9 -11 -12 -13 -14 14 -16 16 -18
leaf_value=-0.0045133811867735145 0.0059699986984483684 -0.0071932444412270476 0.0044196980816147303 -0.0050296739673650137 0.0038414508564957512 0.0030840340376288235 -0.0040015287097379003 -0.0018962165136688313 0.0046185140535458689 0.0068959435873261381 0.0019685866781345776 -3.8675299173640639e-06 -0.0016769467013299166 0.0018972414583457063 -0.0017978922150251567 -0.0048986100682367924 0.0028916730003203696
leaf_weight=18.980172678828239 22.52401939034462 36.745201945304871 24.810319766402245 39.606773063540459 231.19616225361824 219.63900610804558 261.37400129437447 101.17089106142521 55.70545881986618 35.93012261390686 76.58756859600544 631.13602311909199 207.74475978314877 146.61003583669662 134.08772322535515 28.77558071911335 21.446891829371452
leaf_count=79 97 152 105 162 979 905 1103 433 227 152 314 2566 853 601 549 119 90
internal_value=0.000125882 -0.000651064 -0.002413 0.00146939 0.00319734 0.000734135 -0.00286007 -0.000439651 4.18732e-05 0.000705296 -0.00144992 0.000375116 -0.00252321 -0.000515308 0.00013202 0.00221476 -0.00157753
internal_weight=2294.07 1453.73 409.879 840.342 250.176 590.166 385.069 123.695 1043.85 722.772 321.078 686.841 244.49 320.305 280.698 269.861 50.2225
internal_count=9486 6002 1738 3484 1058 2426 1633 530 4264 2945 1319 2793 1005 1312 1150 1114 209
is_linear=0
shrinkage=0.011451


Tree=167
num_leaves=18
num_cat=0
split_feature=0 31 3 10 9 17 10 8 15 28 21 3 3 26 16 18 18
split_gain=17.8592 13.241 13.0599 11.6267 8.52546 8.454 9.81574 8.12639 8.06934 9.78247 8.76109 11.6766 10.5843 7.84755 6.40406 6.29612 6.1798
threshold=-1.7043121149897347 -30.865135729843015 -0.016126837499662702 -0.19989660973360315 0.32105911330049269 -0.074642857142857136 0.15745605002180108 -0.040308979589886239 -0.41421568627450972 -0.046808610795113066 -1.0000000180025095e-35 0.027531739631611599 0.055690841405895815 -0.99966580007896844 1.0000000180025095e-35 -0.4404040404040403 0.4171245421245422
decision_type=8 2 8 8 10 8 8 10 8 8 2 8 8 8 2 10 8
left_child=8 7 3 -3 -5 6 -4 14 -1 -10 12 -12 -11 -7 15 -2 -9
right_child=1 2 5 4 -6 13 -8 16 9 10 11 -13 -14 -15 -16 -17 -18
leaf_value=-0.0030461887644524818 -0.0030847898431530596 -0.0080116262242727176 0.0020702220518393614 -0.0018352705190300123 0.0058546329506985002 0.0051846107735393073 0.011026699289358104 -0.001879495327933024 0.0037647862755584732 0.00054107132376792454 0.00048744310837528873 0.0054435313599909005 -0.0052897647863841954 2.8379934573965987e-05 0.0012906801239823578 -0.0073944977402160168 0.0028536967583111992
leaf_weight=48.637446120381355 140.90081296861172 37.12695524096489 78.066139250993729 214.32813124358654 20.082567498087883 40.559008121490479 19.690222933888435 124.40547648072243 222.38961660861969 262.84836323559284 154.68350648880005 103.91303259134293 47.645867228507996 633.89923971891403 28.484820857644081 65.655571013689041 50.240347295999527
leaf_count=208 601 152 319 875 82 166 81 522 938 1075 637 430 196 2589 122 282 211
internal_value=0.000124484 -0.000643693 4.14318e-05 -0.0021156 -0.00116181 0.000801083 0.00393635 -0.00238642 0.00145292 0.00173171 0.000933774 0.00248779 -0.000363041 0.000343238 -0.00377365 -0.00447393 -0.000512258
internal_weight=2293.56 1453.44 1043.75 271.538 234.411 772.215 97.7564 409.687 840.118 791.48 569.091 258.597 310.494 674.458 235.041 206.556 174.646
internal_count=9486 6002 4264 1109 957 3155 400 1738 3484 3276 2338 1067 1271 2755 1005 883 733
is_linear=0
shrinkage=0.011451


Tree=168
num_leaves=18
num_cat=0
split_feature=31 5 28 14 21 3 1 12 10 23 5 17 23 3 23 5 8
split_gain=22.1968 12.9386 13.3061 13.6459 12.1289 10.7916 10.6271 9.94588 9.34105 14.4346 11.4695 8.2321 8.21574 6.35516 6.06614 7.60318 5.03318
threshold=-43.819926509788722 -1.9999820682386484 0.04680861079511308 0.50238095238095248 1.0000000180025095e-35 -0.060819641015267982 -7.6000000000000076 0.2564102564102565 -0.22217440225035154 221.31785714285721 1.0000000180025095e-35 -0.71008403361344519 318.98235294117654 -0.014416498751438465 -344.67051282051278 -3.7286343108672035 0.0025140125604773138
decision_type=2 8 10 10 2 10 8 8 10 10 10 10 10 10 10 10 8
left_child=5 6 3 4 -3 -1 -2 -5 9 -4 -10 12 13 -7 -8 -16 -13
right_child=1 2 8 7 -6 11 14 -9 10 -11 -12 16 -14 -15 15 -17 -18
leaf_value=-0.00755593071492657 -0.0048915832420900517 -0.00030286995370871155 -0.0078873295779677919 -0.010816169620382291 0.001992628162738621 0.0017144357659233599 -0.0015166612412878518 -5.4441621245161756e-08 0.0013804499158989927 0.0020670033506394792 -0.0029202699448192394 -0.0059896873961880507 0.0052725460852984856 -0.0026717993879620877 0.00066894361787505881 0.0065469618482735586 -0.0017540401566709294
leaf_weight=51.260939344763756 19.010123461484909 684.15602339804173 66.400256872177124 23.038729667663574 539.22666227817535 60.182270258665085 22.067778289318085 21.047354459762573 149.36690060794353 26.380601406097412 177.01548397541046 81.744966194033623 26.509589970111847 150.5075107216835 40.336221441626549 102.17204248905182 67.817746892571449
leaf_count=224 80 2801 272 95 2226 253 93 88 612 108 732 347 110 631 171 431 280
internal_value=-0.000331398 0.000212303 -0.000102401 0.000482622 0.000709441 -0.00264964 0.00309351 -0.00572887 -0.00186937 -0.0050624 -0.000953263 -0.00198756 -0.000657165 -0.00141745 0.00403178 0.00489402 -0.00408528
internal_weight=2308.24 1870.22 1686.63 1267.47 1223.38 438.023 183.586 44.0861 419.163 92.7809 326.382 386.762 237.199 210.69 164.576 142.508 149.563
internal_count=9554 7709 6934 5210 5027 1845 775 183 1724 380 1344 1621 994 884 695 602 627
is_linear=0
shrinkage=0.011451


Tree=169
num_leaves=18
num_cat=0
split_feature=31 0 5 21 3 4 3 31 4 0 17 4 3 20 23 23 12
split_gain=21.7051 14.7163 11.9327 13.1163 20.9789 13.6182 10.5832 9.82096 9.02473 8.0652 8.45442 8.93911 8.59851 7.97974 7.88253 7.59663 5.68909
threshold=-43.819926509788722 -5.708418891170429 1.0669368788925393 -1.0000000180025095e-35 0.068603164997820612 -4.4482724274951746 -0.060819641015267982 58.298111884395105 1.8407610847437055 2.8528405201916507 -0.77124183006535929 -1.9255475401312794 0.015973452533597613 -0.12310606060606059 415.37500000000006 345.76785714285717 0.023872847011144952
decision_type=2 8 10 2 8 8 10 2 10 10 10 8 10 8 8 10 10
left_child=6 7 3 4 -3 -5 -1 8 13 10 11 -8 -12 -2 -11 -4 -9
right_child=1 2 15 5 -6 -7 9 16 -10 14 12 -13 -14 -15 -16 -17 -18
leaf_value=-0.0074844770788946207 -0.0050534994957543555 -0.00040647711846367196 -0.0030605948911760603 -0.00806656331441131 -0.0078267676029292032 0.0012829822065752651 0.0069968271155937505 0.011446809188853496 0.0070734541166382814 -0.0062407150896791469 -0.0051704312505368921 -0.00040868361136605963 0.0021463885986675682 0.0017361293579220515 0.0012118054164662947 0.0035270366143751288 0.0027614852535733131
leaf_weight=51.164610266685486 26.151316910982132 416.67241398990154 236.48164196312428 20.26738728582859 56.118893891572952 866.31620073318481 24.468065217137337 23.720139354467392 34.366486862301826 84.304832115769386 84.115844503045082 142.55712132155895 27.605405017733574 147.49978339672089 23.582287296652794 24.860812231898308 17.542492315173149
leaf_count=224 109 1708 976 83 231 3554 101 106 145 370 348 587 113 614 102 103 80
internal_value=-0.000327755 0.000209836 -0.000188943 0.000242222 -0.00129697 0.00106339 -0.00262085 0.00279616 0.00177066 -0.00196553 -0.000931835 0.000699537 -0.00336051 0.000698308 -0.00461427 -0.0024266 0.00785632
internal_weight=2307.8 1870 1620.72 1359.37 472.791 886.584 437.798 249.28 208.018 386.634 278.746 167.025 111.721 173.651 107.887 261.342 41.2626
internal_count=9554 7709 6655 5576 1939 3637 1845 1054 868 1621 1149 688 461 723 472 1079 186
is_linear=0
shrinkage=0.011451


Tree=170
num_leaves=18
num_cat=0
split_feature=31 6 10 28 25 3 3 21 8 0 17 28 0 11 26 3 21
split_gain=18.4948 12.7976 12.8462 12.4194 11.2691 11.412 10.4459 28.2411 10.3109 10.1386 10.7926 8.00889 7.73416 9.49985 7.4871 6.60632 5.32113
threshold=31.081690753884576 0.25492327357273631 0.32877923958436911 0.47526779516745643 1.0000000180025095e-35 0.086934618424598778 -0.0534996125671292 -1.4999999999999998 -0.070451391178924835 1.1649555099247098 0.12599206349206354 -0.15796846074928625 3.5318275154004106 -0.093854662496263716 -0.39374385246254628 0.012985786782967136 -1.0000000180025095e-35
decision_type=2 8 10 10 2 8 10 2 10 8 8 10 8 8 8 10 2
left_child=3 2 9 4 6 14 7 -1 -8 11 -11 -2 13 -3 -6 -15 -14
right_child=1 12 -4 -5 5 -7 8 -9 -10 10 -12 -13 16 15 -16 -17 -18
leaf_value=-0.0077523378230299565 -0.0059836161782451875 -0.0020113545304491251 0.0061965213474066399 -0.0077256941794405665 0.00016291500791231853 0.0046629519672526046 -0.00064486452141824645 0.00059741825994367515 0.0017227346957560837 0.0014984992130553194 -0.0071653723728282602 0.0020844464706269682 -0.0048465830925995216 0.0059451062811664403 -0.003475011664475633 0.0021446116992627712 0.0015352186214889849
leaf_weight=76.731109470129013 18.780700325965881 31.765712484717369 32.037674352526665 30.985973715782166 98.135470449924469 30.060243010520935 451.98191872239113 169.05662290751934 515.86889605224133 27.114721640944481 59.7537562251091 94.284411862492561 20.801927253603935 167.93888534605503 302.51905712485313 94.761949896812439 84.236371159553528
leaf_count=326 79 131 133 130 406 125 1855 692 2121 110 243 393 84 716 1252 405 343
internal_value=9.3842e-06 0.00167843 -0.000460307 -0.000620136 -0.000483182 -0.00207291 8.18273e-05 -0.00202308 0.000617392 -0.00154395 -0.0044702 0.000717242 0.00291899 0.00386874 -0.00258515 0.00458303 0.000248896
internal_weight=2306.82 631.476 231.971 1675.34 1644.35 430.715 1213.64 245.788 967.851 199.934 86.8685 113.065 399.505 294.467 400.655 262.701 105.038
internal_count=9544 2637 958 6907 6777 1783 4994 1018 3976 825 353 472 1679 1252 1658 1121 427
is_linear=0
shrinkage=0.011451


Tree=171
num_leaves=18
num_cat=0
split_feature=31 2 11 6 10 29 6 29 2 31 27 9 3 25 16 29 6
split_gain=18.0819 15.515 13.4928 12.5177 12.5674 12.3472 11.332 10.6332 9.2655 7.63667 7.52599 7.26102 6.93072 6.85288 12.8002 6.82267 6.31075
threshold=31.081690753884576 7.6500000000000066 0.0030482764416918666 0.25492327357273631 0.32877923958436911 -15.975288600288602 -2.6858991962118792 5.8601190476190501 -8.9000000000000039 -19.284226904220755 -0.42636399634016348 0.052093428959100581 0.012708585105843497 1.5000000000000002 1.0000000180025095e-35 -9.2758333333333329 -1.086946449748367
decision_type=2 10 8 8 10 8 8 10 8 2 10 10 10 2 2 8 10
left_child=1 5 11 4 8 -1 10 -8 -2 -4 -7 16 -5 14 -14 -10 -3
right_child=3 2 9 12 -6 6 7 -9 15 -11 -12 -13 13 -15 -16 -17 -18
leaf_value=0.0049545710121233141 -0.0085881032288492587 -0.0030298356109868104 0.0015388356166931118 0.0040413139486610624 0.0061318633279870537 -0.0095661423331076419 -0.0013379112676804106 0.0016194106340926347 -0.0069653030395297692 0.0077722187453929184 -0.0028439107636158254 -0.0051594292444765424 -0.00070967701386491662 -0.0043254878952649978 0.0070123613007262268 0.00012440364979461979 0.0038908734943829881
leaf_weight=43.19706118106842 21.068789273500443 26.710620298981667 44.941015541553497 251.57519492506981 32.011901944875717 30.190682545304298 1127.9158355295658 185.07455097138882 19.368978932499886 61.037431478500366 78.105860158801079 31.572017252445221 78.2194764316082 26.233724355697632 43.215288460254669 159.47663803398609 46.365502446889877
leaf_count=178 87 111 185 1058 133 128 4643 763 80 250 328 130 328 109 184 658 191
internal_value=9.2367e-06 -0.00061318 0.00228812 0.00166003 -0.000455227 -0.0010313 -0.00121545 -0.000920451 -0.00152678 0.00515489 -0.0047647 -0.000629266 0.00288753 0.000912601 0.00206153 -0.000666291 0.00135674
internal_weight=2306.28 1675.11 210.627 631.17 231.926 1464.48 1421.29 1312.99 199.914 105.978 108.297 104.648 399.244 147.668 121.435 178.846 73.0761
internal_count=9544 6907 867 2637 958 6040 5862 5406 825 435 456 432 1679 621 512 738 302
is_linear=0
shrinkage=0.011451


Tree=172
num_leaves=18
num_cat=0
split_feature=0 31 28 24 11 22 1 1 7 22 1 18 11 8 22 0 9
split_gain=26.8394 12.3656 12.0706 12.1977 9.75252 9.18466 8.52679 8.45821 9.06728 7.79368 7.731 7.11261 6.93024 6.85012 6.78045 6.24911 8.66582
threshold=-0.76522929500342218 -41.738982016014567 -0.024719496192692546 -1.0000000180025095e-35 -0.080174272217779383 -78.499999999999986 12.700000000000005 -5.1000000000000076 1.6610275333522568 176.50000000000003 5.049999999999998 0.22222222222222227 0.060897565408439776 0.041874266284952534 -209.49999999999997 -3.828884325804244 -0.035659000442282172
decision_type=10 2 8 2 8 8 10 10 10 10 8 10 10 10 8 8 10
left_child=2 5 7 15 9 -2 10 -1 11 13 -5 -9 -7 -3 -6 16 -4
right_child=1 4 3 6 14 12 -8 8 -10 -11 -12 -13 -14 -15 -16 -17 -18
leaf_value=-0.0012936447852354642 0.0012639886480553056 -0.0046873424007231566 0.0030158355327983455 0.0003183897385168664 0.0040465344851846477 -0.0056468210487355336 -0.005903697965114486 0.003218522151722975 -0.0032900999827881602 -0.010120070054562008 0.003363132766983364 0.0078160597646635428 -0.00025018294795778594 0.00043918649094101667 -0.00059695919545061445 -0.0066566857003201967 -0.005632681176243221
leaf_weight=54.52131612598896 40.806923612952232 78.351070135831833 32.365688338875771 406.96059440076351 42.745146214962006 169.79472875595093 22.853955283761024 211.67002300918102 22.555061355233192 19.493327409029007 148.95129327476025 55.915085777640343 38.271550208330154 60.045416608452797 824.474076166749 43.759477481245995 27.497735917568207
leaf_count=227 173 328 132 1669 176 740 94 893 96 83 614 234 160 246 3365 180 114
internal_value=-0.000289886 -0.00139997 0.00108711 0.000204091 -0.000842882 -0.00368631 0.000852771 0.00283165 0.00360803 -0.00345427 0.00113723 0.00419617 -0.00465811 -0.00247163 -0.000365167 -0.00340138 -0.00097496
internal_weight=2301.03 1273.98 1027.05 682.389 1025.11 248.873 578.766 344.661 290.14 157.89 555.912 267.585 208.066 138.396 867.219 103.623 59.8634
internal_count=9524 5271 4253 2803 4198 1073 2377 1450 1223 657 2283 1127 900 574 3541 426 246
is_linear=0
shrinkage=0.011451


Tree=173
num_leaves=18
num_cat=0
split_feature=0 31 19 28 24 11 1 1 15 31 3 1 7 21 20 3 0
split_gain=26.2365 12.1047 14.033 11.806 11.9237 9.54347 8.33533 8.2736 11.5195 8.79476 7.62401 7.55869 7.48935 6.42703 9.49027 8.17438 6.11399
threshold=-0.76522929500342218 -41.738982016014567 -0.39444444444444438 -0.024719496192692546 -1.0000000180025095e-35 -0.080174272217779383 12.700000000000005 -5.1000000000000076 -0.30662393162393159 48.441217889502589 -0.055690841405895801 5.049999999999998 -0.33318959193624237 -1.0000000180025095e-35 -0.29285714285714276 -0.00045944650351759092 -3.828884325804244
decision_type=10 2 8 8 2 8 10 10 10 2 10 8 10 2 8 8 8
left_child=3 2 -2 7 16 10 11 -1 -9 -10 -3 -6 -12 14 -7 -15 -5
right_child=1 5 -4 4 6 13 -8 8 9 -11 12 -13 -14 15 -16 -17 -18
leaf_value=-0.0012788027035872003 0.003375448465085599 0.0028762310742271417 -0.0046928031302071833 -0.00096383833483805828 0.00031475668078925019 0.0039492471297388615 -0.0058358782814254663 -0.0015381537752259464 0.0035724790980390182 0.0093751296455027687 0.00020959911004828552 0.0033256767083204458 -0.0059603363878435846 -0.0013113325532452663 -0.0027607679625181701 0.0013613902259533759 -0.0065840363117973272
leaf_weight=54.530173972249031 32.010529294610023 21.350196659564972 216.61956064403057 59.880736246705055 406.95174562931061 31.057644203305244 22.86245334148407 47.998928129673004 200.77050206065178 41.204099535942078 34.391072601079941 148.91171872615814 102.04721756279469 253.95161268115044 217.43708088994026 364.75002790987492 43.743112325668335
leaf_count=227 135 90 938 246 1669 127 94 208 831 184 143 614 424 1036 887 1491 180
internal_value=-0.000286708 -0.00138444 -0.00364782 0.00107484 0.000201639 -0.000833415 0.000843036 0.00280066 0.00356897 0.00458348 -0.00341761 0.00112436 -0.00441163 -0.000360964 -0.00191386 0.000264118 -0.00336308
internal_weight=2300.47 1273.61 248.63 1026.85 682.35 1024.98 578.726 344.504 289.974 241.975 157.788 555.863 136.438 867.196 248.495 618.702 103.624
internal_count=9524 5271 1073 4253 2803 4198 2377 1450 1223 1015 657 2283 567 3541 1014 2527 426
is_linear=0
shrinkage=0.011451


Tree=174
num_leaves=18
num_cat=0
split_feature=6 8 14 4 5 15 4 6 3 23 3 1 6 13 22 6 6
split_gain=16.9188 12.5556 11.6587 10.3555 12.1163 11.651 10.3046 8.79435 8.70399 8.05175 13.5064 7.54557 6.15456 6.12087 5.21279 7.54281 8.873
threshold=-1.7111551765522741 -0.0037310444316009657 -0.60158730158730156 1.4986068959887158 0.16856108074927925 -0.082843137254901944 1.9207327325565142 0.093490739747162474 0.015061534429554603 -109.10219780219778 0.043363383006598484 2.5499999999999976 0.25492327357273631 -0.28660714285714278 182.50000000000003 -2.0366199792161157 -2.4530419123775897
decision_type=8 10 8 10 10 10 10 10 10 8 10 10 10 10 10 10 10
left_child=8 2 -2 7 6 -6 -5 13 14 11 -11 -4 -9 -3 15 16 -1
right_child=1 3 9 4 5 -7 -8 12 -10 10 -12 -13 -14 -15 -16 -17 -18
leaf_value=-0.0036980777922703259 0.0074719628695174992 0.0032317604658924593 -0.0011970314684909098 0.013254848851990717 -0.0033318989127572212 0.0043778956366156679 0.0042893956809709668 0.0073933842303745799 0.00027172474526384265 0.00014594473645807306 -0.004085482178374714 -0.0061004595588112168 0.0012771164496212621 -0.0021128502801787503 -0.0089699682477435184 -0.0077627414869587529 0.0025914369369850507
leaf_weight=119.65146334469318 22.751575663685799 32.72535640001297 118.6039175838232 23.580091714859009 44.510794639587402 59.033263385295868 58.603425443172455 22.52887912094593 91.332741111516953 939.36224423348904 109.88734123110771 62.71031853556633 319.23320958018303 178.17654792964458 23.53780896961689 39.103111520409584 38.403093099594116
leaf_count=501 95 137 492 99 184 242 250 93 378 3873 451 261 1330 736 102 162 160
internal_value=-0.000224317 0.000164403 -0.000533405 0.00134825 0.00368249 0.00106355 0.00694721 0.000560338 -0.00270064 -0.000685356 -0.000299509 -0.002909 0.00169383 -0.00127601 -0.00392786 -0.00329787 -0.00216545
internal_weight=2303.74 1991.71 1253.32 738.392 185.728 103.544 82.1835 552.664 312.028 1230.56 1049.25 181.314 341.762 210.902 220.695 197.158 158.055
internal_count=9546 8243 5172 3071 775 426 349 2296 1303 5077 4324 753 1423 873 925 823 661
is_linear=0
shrinkage=0.011451


Tree=175
num_leaves=18
num_cat=0
split_feature=0 6 0 12 3 0 29 4 19 18 24 20 27 12 24 6 3
split_gain=17.6408 10.9227 10.445 12.8777 10.5711 9.66878 8.47734 8.41445 8.01424 8.01406 7.46789 8.65552 7.28281 6.54229 8.31494 4.75255 3.6182
threshold=-1.0000000180025095e-35 -0.06442659427251983 -8.3586584531143018 0.26666666666666672 -0.046168551041502297 8.3148528405201922 -3.6409147869674183 -1.2250593743625475 0.62867647058823539 0.51868131868131884 1.0000000180025095e-35 -0.3563492063492063 -0.064915043173519899 0.45037878787878788 1.0000000180025095e-35 0.54964695185674117 -0.043546656210784677
decision_type=8 8 10 10 10 8 8 8 10 10 2 10 8 10 2 10 10
left_child=2 5 16 4 7 13 -5 -4 -6 10 12 -12 -3 14 -2 -8 -1
right_child=1 9 3 6 8 -7 15 -9 -10 -11 11 -13 -14 -15 -16 -17 -18
leaf_value=0.00747341817465673 -0.00342941711706303 0.0030017608529813492 -0.0094400196384590157 -0.0013624284033120137 0.00079586810962003422 -0.0075971541631151837 0.0076279843977512252 -0.0017022542655443854 -0.0045200478009833614 0.0052613021025714225 0.0057293115929799038 -0.0010012340776970323 -0.0014726766790653181 0.0033689356586168759 0.00097912125995914504 0.0023165775495289885 0.0028152061313506537
leaf_weight=28.151520028710365 266.83781114220619 51.399985909461975 20.634067118167877 30.64976455271244 686.42108717560768 46.506011739373207 56.392404988408089 140.80396369099617 38.659396678209305 30.83678674697876 47.999034196138382 51.300376787781715 574.24916870892048 26.257899478077888 70.666755899786949 37.332080647349358 98.432527005672455
leaf_count=120 1122 213 86 129 2823 202 235 583 159 127 198 210 2358 108 294 161 418
internal_value=-0.000221745 -0.00121115 0.000792629 0.00040315 -8.20167e-05 -0.0027138 0.00384344 -0.0027258 0.000508569 -0.000393788 -0.000638921 0.00226857 -0.00110229 -0.0020768 -0.00250625 0.00554348 0.00388469
internal_weight=2303.53 1166.05 1137.48 1010.89 886.519 410.268 124.374 161.438 725.08 755.785 724.949 99.2994 625.649 363.762 337.505 93.7245 126.584
internal_count=9546 4832 4714 4176 3651 1726 525 669 2982 3106 2979 408 2571 1524 1416 396 538
is_linear=0
shrinkage=0.011451


Tree=176
num_leaves=18
num_cat=0
split_feature=0 0 5 3 5 2 3 29 0 3 3 2 27 5 19 5 17
split_gain=21.5525 16.8527 15.4893 10.8106 10.0975 9.62921 8.509 8.10529 7.62393 6.87834 7.32628 6.40768 6.52933 6.28699 5.94614 6.34053 5.7624
threshold=-5.1444216290212159 8.4654346338124569 -1.5662160628670316 -0.029530978575564578 1.9896363536665744 6.3500000000000094 -0.044006948465547362 0.29999999999999855 -9.4072553045858989 0.04215196894065449 -0.057823694003397368 -2.6000000000000081 -0.10664639440131785 0.71297123547192942 0.76388888888888895 -0.69677683389161527 0.17480158730158732
decision_type=8 10 8 8 10 10 8 10 10 10 10 8 8 8 8 10 8
left_child=3 2 9 7 5 -4 -6 13 -5 10 -2 -10 -13 -1 16 -16 -3
right_child=1 14 4 8 6 -7 -8 -9 11 -11 -12 12 -14 -15 15 -17 -18
leaf_value=-0.00070353197874817341 -0.0019921511379069373 -0.0027080090003014875 -0.0008119724760356999 0.0050982566873248418 0.0033768725412953527 0.0016028704205680844 -0.0045787888264137606 0.012623680487680509 -0.003914039970890482 -0.0023792361050908838 0.0042443501079066845 0.0052515084548094351 0.00029808117628957463 0.0079296018514735059 -0.005119855670452457 0.0024560743809000441 -0.010346192778146303
leaf_weight=20.749030947685242 28.567162469029427 21.652045682072639 1188.3359122872353 62.928848683834076 19.921706676483154 264.09213306009769 128.57762809097767 20.364470586180687 34.132049560546875 31.740083530545235 166.88209533691406 44.342448651790619 155.71138574182987 22.785959839820862 37.087379142642021 22.992314293980598 33.983356356620789
leaf_count=88 120 92 4888 269 84 1084 542 85 141 132 693 183 653 94 155 100 144
internal_value=-5.82496e-05 -0.000535658 -0.000266585 0.00250856 -0.000663915 -0.000372356 -0.00350125 0.00675806 0.00158163 0.00252705 0.00332916 0.000624952 0.00140973 0.00386614 -0.00476087 -0.00222541 -0.00744045
internal_weight=2304.85 1943.83 1828.12 361.014 1600.93 1452.43 148.499 63.8995 297.115 227.189 195.449 234.186 200.054 43.535 115.715 60.0797 55.6354
internal_count=9547 8034 7543 1513 6598 5972 626 267 1246 945 813 977 836 182 491 255 236
is_linear=0
shrinkage=0.011451


Tree=177
num_leaves=18
num_cat=0
split_feature=0 0 5 3 12 5 29 3 29 0 26 9 18 2 2 27 5
split_gain=21.0781 16.4922 15.14 10.5887 10.0413 9.87569 9.58655 8.32488 7.96089 7.46392 7.28171 6.34289 6.59704 7.1639 6.26297 6.38756 6.15468
threshold=-5.1444216290212159 8.4654346338124569 -1.5662160628670316 -0.029530978575564578 0.11692109060530111 1.9896363536665744 -17.375108871469447 -0.044006948465547362 0.29999999999999855 -9.4072553045858989 -1.000018245511604 -0.13840072970507747 -0.22613636363636361 2.5499999999999976 -2.6000000000000081 -0.10664639440131785 0.71297123547192942
decision_type=8 10 8 8 10 10 8 8 10 10 10 10 10 8 8 8 8
left_child=3 2 4 8 10 6 -4 -7 16 -5 -2 12 13 -3 -11 -16 -1
right_child=1 11 5 9 -6 7 -8 -9 -10 14 -12 -13 -14 -15 15 -17 -18
leaf_value=-0.00069563719329072623 0.0072056672607544803 -0.00082607689106117821 0.006432528002276343 0.0050458976382862846 0.0064716548653096784 0.0033376705240087665 -0.00049509217700082224 -0.0045300606890135509 0.012509981820522313 -0.003868370212899036 0.00011329830236219907 -0.008080925143244504 0.0021510173978755032 -0.0098158254055731448 0.0051951139502417623 0.00029469537497684166 0.0078474419802623922
leaf_weight=20.751719072461128 21.170291125774384 24.702874168753624 26.021959334611893 62.861024171113968 60.421723991632462 19.932611137628555 1426.3736170679331 128.48019626736641 20.32051756978035 34.147283628582954 145.53375193476677 44.421224638819695 24.979609534144402 21.518110647797585 44.317855283617973 155.70449382066727 22.767907798290253
leaf_count=88 88 104 107 269 255 84 5865 542 85 141 602 189 107 91 183 653 94
internal_value=-5.75585e-05 -0.000529666 -0.000263561 0.0024814 0.00249882 -0.000656365 -0.000368096 -0.00346324 0.00668921 0.00156415 0.00103895 -0.0047112 -0.00255373 -0.00509083 0.000617896 0.00139402 0.00382446
internal_weight=2304.43 1943.56 1827.93 360.871 227.126 1600.81 1452.4 148.413 63.8401 297.031 166.704 115.622 71.2006 46.221 234.17 200.022 43.5196
internal_count=9547 8034 7543 1513 945 6598 5972 626 267 1246 690 491 302 195 977 836 182
is_linear=0
shrinkage=0.011451


Tree=178
num_leaves=18
num_cat=0
split_feature=0 24 19 31 3 4 6 23 22 3 28 23 29 13 31 3 3
split_gain=19.366 11.8125 13.0985 12.0594 13.8862 11.6073 11.3405 9.94096 9.55087 7.51882 8.023 7.35354 8.29414 7.12464 5.75212 9.15311 5.53075
threshold=-2.5503080082135514 -1.0000000180025095e-35 0.86190476190476206 9.1466807386646014 -0.014221459666552303 -1.2002764255632719 -1.0000000180025095e-35 407.22500000000008 -118.49999999999999 -0.055013965235362942 -0.035796913369388825 188.58333333333334 7.2559523809523814 -0.16949884792626721 -8.4523267764543544 0.015973452533597613 -0.0010027763003835897
decision_type=10 2 10 2 8 8 10 10 8 10 10 10 8 8 2 8 10
left_child=5 8 3 7 -5 11 13 -3 -2 -10 -11 12 -1 -7 15 -8 -16
right_child=1 2 -4 4 -6 6 14 -9 9 10 -12 -13 -14 -15 16 -17 -18
leaf_value=-0.0064894744784553277 0.0025441844124628652 -0.0014278142941503173 -0.0067649886476359236 -0.001628815952386531 0.0023420065196275096 -0.0037819357725610162 -0.00099238561062291587 0.0039399040886816091 -0.010603281017433156 -0.00034286291110162658 -0.0061325719012284077 0.0029636540709946308 0.00087588992972085903 0.0014622506723215578 0.0079042303830418152 0.0074739105156229405 0.0033006557345573351
leaf_weight=50.522777125239372 28.157396718859673 739.87423926591873 40.383391126990318 166.35043449699879 374.1612853705883 36.746403768658638 52.66170147061348 47.554368034005165 23.151433140039444 56.932100400328636 69.503217086195946 29.831036955118179 32.722616195678711 371.64382255077362 69.126950740814209 23.801911622285843 70.35564661026001
leaf_count=209 116 3070 167 680 1540 150 216 197 100 235 291 123 135 1531 299 98 307
internal_value=-2.72024e-05 -0.00075545 -0.000393903 -0.000196878 0.00111943 0.00149896 0.00211023 -0.00110061 -0.00352693 -0.00467591 -0.00354093 -0.00186877 -0.0036102 0.000985023 0.00422867 0.00168461 0.00560875
internal_weight=2283.48 1546.07 1368.32 1327.94 540.512 737.413 624.336 787.429 177.744 149.587 126.435 113.076 83.2454 408.39 215.946 76.4636 139.483
internal_count=9464 6396 5654 5487 2220 3068 2601 3267 742 626 526 467 344 1681 920 314 606
is_linear=0
shrinkage=0.011451


Tree=179
num_leaves=18
num_cat=0
split_feature=0 24 4 5 4 15 6 22 23 1 8 18 22 28 14 30 2
split_gain=18.9353 12.7293 11.9247 10.0714 10.4102 13.4386 9.68608 9.61445 9.32031 8.67026 8.14493 8.52618 7.62897 6.83135 5.91276 7.00625 4.92957
threshold=-2.2792607802874723 -1.0000000180025095e-35 -1.2002764255632719 1.770556680449457 -0.12761386621135748 0.36515151515151523 -1.0000000180025095e-35 -118.49999999999999 188.58333333333334 -3.8000000000000109 0.01886753384720322 0.35032467532467537 167.00000000000003 -0.010661651183523999 -0.095049877658573298 -0.49935897435897419 -11.450000000000001
decision_type=10 2 8 10 10 10 10 8 10 8 10 8 10 8 10 10 8
left_child=2 7 8 4 9 -6 12 -2 10 -3 11 -1 16 -9 15 -5 -4
right_child=1 3 6 14 5 -7 -8 13 -10 -11 -12 -13 -14 -15 -16 -17 -18
leaf_value=-0.0098507538608118665 0.0024654145576520534 -0.0025398836722729276 0.0065835228344390869 0.0041847587652341705 0.00093171127780298602 0.0094208315445696994 0.0039229296413845101 -0.001949724952444323 0.0034654279278611391 1.6237110230423317e-05 0.0011809225931345175 -0.0012071327540671192 -0.0057270515359608577 -0.0070037809143625581 -0.0052036067925758734 -0.0036728637931718999 0.0010495190171240943
leaf_weight=34.063541114330292 27.431703090667725 251.76264946162701 21.698595881462097 24.281794086098671 347.50878567993641 25.661426931619644 229.31699134409428 61.385572731494904 31.294688805937767 560.06389728188515 29.58870492875576 26.661161780357361 20.331154614686966 83.314441949129105 83.864433631300926 36.231809213757515 388.49594607949257
leaf_count=140 113 1040 89 105 1428 106 977 253 129 2306 123 110 83 353 354 155 1600
internal_value=-2.69133e-05 -0.000779189 0.00141797 -0.000398939 -5.02978e-05 0.00153114 0.00202513 -0.00370307 -0.00186956 -0.000777889 -0.00372997 -0.00610977 0.0010098 -0.00487838 -0.00324714 -0.000508723 0.00135241
internal_weight=2282.96 1501.51 781.451 1329.37 1185 373.17 659.843 172.132 121.608 811.827 90.3134 60.7247 430.526 144.7 144.378 60.5136 410.195
internal_count=9464 6213 3251 5494 4880 1534 2749 719 502 3346 373 250 1772 606 614 260 1689
is_linear=0
shrinkage=0.011451


Tree=180
num_leaves=18
num_cat=0
split_feature=0 25 5 12 25 18 28 21 28 28 8 15 6 14 0 30 29
split_gain=17.7174 13.4618 13.0969 15.9121 11.8017 10.2056 9.71161 9.56421 10.7303 8.92221 8.34204 8.21459 9.71676 7.25135 6.09469 5.58387 4.2542
threshold=-2.2792607802874723 5.5000000000000009 -0.44115183231110883 0.12047519366598321 1.0000000180025095e-35 -0.38762626262626254 -0.0089693973679521224 1.0000000180025095e-35 -0.1142282092617871 0.0045042809902102405 -0.1009014515493573 -0.43844696969696961 -1.5913679633411344 -0.18715659340659335 -8.524298425735795 -0.077755819060166875 3.3282051282051266
decision_type=10 2 8 8 2 8 8 2 10 8 8 10 10 8 8 8 8
left_child=6 2 3 5 -5 -2 11 13 -9 -8 16 -1 -13 -4 -12 -14 -11
right_child=1 -3 7 4 -6 -7 9 8 -10 10 14 12 15 -15 -16 -17 -18
leaf_value=-0.0031361909183670661 -0.0058751392588724432 -0.0098743830739932668 0.00019060575647909128 0.0053655474570757028 -0.0012126607221358146 0.00010211052015564982 -0.0072538623849373015 0.0012426092827052973 -0.0020573694730805585 -0.00019207005736023109 0.0046185990235136278 -0.0025960951651571177 0.0015601463753984815 -0.0032044381859440462 0.00048886292515382742 0.0054639468172379977 -0.0071690753156085857
leaf_weight=26.716850399971008 45.048256665468216 21.227879643440247 101.34353394806385 125.68480610847473 49.582843378186226 207.30346103012562 19.594762399792671 260.16835902631283 255.40667390823364 20.579013347625732 53.21969872713089 30.091723412275314 69.750806212425232 441.15373328328133 361.27575628459454 158.74068240821362 25.303720906376839
leaf_count=116 185 88 431 521 205 851 81 1066 1067 84 224 124 296 1823 1482 674 104
internal_value=-0.000238377 -0.000958843 -0.00082711 0.000863146 0.00350703 -0.000977504 0.00117991 -0.00151034 -0.000392684 0.00018438 0.00051094 0.00285043 0.00347541 -0.00257075 0.00102563 0.00428021 -0.00408708
internal_weight=2272.19 1506.92 1485.69 427.619 175.268 252.352 765.273 1058.07 515.575 479.973 460.378 285.3 258.583 542.497 414.495 228.491 45.8827
internal_count=9422 6237 6149 1762 726 1036 3185 4387 2133 1975 1894 1210 1094 2254 1706 970 188
is_linear=0
shrinkage=0.011451


Tree=181
num_leaves=17
num_cat=0
split_feature=0 25 31 22 2 28 5 10 6 6 15 4 16 0 0 9
split_gain=17.318 13.1823 13.2725 11.986 11.3848 10.7685 9.17157 9.98717 8.8286 8.28972 9.91226 8.06172 6.90967 6.26597 5.86518 5.32177
threshold=-2.2792607802874723 5.5000000000000009 -30.237826530607887 224.50000000000003 -15.249999999999998 -0.0089693973679521224 2.160225421011043 0.21796450675761023 1.330453854764764 -1.5913679633411344 -0.42678571428571421 1.0879295941466578 -1.0000000180025095e-35 3.0609171800136914 -5.4866529774127288 -0.15224722253394674
decision_type=10 2 2 10 10 8 10 10 10 10 10 10 2 10 8 8
left_child=3 2 4 5 13 9 7 -4 -6 -1 -11 -8 14 -2 -7 -14
right_child=1 -3 6 -5 8 12 11 -9 -10 10 -12 -13 15 -15 -16 -17
leaf_value=-0.0023691096871423039 -0.010914168332215311 -0.0097755665261954269 -0.00027438118208214144 -0.0056697500578489239 -0.0024785005240066343 0.00084895362593612785 -0.0087370938935672927 0.0033390768263153294 0.00274001531536204 -0.00283940641576455 0.0047741926344070972 -0.00044198350757920432 -0.0024010142614285909 -0.0030649984258658567 -0.0043889910489737184 0.001745866748288598
leaf_weight=29.835353940725327 29.426898673176765 21.203760862350464 885.12340399622917 31.579570755362511 323.79115600883961 50.262582033872604 28.852366238832474 112.44172541797161 48.360223919153214 24.581997022032738 215.41225980222225 32.195695713162422 46.201384082436562 25.219242602586746 62.196822598576546 305.01213297247887
leaf_count=123 127 88 3618 131 1374 206 123 460 200 107 916 133 189 114 254 1259
internal_value=-0.000235775 -0.000948134 -0.000817822 0.00116662 -0.00252086 0.0014658 -0.000130068 0.00013486 -0.0017967 0.00328161 0.00398868 -0.00441412 0.000405934 -0.0073719 -0.00205669 0.00119686
internal_weight=2271.7 1506.61 1485.41 765.082 426.798 733.503 1058.61 997.565 372.151 269.83 239.994 61.0481 463.673 54.6461 112.459 351.214
internal_count=9422 6237 6149 3185 1815 3054 4334 4078 1574 1146 1023 256 1908 241 460 1448
is_linear=0
shrinkage=0.011451


Tree=182
num_leaves=18
num_cat=0
split_feature=0 5 11 22 16 3 27 15 13 3 0 29 12 5 11 4 5
split_gain=18.5216 13.8018 11.0645 11.0285 10.8197 12.7768 10.3663 10.0744 9.75114 8.12629 7.63447 7.15667 7.10089 6.82434 5.76908 4.81308 4.26699
threshold=0.85147159479808299 2.5238067047730648 0.08017427221777941 308.50000000000006 -1.0000000180025095e-35 -0.067286105656196013 -0.238542350380746 -0.082843137254901944 0.19543650793650796 0.065803108808290114 12.951403148528408 -4.8636904761904756 -0.090970849802371564 -1.8728357051458888 0.15821541431217803 0.69687742953538645 -0.071164458810124329
decision_type=8 10 10 10 2 10 8 8 10 10 8 8 10 8 10 10 10
left_child=2 3 4 10 5 -1 -7 14 12 13 11 -2 -9 -6 16 -3 -4
right_child=1 15 7 -5 9 6 -8 8 -10 -11 -12 -13 -14 -15 -16 -17 -18
leaf_value=-0.0093942684834441258 -0.0027137856262140266 -0.010551417444663732 0.0047848842682429614 -0.006455415747994876 0.0048345532507918718 -0.0074344463229879974 0.00011363635332117793 0.0033493676868299976 0.00011567260089278647 0.0068788941618161976 -0.0060068530237320523 0.00015174851585655539 0.0096712494694240377 0.00064054325588820422 -0.0036821546805710999 -0.003619160479181966 -0.0018704218053484706
leaf_weight=23.552838295698166 134.75973537564278 23.231184616684914 35.470190316438675 42.033161878585815 54.25471243262291 26.010686919093132 225.88676868379116 40.297808170318604 35.380770087242126 30.927576616406441 31.159249916672707 731.82740117609501 58.079696580767632 696.49764356017113 30.686470404267311 31.640746146440506 18.973617315292358
leaf_count=99 558 106 154 179 231 107 928 167 154 128 130 3024 243 2865 132 136 79
internal_value=7.36925e-05 -0.00109729 0.000986564 -0.000768917 0.000500404 -0.00144884 -0.000683233 0.00332589 0.005278 0.00118793 -0.000498106 -0.000295593 0.00712139 0.000947629 0.00024164 -0.00664496 0.00247091
internal_weight=2270.67 994.651 1276.02 939.78 1057.13 275.45 251.897 218.889 133.758 781.68 897.746 866.587 98.3775 750.752 85.1303 54.8719 54.4438
internal_count=9420 4133 5287 3891 4358 1134 1035 929 564 3224 3712 3582 410 3096 365 242 233
is_linear=0
shrinkage=0.011451


Tree=183
num_leaves=18
num_cat=0
split_feature=6 16 13 10 3 23 5 1 10 17 4 5 29 2 5 3 8
split_gain=14.3688 14.5607 12.5249 12.2163 13.575 8.64403 8.49645 10.6383 8.73424 6.86222 6.84523 10.8944 9.48042 9.44246 6.59615 7.22495 6.59298
threshold=-1.1358461105283975 -1.0000000180025095e-35 -0.15430402930402926 0.21796450675761023 -0.079959497250343611 -33.551190476190463 -1.6020040422154045 -7.6000000000000076 -0.25021360432496093 -0.30662393162393159 1.8003204235474317 -1.9999820682386484 12.506089743589746 -7.700000000000002 1.9084653674537362 0.033462028461339062 -0.047152366165810942
decision_type=8 2 10 10 8 8 8 8 8 10 10 10 8 10 10 8 10
left_child=1 2 -1 4 -2 -4 7 -6 -8 -7 11 -3 -12 -13 15 -5 -16
right_child=3 10 5 14 6 9 8 -9 -10 -11 12 13 -14 -15 16 -17 -18
leaf_value=-0.0084523522937859866 -0.0087826921361345411 0.0069686990221354628 -0.0065457326698068309 0.0033009291509375647 -0.0042301662690346162 -0.0021157837492748873 -0.0026112116165558125 0.0034051951811357372 0.00032064803771893961 0.0056103217603127396 0.0091043734034542412 -0.0071316157780118936 -0.0011618041596203916 -0.00064886102023792433 -0.0051568147833313208 0.010055401917670891 0.0040864399331136895
leaf_weight=63.233876407146454 21.024210572242737 19.821378409862518 34.524347871541977 102.80857473611832 26.800077363848686 44.478356242179871 147.98393461108208 189.41629540920258 1284.6974550783634 21.974456161260605 22.182212486863136 35.15477629005909 24.112085416913033 166.98546269536018 20.055806249380112 25.818373188376427 19.127580657601357
leaf_count=274 87 82 142 426 112 183 611 796 5310 90 91 152 99 693 84 109 79
internal_value=7.27925e-05 -0.00180355 -0.00448166 0.000514837 0.000218256 -0.00195624 0.000336504 0.00244876 1.67443e-05 0.000469235 -0.000157164 -0.000994813 0.00381637 -0.00179591 0.00345372 0.0047013 -0.00065175
internal_weight=2270.2 432.467 164.211 1837.73 1669.92 100.977 1648.9 216.216 1432.68 66.4528 268.256 221.962 46.2943 202.14 167.81 128.627 39.1834
internal_count=9420 1806 689 7614 6916 415 6829 908 5921 273 1117 927 190 845 698 535 163
is_linear=0
shrinkage=0.011451


Tree=184
num_leaves=18
num_cat=0
split_feature=24 2 8 11 2 12 31 4 21 31 29 3 12 21 9 8 13
split_gain=14.3492 15.9255 12.7282 12.3848 10.3976 10.1377 12.3163 10.1247 9.97939 9.92501 10.1628 9.66962 9.0351 10.9548 8.97718 7.43859 6.23666
threshold=-1.0000000180025095e-35 -20.399999999999988 0.076656568499487307 0.074982761687048774 -10.100000000000007 0.56698717948717958 18.206790082733395 0.23423966182987391 -9.4999999999999982 -61.134083758287368 -3.5318181818181809 0.015973452533597613 0.15751700906780322 -2.4999999999999996 -0.63564213564213545 0.027631713846700021 0.28452380952380957
decision_type=2 10 10 8 10 8 2 10 2 2 8 8 10 2 8 10 10
left_child=1 -1 3 4 7 16 -7 -2 15 -10 -11 12 13 -4 -6 -3 -5
right_child=2 8 11 5 14 6 -8 -9 9 10 -12 -13 -14 -15 -16 -17 -18
leaf_value=-0.011896756899871356 -0.0065457482991581953 -0.0015277492596953983 0.004154787924536732 0.0037531903753955263 0.0065855871881748754 -0.0011112770039921327 0.0023561329735949715 0.0005862137298607926 -0.0074226295586407318 0.0031044491055510228 -0.0030771783169156303 0.0049006393129084258 0.0043058295659359506 -0.0022119666207663729 -0.00092837463030037302 0.0062388143523234236 -0.0012456202242323168
leaf_weight=20.907475560903549 83.196736246347427 32.399203062057495 47.87021841108799 180.86509039998055 20.888851076364517 419.76290334761143 196.73025654256344 37.746682673692703 47.561440572142601 45.314455106854439 144.49795714020729 114.13713386654854 71.394971534609795 130.72053746879101 644.45472477376461 31.210748925805092 39.58362840116024
leaf_count=91 352 135 199 746 88 1714 820 158 203 188 598 479 300 541 2671 130 169
internal_value=-0.000147461 -0.00238774 0.000216071 -0.000218202 -0.00124962 0.000751012 -3.44363e-06 -0.00432878 -0.00170252 -0.00278067 -0.00159575 0.0021489 0.000882897 -0.000496344 -0.000686151 0.00230801 0.00285456
internal_weight=2309.24 321.891 1987.35 1623.23 786.287 836.942 616.493 120.943 300.984 237.374 189.812 364.123 249.986 178.591 665.344 63.61 220.449
internal_count=9582 1345 8237 6718 3269 3449 2534 510 1254 989 786 1519 1040 740 2759 265 915
is_linear=0
shrinkage=0.011451


Tree=185
num_leaves=18
num_cat=0
split_feature=21 2 2 21 13 5 21 5 28 6 3 10 3 13 31 5 2
split_gain=13.6948 41.5956 17.1141 17.7422 12.4427 12.3418 11.7619 11.697 17.0553 11.1601 10.8695 10.0688 10.0511 9.90334 9.89674 8.69323 6.85407
threshold=1.0000000180025095e-35 22.849999999999998 -15.200000000000001 -1.4999999999999998 0.32379032258064527 -1.5662160628670316 1.5000000000000002 -0.083650755082027115 0.0089693973679521258 -0.089047459308090007 -0.057823694003397368 -0.28288029036230472 0.015061534429554603 -0.33095238095238094 88.455892247709144 -0.071164458810124329 -2.5499999999999967
decision_type=2 8 10 2 10 8 2 8 10 8 10 8 10 8 2 10 10
left_child=2 4 3 10 7 -4 -3 12 -9 -5 -1 15 -2 -13 16 -7 -6
right_child=1 6 5 9 14 11 -8 8 -10 -11 -12 13 -14 -15 -16 -17 -18
leaf_value=-0.011092409828665856 0.0009850459681700278 0.0026652165913053577 0.0027400326910234614 -0.0093866204210309775 -0.0017556813327258372 -0.008681997166702933 0.011667413127623686 0.0010378014980049915 -0.0032881996379706359 -6.7512296581788262e-05 -0.0010736150427006863 0.0033094082585943636 0.0056060452598224774 -0.00088072399474952334 0.0013591265523562226 -6.4627856498548493e-05 -0.01006228619739106
leaf_weight=53.395370483398438 194.13091436028481 29.782655075192451 146.82984673976898 19.093141376972198 21.63807587325573 37.459464713931084 54.533993765711784 355.89583376049995 179.09493355453014 114.64163871109486 19.464479625225067 80.599396452307701 90.087372705340385 824.01219880580902 29.105230882763863 25.715018674731255 33.362127989530563
leaf_count=232 802 125 619 81 89 154 233 1465 754 469 81 340 373 3393 126 107 139
internal_value=-0.0001458 0.000873902 -0.000908102 -0.00392974 0.00015324 -0.000346038 0.0085332 0.000584954 -0.000412659 -0.00143771 -0.00844969 -0.000815802 0.00245938 -0.000505241 -0.00402347 -0.0052114 -0.00685413
internal_weight=2308.84 987.631 1321.21 206.595 903.314 1114.62 84.3166 819.209 534.991 133.735 72.8599 967.786 284.218 904.612 84.1054 63.1745 55.0002
internal_count=9582 4106 5476 863 3748 4613 358 3394 2219 550 313 3994 1175 3733 354 261 228
is_linear=0
shrinkage=0.011451


Tree=186
num_leaves=18
num_cat=0
split_feature=0 5 11 13 3 0 31 5 18 3 8 7 28 2 23 25 28
split_gain=16.4271 13.5113 13.2229 11.4884 12.1949 12.7932 9.54012 12.7254 9.37576 11.7543 8.64414 8.28228 8.17766 10.7516 10.3966 6.20048 8.65775
threshold=5.3579739904175225 0.083975206586399578 -0.10521647346944672 -0.33095238095238094 0.062433562526044602 -2.9924709103353861 24.443882669029794 3.0507247516811815 -0.21428571428571425 0.014024327876869027 0.036119253904442518 -1.3015345854179472 -0.0089693973679521224 -10.200000000000001 -396.47142857142859 1.5000000000000002 0.11936948794684051
decision_type=8 8 8 10 8 10 2 8 8 8 10 10 10 8 10 2 10
left_child=1 2 10 6 5 -5 7 -3 11 15 -1 -2 14 -14 -4 16 -10
right_child=8 3 12 4 -6 -7 -8 -9 9 -11 -12 -13 13 -15 -16 -17 -18
leaf_value=-0.005972313288099983 0.00076420319746631628 0.0040209223224476056 -0.0026981717767107314 0.00085225787515832768 0.0046141376288941225 -0.002910031971066917 0.0038579327772978625 -0.00059011194709619296 0.0044096789134847308 -0.0033650513098355461 0.0010090903545219381 -0.0080160035032611938 -0.0067294111940050987 0.0018431886035716954 0.0044930306882406106 -0.0027432878273903351 -0.0029787214212016427
leaf_weight=40.182476371526718 19.327261954545975 99.002041578292847 28.458407506346703 181.35828143358231 44.311240553855896 339.99423603713512 133.20411935448647 368.674908593297 85.324381813406944 134.32845166325569 53.632038459181786 50.245850369334221 19.735325619578362 326.27637299895287 300.47379539906979 36.906487882137299 26.913956522941589
leaf_count=166 81 416 120 745 184 1400 558 1507 354 565 221 211 81 1348 1267 155 118
internal_value=0.000422937 0.000837411 0.00201533 6.04562e-05 -0.0011101 -0.00160186 0.00116241 0.000390301 -0.0018464 -0.000916051 -0.00200209 -0.00559268 0.00257515 0.00134231 0.00386669 0.00129479 0.00263091
internal_weight=2288.35 1935.3 768.758 1166.54 565.664 521.353 600.881 467.677 353.046 283.473 93.8145 69.5731 674.944 346.012 328.932 149.145 112.238
internal_count=9497 8013 3203 4810 2329 2145 2481 1923 1484 1192 387 292 2816 1429 1387 627 472
is_linear=0
shrinkage=0.011451


Tree=187
num_leaves=18
num_cat=0
split_feature=0 5 10 15 31 9 26 18 3 19 3 8 19 1 0 16 1
split_gain=16.0607 13.2079 12.5691 11.3576 10.717 12.3913 10.0048 9.17742 11.4918 7.71813 7.1806 7.06995 6.7471 10.9173 7.56301 6.07211 6.83657
threshold=5.3579739904175225 0.083975206586399578 -0.28288029036230472 0.11145617667356798 23.182160606342453 0.017821852060982499 -0.27585151006534075 -0.21428571428571425 0.014024327876869027 0.30732323232323239 -0.042148662503797611 -0.0012399995780016102 -0.30732323232323228 -5.0499999999999963 -11.419575633127991 1.0000000180025095e-35 -2.6000000000000081
decision_type=8 8 10 8 2 10 10 8 8 10 10 8 8 10 10 2 8
left_child=1 2 3 6 12 10 -1 -2 -9 11 -6 -4 13 -3 -14 16 -10
right_child=7 4 9 -5 5 -7 -8 8 15 -11 -12 -13 14 -15 -16 -17 -18
leaf_value=0.0011891743808844757 -0.0055345117224694764 -0.0045748321544216673 0.001752015122874821 0.00443791221757264 0.0063273343982587008 -0.00232884024649899 -0.0058257143484646496 0.001279776126553485 -0.008536018724796153 -0.00042564214937669586 0.0018883440413862993 0.0044055825321949295 0.0067109860731749829 0.0049991841447461875 -0.0011116076310952164 0.00063399745351257414 -0.0023256159626557243
leaf_weight=45.514038860797882 69.509114786982536 20.492357537150383 240.19553838670254 36.461941570043564 64.579417183995247 71.650807440280914 63.046250194311142 149.15742412209511 38.4369947463274 88.764761701226234 182.38428921997547 294.50392659008503 15.910427153110502 59.681282609701157 751.70579513907433 36.717022702097893 59.115080133080482
leaf_count=189 292 85 993 151 272 297 263 627 162 368 755 1239 66 246 3089 153 250
internal_value=0.000418156 0.000828008 0.00199288 -0.00103979 5.98346e-05 0.0018481 -0.00289534 -0.0018261 -0.000905845 0.00269866 0.00306294 0.0032172 -0.000613148 0.00253463 -0.000943819 -0.00332818 -0.00481369
internal_weight=2287.83 1934.89 768.486 145.022 1166.4 318.615 108.56 352.936 283.427 623.464 246.964 534.699 847.79 80.1736 767.616 134.269 97.5521
internal_count=9497 8013 3203 603 4810 1324 452 1484 1192 2600 1027 2232 3486 331 3155 565 412
is_linear=0
shrinkage=0.011451


Tree=188
num_leaves=18
num_cat=0
split_feature=12 0 24 9 19 18 8 10 18 30 23 19 0 27 26 13 21
split_gain=14.3524 13.2479 12.1696 13.0737 12.5694 11.4798 9.92962 10.4105 8.58817 10.1442 9.79702 8.91236 7.24001 7.86006 6.73426 6.13696 6.08517
threshold=-0.11774125179519294 9.2648870636550296 -1.0000000180025095e-35 0.29664744051910602 -0.88194444444444431 0.33578431372549028 0.059612845954409001 0.20693903069988284 0.60357142857142876 -0.023809523809523819 -95.897817460317427 0.050000000000000024 -0.093086926762490294 -0.004098208445726558 0.27357702111027493 -0.085714285714285701 1.0000000180025095e-35
decision_type=8 8 2 8 8 10 8 10 8 8 10 8 8 10 10 10 2
left_child=6 2 3 15 -4 -6 8 12 10 -10 14 -12 -8 -14 -1 -2 -3
right_child=1 16 4 -5 5 -7 7 -9 9 -11 11 -13 13 -15 -16 -17 -18
leaf_value=-0.0092827952654211624 -0.0034629856606945989 -0.0078933238648892304 0.0076470142676647564 -0.0055172544211240133 0.00073100558123662313 0.0040569323953135381 0.0049356886167100907 -0.0065365407223134135 0.0051657608291142514 -0.0027193546744394611 0.00021785144858285765 -0.0046812135853330702 0.0052874388638427345 -0.0032364791359197139 -0.0022888349660367003 0.0016919325748231382 -0.0012530815810559194
leaf_weight=52.184349566698074 40.560625985264778 30.657885774970055 38.729447588324547 73.791223779320717 1271.0159073621035 151.81416979432106 63.260729685425758 20.082155466079712 36.38246987760067 49.99781659245491 102.17574621737003 92.260762378573418 20.211248517036438 43.629556447267532 28.243883922696114 113.48244746029377 43.587970554828644
leaf_count=219 170 130 162 310 5260 629 262 83 152 211 423 386 85 180 119 471 183
internal_value=0.00018372 0.000672413 0.000881044 -0.00157731 0.0012648 0.0010876 -0.00151013 0.00099377 -0.00253026 0.000615817 -0.00351806 -0.00211478 0.0022113 -0.00051131 -0.00686551 0.000325587 -0.00404057
internal_weight=2272.07 1763.64 1689.39 227.834 1461.56 1422.83 508.429 147.184 361.245 86.3803 274.865 194.437 127.102 63.8408 80.4282 154.043 74.2459
internal_count=9435 7315 7002 951 6051 5889 2120 610 1510 363 1147 809 527 265 338 641 313
is_linear=0
shrinkage=0.011451


Tree=189
num_leaves=17
num_cat=0
split_feature=12 0 31 14 24 9 2 19 22 10 19 31 2 21 11 3
split_gain=14.0305 12.9579 12.6858 15.6449 12.4428 10.9484 8.6235 8.44165 7.51954 8.73689 7.33525 6.49679 6.32756 5.9643 9.72161 4.50142
threshold=-0.11774125179519294 9.2648870636550296 15.459098627358914 -0.54356060606060586 -1.0000000180025095e-35 0.29239890544238373 7.6000000000000094 -0.96153846153846145 -174.49999999999997 -0.12691729412926581 0.60357142857142876 65.914637130072506 -3.8000000000000109 1.0000000180025095e-35 0.14850236429094157 1.0000000180025095e-35
decision_type=8 8 2 8 2 8 8 8 10 8 10 2 10 2 8 10
left_child=8 2 3 -2 5 -4 -6 -5 9 -1 11 12 -10 -3 -15 -13
right_child=1 13 4 7 6 -7 -8 -9 10 -11 -12 15 -14 14 -16 -17
leaf_value=0.007936078807440539 0.0073773311761904693 -0.0078160905894379736 0.00092239593498583084 0.0059765784647815802 0.0018744423606180502 -0.0088241851800764971 0.005131190582814805 -0.00033736140208317632 -0.0040504594441988168 -0.0012968116589411082 -0.0079514327108073969 0.0062095587787055345 -0.00099209410874131652 -0.006269526387851285 0.004406369738831217 -0.0013401110425442892
leaf_weight=22.137805059552193 36.756517946720123 30.613098695874214 41.834206521511078 27.901244044303894 423.19908557832241 22.900620847940445 142.58949880301952 994.10513009130955 136.90614385902882 32.356907203793526 24.814547151327133 21.579406037926674 251.50130940973759 23.006895780563354 20.573111206293106 19.011564552783966
leaf_count=92 152 130 176 115 1763 96 607 4093 575 135 104 90 1045 98 85 79
internal_value=0.00018158 0.000664756 0.000871034 0.000104936 0.00215599 -0.00258004 0.00270025 -0.000161227 -0.00149339 0.00250422 -0.00197639 -0.00161904 -0.00207517 -0.00399807 -0.00123917 0.0027088
internal_weight=2271.79 1763.48 1689.29 1058.76 630.523 64.7348 565.789 1022.01 508.308 54.4947 453.813 428.998 388.407 74.1931 43.58 40.591
internal_count=9435 7315 7002 4360 2642 272 2370 4208 2120 227 1893 1789 1620 313 183 169
is_linear=0
shrinkage=0.011451


Tree=190
num_leaves=16
num_cat=0
split_feature=31 28 2 21 21 19 6 31 28 23 29 3 1 30 31
split_gain=15.7677 14.2522 10.7267 16.7269 9.33898 10.4038 8.98408 8.55509 8.53151 10.1229 7.68796 7.546 7.16691 6.40793 1.16511
threshold=-17.97351701142895 -0.30091323658690605 -19.049999999999994 -1.0000000180025095e-35 13.500000000000002 0.31980519480519481 0.405362681698621 -7.9334995683446996 -0.17267179215650483 45.69375000000003 -15.975288600288602 -0.044006948465547362 -2.5499999999999967 -0.068181818181818191 -43.819926509788722
decision_type=2 8 10 2 2 10 10 2 8 10 8 8 10 10 2
left_child=1 -1 3 14 5 8 -6 -7 9 -2 -4 -12 -10 -9 -3
right_child=4 2 10 -5 6 7 -8 13 12 -11 11 -13 -14 -15 -16
leaf_value=0.0069626570754440318 0.00091900947157316695 -0.0081565538164589668 0.0053251525377181188 0.00079105347233656418 -0.0074453131606825075 0.0050431382633913105 0.0016873009648663314 -0.004803269823203081 -0.00059087161229782093 0.0063519689997428566 0.0020744727539115998 -0.0018537801262210022 0.0014199864985803314 -0.00030474811812933322 -0.012616577259093964
leaf_weight=25.313844740390778 96.320610746741295 25.016105204820633 22.122512251138687 30.10456520318985 35.232965782284737 21.06600221991539 22.946171179413795 84.306175321340561 341.27548585832119 84.126821473240852 71.129411533474922 607.42245656251907 725.89018258452415 81.38793209195137 18.9543417096138
leaf_count=104 406 115 92 125 146 86 94 348 1403 354 298 2533 3000 337 81
internal_value=-8.82342e-05 -0.00138466 -0.00166312 -0.0057884 0.000607006 0.000790092 -0.00386492 -0.00172632 0.0011675 0.0034659 -0.00122194 -0.00144038 0.000776954 -0.00260364 -0.0102379
internal_weight=2292.62 800.063 774.749 74.075 1492.55 1434.37 58.1791 186.76 1247.61 180.447 700.674 678.552 1067.17 165.694 43.9704
internal_count=9522 3348 3244 321 6174 5934 240 771 5163 760 2923 2831 4403 685 196
is_linear=0
shrinkage=0.011451


Tree=191
num_leaves=18
num_cat=0
split_feature=0 23 28 5 14 31 9 0 12 6 13 11 28 22 28 28 28
split_gain=16.7234 14.4778 13.9766 13.4261 12.7867 10.9901 12.6925 12.3831 9.07595 8.93375 8.64936 6.57455 6.0442 5.07789 4.43762 5.39792 3.32217
threshold=-6.9527720739219694 415.37500000000006 0.044840457736668976 -0.083650755082027115 0.2085622710622711 4.2621495513324144 0.53879598662207362 -1.9383983572895269 -1.0000000180025095e-35 -1.6523205828725931 -0.066666666666666666 0.05204977771998099 -0.16637906483306122 -56.499999999999993 0.014686532646793858 -0.049056000853390881 0.055171607156194617
decision_type=8 10 10 10 8 2 10 10 8 10 10 10 10 10 10 10 10
left_child=10 2 5 4 -4 7 -7 -2 -3 -5 13 16 -12 -1 15 -14 -10
right_child=1 8 3 9 -6 6 -8 -9 11 -11 12 -13 14 -15 -16 -17 -18
leaf_value=0.0020577374658420633 0.0012403479559188761 -0.0017202545419482483 0.00077617081882185729 -0.0065189195486967805 -0.0053874068353042788 0.0014643108534804527 -0.0071413354794577872 -0.0018627127584810593 0.00011312502073291309 -0.0023205450718251234 0.010206540257143329 0.0097955765446581956 0.0046817037326562921 -0.0040460160926898605 0.0063708307666463749 -0.0029437992806653954 0.0061327350791984406
leaf_weight=61.993658989667892 244.4192673265934 29.303763598203659 236.7617604881525 104.75876450538635 53.553721353411674 597.67985568940639 22.700340494513512 540.50474122166634 25.309939235448837 183.31382694840431 23.720632120966911 30.684246361255646 26.693188920617104 24.345452904701233 42.900279134511948 21.330331340432167 22.279700011014938
leaf_count=259 995 121 978 450 221 2480 96 2235 105 767 106 128 117 99 181 91 93
internal_value=-8.72571e-05 -0.000390811 -0.000613146 -0.00211029 -0.000370488 3.7438e-06 0.00114214 -0.000896212 0.00368762 -0.00385876 0.00306218 0.00570964 0.00511443 0.000318924 0.00372174 0.00130076 0.0029768
internal_weight=2292.25 2091.27 1983.69 578.388 290.315 1405.3 620.38 784.924 107.578 288.073 200.984 78.2739 114.644 86.3391 90.9238 48.0235 47.5896
internal_count=9522 8669 8222 2416 1199 5806 2576 3230 447 1217 853 326 495 358 389 208 198
is_linear=0
shrinkage=0.011451


Tree=192
num_leaves=17
num_cat=0
split_feature=11 25 1 19 6 21 10 24 4 10 2 29 19 10 20 28
split_gain=11.7863 10.5608 8.74438 12.1867 8.20084 10.3416 9.57677 6.74813 7.54118 10.2028 6.50868 7.95634 8.78497 6.80299 6.40906 4.23021
threshold=0.065312056490497941 -4.4999999999999991 7.6500000000000066 0.077350427350427367 -1.0000000180025095e-35 -1.0000000180025095e-35 0.1130340357663986 -1.0000000180025095e-35 0.12761386621135754 0.22960668320544908 19.050000000000001 10.197222222222225 -0.048809523809523796 0.19993155638661883 1.0000000180025095e-35 -0.033936920493669219
decision_type=10 2 8 10 8 2 8 2 10 10 8 8 8 10 8 8
left_child=1 14 4 15 6 -6 -3 8 -2 -10 11 13 -13 -9 -1 -4
right_child=7 2 3 -5 5 -7 -8 10 9 -11 -12 12 -14 -15 -16 -17
leaf_value=0.0010256283829247826 -0.0062414176444983392 -0.0032077671329312106 0.0083256815776939948 -0.003961272740862473 -0.0014494893332161621 0.00084714796730264838 -1.4629169492431065e-05 0.002093849529760479 0.0053029734026076997 -0.0051258259610263441 0.0072041719256573222 0.005257677490557694 -0.0016955943414493292 0.0066019828582039863 0.010302928154145958 0.0027358388664500155
leaf_weight=19.843192785978317 26.061443537473679 284.22998456656933 20.595383688807487 34.359279900789261 422.70330613851547 653.95954249799252 216.96109217405319 177.22202184796333 31.030515342950821 19.467189624905586 33.022877439856529 29.616720393300056 111.14374454319477 58.206057861447334 18.877370730042458 117.9067829400301
leaf_count=82 108 1194 86 142 1753 2693 904 740 131 81 143 124 463 241 79 487
internal_value=0.000211058 -0.000218514 -0.000350303 0.00208987 -0.000618401 -5.48605e-05 -0.00182733 0.00179162 -0.00131971 0.00126828 0.0023749 0.00193906 -0.000214809 0.00322382 0.00564583 0.00360274
internal_weight=2275.21 1789.44 1750.72 172.861 1577.85 1076.66 501.191 485.771 76.5591 50.4977 409.211 376.189 140.76 235.428 38.7206 138.502
internal_count=9451 7420 7259 715 6544 4446 2098 2031 320 212 1711 1568 587 981 161 573
is_linear=0
shrinkage=0.011451


Tree=193
num_leaves=14
num_cat=0
split_feature=0 5 0 3 9 22 21 3 21 19 27 9 22
split_gain=16.9468 14.2356 12.8598 11.7192 9.42523 9.01885 10.2933 8.27708 20.9685 7.83374 6.83176 6.27154 4.0982
threshold=-12.765229295003422 -1.5662160628670316 1.834360027378507 0.055016310770407868 0.13162019468734534 217.50000000000003 1.0000000180025095e-35 0.05138694394056454 1.0000000180025095e-35 -0.080555555555555533 0.16385197067625959 -0.14958424827990044 496.50000000000006
decision_type=8 8 10 10 10 10 2 8 2 10 10 8 10
left_child=-1 3 7 4 11 6 -4 9 -9 -3 -6 -2 -7
right_child=1 2 5 -5 10 12 -8 8 -10 -11 -12 -13 -14
leaf_value=0.010771894639924276 0.0055169651833442196 0.00078918776011198703 -0.0026906309355344809 -0.0048466923366890591 0.0098923437747595079 -0.0078820348071007018 0.00017175079372104874 6.2795314925112041e-05 0.0074220377236431873 -0.0013017856964480266 0.0034000344547107176 0.00037504899315749451 -0.0013241844798268204
leaf_weight=19.08020131289959 40.855790570378304 650.26523193717003 288.10045431554317 25.016493067145348 38.476848065853119 38.478245466947556 383.37093183398247 157.98059152066708 74.153627842664719 366.97344022989273 48.927569001913071 124.43891134858131 18.808308437466621
leaf_count=82 171 2680 1207 105 162 165 1588 650 315 1511 211 522 82
internal_value=0.000208762 0.000116281 -0.000224843 0.00254081 0.00328292 -0.00143304 -0.00105782 0.000480284 0.00242809 3.45032e-05 0.00631099 0.00166293 -0.00576873
internal_weight=2274.93 2255.85 1978.13 277.716 252.699 728.758 671.471 1249.37 232.134 1017.24 87.4044 165.295 57.2866
internal_count=9451 9369 8198 1171 1066 3042 2795 5156 965 4191 373 693 247
is_linear=0
shrinkage=0.011451


Tree=194
num_leaves=18
num_cat=0
split_feature=6 2 23 14 31 11 14 28 3 28 29 14 6 22 20 29 6
split_gain=12.54 12.5792 10.8878 11.518 14.4064 9.15835 8.79697 8.07919 10.6693 9.86745 8.35626 8.11436 6.95532 6.27316 5.97623 5.1551 7.00556
threshold=-1.7111551765522741 -13.950000000000001 138.00000000000006 -0.59545454545454535 -50.839220195901923 0.14340737142529728 0.19486928104575166 0.024719496192692553 0.041046086409918532 0.096994568021407337 -5.9226598280946083 0.60158730158730178 0.90450890771318071 -10.499999999999998 -0.16369047619047614 -1.0000000180025095e-35 -3.3498666560792905
decision_type=8 10 10 8 2 10 10 10 10 10 8 8 10 10 8 10 10
left_child=1 -1 3 13 14 15 -6 10 9 -9 12 -12 -4 -2 -5 -3 -17
right_child=2 5 7 4 6 -7 -8 8 -10 -11 11 -13 -14 -15 -16 16 -18
leaf_value=-0.0091495761025051827 0.00015858320522219401 -0.0039095122554048296 -0.0050585707438800566 -0.0088950698875039785 0.00020668884763561663 0.003719603080625192 -0.0027646368648031388 -0.0033414156671857983 -0.0076257305152443843 0.0029839936187698274 0.0048897337024847547 -0.0024274294511992299 0.0038616594812952041 0.0081242467755006827 -0.0026708808984192717 -0.0057083572596899586 0.0012415389368964421
leaf_weight=32.133210673928261 22.102383643388748 135.12187968194485 26.765473052859306 22.281333014369011 1174.6971358656883 35.757420256733894 146.33276309072971 47.655991926789284 21.530838683247566 97.238114416599274 174.7465415596962 22.008937254548073 19.071263298392296 30.783699125051498 185.05553960800171 24.636407479643822 75.998571753501892
leaf_count=141 92 567 111 94 4849 147 613 198 89 405 731 94 80 128 785 104 315
internal_value=-0.000282233 -0.00244714 4.87626e-05 -0.000382123 -0.000564787 -0.00163357 -0.000123671 0.00171248 -0.000230773 0.000897812 0.00304261 0.00406584 -0.00134499 0.00483836 -0.00336597 -0.00245365 -0.000486076
internal_weight=2293.92 303.647 1990.27 1581.25 1528.37 271.514 1321.03 409.017 166.425 144.894 242.592 196.755 45.8367 52.8861 207.337 235.757 100.635
internal_count=9543 1274 8269 6561 6341 1133 5462 1708 692 603 1016 825 191 220 879 986 419
is_linear=0
shrinkage=0.011451


Tree=195
num_leaves=18
num_cat=0
split_feature=0 24 26 25 6 27 2 10 27 17 31 14 26 9 26 3 4
split_gain=14.2216 10.1009 12.3209 10.0432 9.98687 9.90769 8.99173 8.66012 7.8701 7.24853 7.00288 10.4845 10.6519 8.16699 8.17559 7.93589 7.45742
threshold=2.557152635181382 1.0000000180025095e-35 -0.054823416675644769 -4.4999999999999991 -0.99968264043160893 -0.027554571481193391 -15.249999999999998 -0.1495618889401171 -0.022878440012726462 -0.4260504201680671 15.459098627358914 -0.60158730158730156 -0.45254998579335931 0.17884566488685485 0.074487451590609585 -0.00067675454776738853 -2.1334757454383619
decision_type=10 2 8 2 8 10 10 10 8 10 2 8 8 8 10 8 8
left_child=1 3 5 -1 6 -3 -5 -4 -6 -9 11 -2 -13 14 -12 -16 -14
right_child=10 2 7 4 8 -7 -8 9 -10 -11 13 12 16 -15 15 -17 -18
leaf_value=0.0057849475116858668 0.0054157960433435653 -0.0074529830904134274 0.00022175722683365567 -0.0090713364313444629 0.00233513459716046 0.0020716800204783337 -0.0014960433134305058 0.010758700478615475 -0.0001420805254546274 0.0038224008330183259 -0.0049284640079334772 0.00094469317792175169 -0.0093495738450043286 0.0017186427743858927 -0.0035172366816695866 0.0053212721214505035 -0.0032530027329015112
leaf_weight=37.571889698505402 20.205805063247681 21.093607574701309 33.615699753165245 21.758274048566818 206.16820727288723 41.326802492141724 252.67228315770626 37.864296361804008 899.28191782534122 42.92525315284729 68.140872076153755 76.441728994250298 28.351879954338074 140.49539017677307 25.072486758232117 26.992737829685211 313.69142159819603
leaf_count=157 87 87 143 93 852 175 1041 159 3729 180 279 326 123 572 103 110 1327
internal_value=-0.000279121 0.00031817 0.00289344 -4.29428e-06 -0.000164627 -0.00119145 -0.00211706 0.00511622 0.000321046 0.00713438 -0.00163967 -0.00252191 -0.00291312 -0.00015247 -0.00233684 0.0010743 -0.00377545
internal_weight=2293.67 1594.28 176.826 1417.45 1379.88 62.4204 274.431 114.405 1105.45 80.7895 699.392 438.691 418.485 260.701 120.206 52.0652 342.043
internal_count=9543 6616 744 5872 5715 262 1134 482 4581 339 2927 1863 1776 1064 492 213 1450
is_linear=0
shrinkage=0.011451


Tree=196
num_leaves=16
num_cat=0
split_feature=0 23 18 8 0 2 2 4 9 25 3 25 10 10 13
split_gain=13.1375 10.1695 13.9084 11.8146 12.5119 11.1018 10.5581 11.0111 9.38581 6.93379 4.10543 3.91221 12.2049 6.88581 3.02207
threshold=8.3148528405201922 266.16190476190474 -0.071067821067820988 0.0062980331063800252 -6.0410677618069828 13.950000000000005 11.450000000000005 2.2062417736799937 0.60136986301369877 -1.0000000180025095e-35 0.032244960136063823 1.0000000180025095e-35 -0.16681615829375915 -0.19668563287934568 -0.1510780885780886
decision_type=10 10 10 8 10 10 8 10 10 2 8 2 10 10 10
left_child=1 3 6 4 10 -6 7 -3 9 -5 -1 13 -13 -2 -14
right_child=11 2 -4 8 5 -7 -8 -9 -10 -11 -12 12 14 -15 -16
leaf_value=0.0040455580613820933 -0.0097170034616841164 0.0010265565222500866 0.0087511614875057653 0.0020534884177221394 -0.0023426994538392359 0.0056904978500628431 0.0067170787326112013 -0.0075701416224797638 -0.0058652439437337231 8.4613159682939815e-05 -0.001985218957115677 0.0040244301291748894 -0.0023249280348740251 -0.0019689445007321678 -0.0086680683154549965
leaf_weight=64.997445151209831 29.235430553555489 176.83848023414612 35.680517569184303 321.41155822575092 564.27118416130543 22.879467338323593 36.702937513589859 21.290580838918686 29.347261190414429 863.24862129986286 18.665741786360741 27.720237389206886 19.093146294355392 31.121113017201424 21.23076967895031
leaf_count=272 125 734 149 1337 2346 94 157 89 124 3562 79 116 84 135 89
internal_value=-0.000128396 8.4079e-05 0.00215749 -0.000214154 -0.00143303 -0.00202361 0.00113384 8.06151e-05 0.000459761 0.00061964 0.00269503 -0.00367711 -0.00176809 -0.00578671 -0.00575078
internal_weight=2283.73 2155.33 270.513 1884.82 670.814 587.151 234.832 198.129 1214.01 1184.66 83.6632 128.401 68.0442 60.3565 40.3239
internal_count=9492 8943 1129 7814 2791 2440 980 823 5023 4899 351 549 289 260 173
is_linear=0
shrinkage=0.011451


Tree=197
num_leaves=17
num_cat=0
split_feature=0 23 14 10 8 0 14 5 0 21 18 26 6 19 11 21
split_gain=12.8566 9.94048 22.9566 11.5542 10.954 10.6372 10.2421 9.77697 11.4776 10.4503 7.34291 6.54024 4.32037 4.34472 3.46914 5.54849
threshold=8.3148528405201922 266.16190476190474 0.72077922077922085 -0.12691729412926581 0.16868863896769551 -2.0054757015742655 0.19486928104575166 0.32631161304986983 -5.23066392881588 -1.0000000180025095e-35 0.04166666666666665 0.19455692850617215 1.125145708654794 0.095695970695970703 -0.034255145186017515 2.5000000000000004
decision_type=10 10 8 8 8 10 10 10 8 2 8 10 10 8 10 2
left_child=1 3 4 5 6 11 -3 9 -9 -5 -7 -1 13 -2 15 -15
right_child=12 2 -4 7 -6 10 -8 8 -10 -11 -12 -13 -14 14 -16 -17
leaf_value=0.0019587090870540223 -0.0084871742768637196 0.0050890235191879858 -0.0070864016431097113 -0.0004360050618894604 0.010466931646679565 -0.0053409490524362162 9.427419217682335e-05 0.0026895710928043532 -0.0019571195320263524 0.0018861328511181005 -0.001417962302671839 -0.004275260500167662 0.00060184215755729967 -0.0087665966923985202 3.1309349157645384e-05 -0.00094084552640616643
leaf_weight=104.18704928457737 27.998213261365891 102.55731070041656 30.728565454483032 453.02461886405945 24.647056475281715 124.0646590590477 112.56783255934715 84.360695332288742 387.37585310637951 577.53597235679626 126.84379769861698 27.299006894230843 25.17380490899086 24.472242832183838 27.791354805231094 22.864673718810081
leaf_count=436 121 428 128 1882 105 513 468 349 1613 2379 527 115 105 107 119 97
internal_value=-0.000126967 8.316e-05 0.00213313 -0.000211709 0.00333096 -0.001987 0.00248375 0.00024085 -0.00112354 0.000865719 -0.00336669 0.00064947 -0.00363898 -0.00467142 -0.00318762 -0.00505178
internal_weight=2283.49 2155.19 270.501 1884.69 239.772 382.395 215.125 1502.3 471.737 1030.56 250.908 131.486 128.3 103.126 75.1283 47.3369
internal_count=9492 8943 1129 7814 1001 1591 896 6223 1962 4261 1040 551 549 444 323 204
is_linear=0
shrinkage=0.011451


Tree=198
num_leaves=18
num_cat=0
split_feature=0 5 10 10 10 24 21 5 8 10 12 10 29 30 4 5 1
split_gain=19.76 10.4844 16.0157 11.9452 10.4017 10.2585 13.5847 8.92478 8.07882 10.1347 8.26395 10.6165 8.37183 6.40072 6.08055 5.92107 5.65025
threshold=-0.19712525667351063 1.770556680449457 0.36074186234370753 -0.06668322775638634 -0.28288029036230472 1.0000000180025095e-35 14.500000000000002 -1.9999820682386484 0.075019868682496091 0.10414847859992883 0.056450702729258402 0.030676835632545588 -0.19437229437229406 0.18584748584748578 2.6154691321447516 -1.4372445706097516 2.600000000000009
decision_type=10 10 10 10 8 2 2 10 10 10 8 8 10 10 10 10 10
left_child=4 2 5 -3 7 14 -7 -1 10 15 11 -6 -12 -9 -2 -10 -5
right_child=1 3 -4 16 8 6 -8 13 9 -11 12 -13 -14 -15 -16 -17 -18
leaf_value=0.0032011972211174267 -0.001112369507849154 0.0034094747699266593 0.0066212612583611196 -0.0070843818538390974 0.0016559047426641625 0.0029615341076459924 -0.0071637466963024908 -0.0069367753971784057 0.0097524855763183125 0.00046696036667946304 0.0012183173174816304 -0.0028216411554747166 0.0048269504855429548 0.00063235031670377806 -0.0063235951615776389 0.0040620550916387064 -0.00090472000351536402
leaf_weight=26.393976777791977 806.92912110686302 23.18973545730114 39.147127687931061 79.766181826591492 142.20980347692966 149.06336961686611 19.0197414457798 46.368496313691139 35.045852586627007 76.344856709241867 445.76236926019192 134.46393831074238 103.54091422259808 21.126304462552071 29.849329546093941 79.190426841378212 25.849623471498489
leaf_count=114 3338 102 161 346 587 617 79 191 155 323 1845 554 433 87 122 330 111
internal_value=0.000152007 -0.000884318 -0.000502815 -0.00395812 0.00124641 -0.000784533 0.00179216 -0.00238868 0.00158348 0.00370508 0.00109138 -0.000521733 0.00190352 -0.00458448 -0.00130312 0.00585397 -0.00558697
internal_weight=2283.26 1172.81 1044.01 128.806 1110.45 1004.86 168.083 93.8888 1016.56 190.581 825.977 276.674 549.303 67.4948 836.778 114.236 105.616
internal_count=9495 4876 4317 559 4619 4156 696 392 4227 808 3419 1141 2278 278 3460 485 457
is_linear=0
shrinkage=0.011451


Tree=199
num_leaves=18
num_cat=0
split_feature=0 31 14 10 5 10 10 5 31 3 7 14 27 19 15 30 30
split_gain=19.3174 11.6852 10.8128 10.1687 9.25806 10.81 10.6298 8.72386 8.48203 13.541 11.3506 8.47771 8.21915 7.34136 7.12971 6.82745 6.25312
threshold=-0.19712525667351063 61.62081310894974 -0.59545454545454535 -0.28288029036230472 1.770556680449457 0.36074186234370753 -0.06668322775638634 -1.9999820682386484 -15.990133249351059 0.014218106738738469 -0.80927011075896682 0.17902930402930406 0.28404308498904701 0.4507936507936508 -0.066300366300366273 -0.23543256720215727 0.18584748584748578
decision_type=10 2 8 8 10 10 10 10 2 10 10 10 10 10 10 8 10
left_child=3 2 -2 7 5 -4 -6 -1 9 15 -11 -3 13 -10 -13 -5 -9
right_child=1 11 4 8 6 -7 -8 16 12 10 -12 14 -14 -15 -16 -17 -18
leaf_value=0.0031679144997197243 0.0045236571559113285 0.0042299829701022036 -0.0013784579806939764 -0.0052878471306325864 0.0026271428807917506 0.0056925399905594035 -0.0063700403851677341 -0.0068556466483139624 0.0024318261351759973 -0.0010599743359183508 0.0059224098151656407 -0.0053384131623511726 0.0073952583254096446 -0.0019261162172065746 0.0031464314775733388 -0.00044237415097919924 0.0006253662117153895
leaf_weight=26.372947797179222 39.524893179535866 92.710154429078102 850.2796466499567 46.414860367774963 20.903670161962509 28.683123007416725 89.277590036392212 46.38769356906414 546.04279308021069 49.572271004319191 78.074625387787819 28.322182863950729 39.388195931911469 55.379238411784172 22.935495942831039 201.43494963645935 21.125031739473343
leaf_count=114 168 382 3517 190 92 118 388 191 2285 202 319 116 175 231 95 825 87
internal_value=0.000150317 -0.000874392 -0.00130221 0.00123254 -0.00153788 -0.0011436 -0.00465759 -0.00236164 0.00156589 0.000198653 0.0032193 0.00217438 0.00236602 0.00202887 -0.00155013 -0.00136147 -0.00453148
internal_weight=2282.83 1172.64 1028.67 1110.19 989.144 878.963 110.181 93.8857 1016.31 375.497 127.647 143.968 640.81 601.422 51.2577 247.85 67.5127
internal_count=9495 4876 4283 4619 4115 3635 480 392 4227 1536 521 593 2691 2516 211 1015 278
is_linear=0
shrinkage=0.011451


Tree=200
num_leaves=18
num_cat=0
split_feature=2 0 5 12 0 23 14 30 31 0 19 10 0 1 9 23 30
split_gain=15.781 13.4631 9.88602 13.2866 8.55266 10.2249 8.50864 7.87147 7.53868 7.41367 7.2634 6.65143 6.09173 5.97979 8.62885 6.00651 4.53892
threshold=-7.6500000000000048 7.6632443531827503 -0.60885441139677843 0.11330229308904445 -2.7227926078028779 -223.47857142857143 0.38469899665551849 -0.13332369385000956 -1.2577860096258744 -9.1375770020533853 0.1428571428571429 -0.26924525532539462 9.5154004106776195 -10.200000000000001 0.11111111111111115 -147.3833333333333 -0.011904761904761902
decision_type=8 8 8 10 10 8 10 8 2 10 10 8 10 10 8 10 8
left_child=4 2 3 16 -1 -6 9 -3 -8 -4 12 -5 -9 14 -7 -15 -2
right_child=1 7 6 11 5 13 8 10 -10 -11 -12 -13 -14 15 -16 -17 -18
leaf_value=0.00092247029969642425 0.0026680405076294697 -0.0077952021423988377 0.0045894345379426001 -0.00015570384490325775 -0.0098040358415099529 0.0066377460962429953 -0.0090581253047601236 -0.00033846579693409297 -0.0011430476714580438 0.00023187798936565165 0.0048828868608577674 0.0062201952089620599 -0.005989204998908329 -0.00015688029416891677 -0.003871519614736483 -0.0051222034393312238 -7.2410105696874423e-05
leaf_weight=74.819809451699257 121.06017129123211 32.224741652607918 52.749624863266945 26.289629131555557 29.099203124642372 19.711997002363205 22.09611077606678 60.441150426864624 52.222288891673088 1236.6793545037508 19.209827542304993 115.2317518889904 42.121941685676575 46.034722372889519 19.987508445978165 104.03936938941479 227.02436363697052
leaf_count=311 502 139 224 111 123 82 91 252 217 5116 81 494 179 190 83 436 949
internal_value=6.24133e-05 0.000425371 0.000696006 0.00209062 -0.00241373 -0.00355352 0.000194548 -0.00282074 -0.00355559 0.000412408 -0.00146928 0.00504057 -0.00268274 -0.00256431 0.00136995 -0.00360649 0.000883949
internal_weight=2301.04 2007.35 1853.35 489.606 293.693 218.873 1363.75 153.998 74.3184 1289.43 121.773 141.521 102.563 189.774 39.6995 150.074 348.085
internal_count=9580 8355 7704 2056 1225 914 5648 651 308 5340 512 605 431 791 165 626 1451
is_linear=0
shrinkage=0.011451


Tree=201
num_leaves=18
num_cat=0
split_feature=2 21 3 3 21 25 13 13 9 21 5 3 6 25 0 4 20
split_gain=15.4299 14.7351 32.3516 18.6455 21.2258 12.4519 12.3913 14.3864 12.8837 12.0092 8.89602 8.46369 7.99412 7.94535 7.16318 6.74506 7.45348
threshold=-7.6500000000000048 1.0000000180025095e-35 0.086934618424598778 -0.061817327640632184 -1.4999999999999998 1.0000000180025095e-35 0.32379032258064527 0.069337606837606883 -0.66510903426791257 1.5000000000000002 -0.32554198314369115 -0.042148662503797611 1.0003659174564652 -4.4999999999999991 -4.7227926078028757 1.8003204235474317 0.51190476190476197
decision_type=8 2 8 10 2 2 10 8 10 2 10 10 10 2 10 8 8
left_child=5 3 6 4 -2 12 7 -3 -8 -4 -6 -5 14 -13 -1 16 -7
right_child=1 2 9 11 10 15 8 -9 -10 -11 -12 13 -14 -15 -16 -17 -18
leaf_value=0.0033211702335658694 -0.0094989507472561571 -5.3697528034516601e-05 0.0026659269470419135 0.0042089641710241332 0.00032250704127933231 -0.0051294410524733896 -0.010171131938654144 0.0033322763856550816 -0.00021255307030295455 0.01142608131545981 -0.0077047349445103427 0.0050588653537821269 0.003643356476552393 -0.00029990040444822472 -0.0030704949044463902 0.00025327086772320052 -0.013453021584250002
leaf_weight=27.380008444190025 57.432322978973389 415.24761207401752 33.582250013947487 64.012747451663017 102.12053063511848 56.918069750070572 25.083761140704155 271.84511375427246 50.430695340037346 54.207007378339767 21.328711971640587 37.186911568045616 42.128300562500954 874.57194645702839 128.87922710180283 19.358975932002068 18.9196857213974
leaf_count=114 249 1725 142 266 418 237 105 1129 214 234 90 156 174 3627 538 80 82
internal_value=6.16509e-05 0.000420541 0.00156422 -0.000420734 -0.00379043 -0.00238728 0.000803133 0.00128787 -0.00358022 0.00812012 -0.00109812 0.000206065 -0.00074715 -7.78228e-05 -0.00194124 -0.00577646 -0.00730452
internal_weight=2300.63 2007.05 850.396 1156.65 180.882 293.584 762.607 687.093 75.5145 87.7893 123.449 975.772 198.388 911.759 156.259 95.1967 75.8378
internal_count=9580 8355 3549 4806 757 1225 3173 2854 319 376 508 4049 826 3783 652 399 319
is_linear=0
shrinkage=0.011451


Tree=202
num_leaves=18
num_cat=0
split_feature=0 5 12 0 21 2 2 27 12 18 5 2 8 8 9 18 25
split_gain=17.4728 12.8461 14.2275 12.5305 12.295 19.3239 16.2358 10.2609 9.81721 12.6872 9.44685 7.66688 7.60763 8.59643 7.33539 7.29347 6.90962
threshold=-2.2792607802874723 -0.054862178703890978 -0.12723285486443384 5.0253251197809723 -1.0000000180025095e-35 -17.799999999999994 22.899999999999995 0.20371633012388871 0.1544494720965309 -0.28679653679653677 -1.5662160628670316 7.7000000000000037 0.013585983050449281 0.085275218738453298 -0.19599839935974386 0.1396198830409357 -1.0000000180025095e-35
decision_type=10 8 8 10 2 10 8 8 8 10 10 8 8 10 8 10 2
left_child=4 3 12 8 5 -1 -6 10 9 -2 -7 -10 -3 -14 -5 -4 -9
right_child=1 2 15 14 6 7 -8 16 11 -11 -12 -13 13 -15 -16 -17 -18
leaf_value=-0.0080397740268896289 -0.0034152417765954514 -0.0064440853780503684 -0.0014864130114852422 0.0028068032529522226 0.0017314511292357939 0.0083840495136768434 0.0083744480362756678 0.00075278490268497456 0.0024645414527742215 0.0019395016284881163 0.0013014333725698121 0.0087673152277502105 0.0027610685411487731 -0.0059414343888041527 -0.003963766047637823 0.0014880967106720331 -0.0043358940817832094
leaf_weight=35.422581344842911 87.533528223633766 109.707534506917 689.07561427354813 25.864616587758064 271.15322922170162 27.066737428307533 58.179369941353798 69.809487387537956 130.28298886120319 168.91410440206528 229.70595057308674 31.059192985296249 31.229434654116631 27.299466341733932 101.9687258452177 127.62644875049591 69.150850161910057
leaf_count=148 361 475 2851 108 1137 116 247 293 538 692 949 132 131 114 422 531 288
internal_value=-0.000162125 -0.000866936 -0.00164736 0.000542152 0.0012559 -1.73147e-05 0.00291945 0.000713026 0.00150201 0.00010767 0.00206768 0.00370876 -0.00467329 -0.00131909 -0.00258646 -0.00102076 -0.00178806
internal_weight=2291.05 1530.56 984.938 545.623 760.488 431.156 329.333 395.733 417.79 256.448 256.773 161.342 168.236 58.5289 127.833 816.702 138.96
internal_count=9533 6355 4102 2253 3178 1794 1384 1646 1723 1053 1065 670 720 245 530 3382 581
is_linear=0
shrinkage=0.011451


Tree=203
num_leaves=18
num_cat=0
split_feature=0 5 12 0 21 2 2 22 30 12 14 0 14 31 6 8 11
split_gain=17.0809 12.5588 13.9313 12.2494 12.0243 18.897 15.905 13.57 9.64241 9.35464 9.09336 8.96972 8.77055 11.7866 8.40423 7.45683 10.1616
threshold=-2.2792607802874723 -0.054862178703890978 -0.12723285486443384 5.0253251197809723 -1.0000000180025095e-35 -17.799999999999994 22.899999999999995 266.50000000000006 1.0031250000000003 0.1544494720965309 0.35021367521367525 -5.1444216290212159 -0.19999999999999998 -38.937850356362325 -1.8458283601178509 0.013585983050449281 -0.093854662496263716
decision_type=10 8 8 10 2 10 8 8 10 8 10 10 8 2 10 8 10
left_child=4 3 15 8 5 -1 10 -7 9 -2 11 -6 14 -14 -4 -3 -17
right_child=1 2 12 -5 6 7 -8 -9 -10 -11 -12 -13 13 -15 -16 16 -18
leaf_value=-0.0079516413579433162 0.00050211095702536027 -0.0063801666490067247 -0.0031850789530815005 -0.0025575711741033878 0.0050313507350924882 0.0018469968413931577 0.0082909012319028266 -0.0032178803003659207 -0.0061636965897531697 0.0041179705607340108 -0.0050094359627467291 0.00058394299882561125 -0.0044682072133048123 -0.00074738487175622713 0.0038478229392880595 -0.0076122774060664276 0.0022346477356694626
leaf_weight=35.41247133910656 246.93664547801018 109.54534640908241 29.930628404021263 127.80066849291325 98.437126606702805 306.73830644786358 58.099847853183746 88.935049086809158 19.92291522026062 150.85867117345333 23.461143553256989 149.18312634527683 138.51200400292873 566.18411800265312 82.02824005484581 20.759160250425339 37.759040802717209
leaf_count=148 1014 475 128 530 416 1282 247 364 82 627 101 620 595 2315 344 88 157
internal_value=-0.000160283 -0.000857199 -0.00162895 0.000536168 0.00124197 -1.71463e-05 0.00288759 0.000705093 0.00148525 0.00187795 0.00171213 0.00236064 -0.00100913 -0.00148224 0.00196 -0.00462498 -0.00130464
internal_weight=2290.5 1530.24 984.719 545.519 760.267 431.086 329.181 395.673 417.718 397.795 271.081 247.62 816.655 704.696 111.959 168.064 58.5182
internal_count=9533 6355 4102 2253 3178 1794 1384 1646 1723 1641 1137 1036 3382 2910 472 720 245
is_linear=0
shrinkage=0.011451


Tree=204
num_leaves=18
num_cat=0
split_feature=24 2 31 0 5 21 21 10 23 18 3 8 28 18 3 0 3
split_gain=14.3974 14.0539 11.8354 14.4441 11.776 10.1752 9.96887 8.18078 7.68378 7.70019 9.79858 6.9132 6.60952 6.93879 5.27579 4.11023 2.09463
threshold=1.0000000180025095e-35 -17.749999999999996 13.201069958432869 7.5331964407939749 -2.5506619414204468 14.500000000000002 -13.499999999999998 0.25627197268904112 -538.94999999999993 0.35912698412698418 -0.091802680464844008 0.013585983050449281 0.19042462416740075 0.045454545454545449 0.01483704699345806 -0.63381245722108293 -1.0000000180025095e-35
decision_type=2 10 2 10 8 2 2 8 8 10 10 10 8 8 10 10 8
left_child=2 -2 3 4 15 7 -6 11 -4 10 -10 -3 13 -5 -11 -1 -9
right_child=1 5 8 12 6 -7 -8 16 9 14 -12 -13 -14 -15 -16 -17 -18
leaf_value=0.0087255420184562324 0.010101950907995531 -0.0004304863242607149 -0.0061504907571164153 -0.0064467509736823294 0.0037344503290648299 -0.0051221194887113332 -0.0011392860983752691 0.0035178100634385991 0.0051077640227571823 0.0023524753799219994 0.00014954733773830294 0.0036695802989470494 -0.0091632297758964323 0.0023737069714504328 0.0089230551720005883 0.0016281581570885557 0.0086410872391948518
leaf_weight=20.899509638547897 26.738301113247871 129.40389966964722 19.179859310388565 26.412964269518852 57.263157889246941 26.821742370724678 1109.8156644105911 19.356934010982513 57.398675724864006 48.016888529062271 523.8869145065546 91.638625800609589 36.992395579814911 20.108207061886787 23.946659550070763 21.983330518007278 26.560034573078156
leaf_count=89 115 540 80 115 238 112 4584 81 246 200 2188 384 162 87 100 90 111
internal_value=7.59412e-06 0.00225542 -0.000359525 -0.000999976 -0.00068049 0.00152014 -0.000898171 0.00219853 0.000872207 0.00108442 0.000644402 0.00127519 -0.00558695 -0.00265442 0.00460038 0.00516731 0.00656207
internal_weight=2286.42 320.52 1965.9 1293.48 1209.96 293.781 1167.08 266.959 672.429 653.249 581.286 221.043 83.5136 46.5212 71.9635 42.8828 45.917
internal_count=9522 1343 8179 5365 5001 1228 4822 1116 2814 2734 2434 924 364 202 300 179 192
is_linear=0
shrinkage=0.011451


Tree=205
num_leaves=18
num_cat=0
split_feature=24 30 21 19 0 11 7 2 5 28 0 11 2 29 10 26 7
split_gain=14.0772 15.9649 14.5546 11.6833 10.7383 12.7219 10.0355 9.07763 8.75146 7.96483 7.47035 9.62013 7.17667 7.15575 6.88844 5.73946 4.52929
threshold=1.0000000180025095e-35 0.10633332115039434 14.500000000000002 -0.86190476190476184 -0.19712525667351063 -0.10172571764804776 0.016217688506063064 -17.749999999999996 -1.8728357051458888 0.18694582765657222 -1.7043121149897347 0.038834545186732468 -2.6000000000000081 -7.7340909090909085 0.049801727541415465 0.58451061115951197 0.076736484420505333
decision_type=2 10 2 8 8 8 10 10 8 10 10 10 10 8 8 10 10
left_child=3 2 7 14 8 15 -7 -2 12 -10 -3 16 -5 -9 -1 -6 -12
right_child=1 10 -4 4 5 6 -8 13 9 -11 11 -13 -14 -15 -16 -17 -18
leaf_value=0.0012723618210140049 0.012236181980262783 0.0031634257285187055 -0.0050878095506591385 -0.0008397934024354937 -0.0035881374766718256 -0.0015884553155425371 0.00131070890536697 -0.0016073159867645188 0.00037990362849699827 -0.0031670564655439724 -0.0033526790897228063 0.002075108802130451 0.0061898204918917456 0.0050101735486037186 0.008955629782476604 -0.010044613563086165 -0.010670779747910863
leaf_weight=37.082579508423805 19.591223001480103 31.086198270320892 20.462042540311813 28.401354789733887 107.2300580739975 613.84583136439323 209.52411210536957 24.578183710575104 773.67141789197922 92.320233330130577 26.268178358674049 25.711742088198662 56.26006817817688 152.97697015106678 25.705968275666237 21.528065353631973 19.781631052494049
leaf_count=155 84 132 86 124 464 2542 867 103 3203 378 110 106 246 639 107 93 83
internal_value=7.60984e-06 0.00223052 0.00398378 -0.000355431 -0.00051645 -0.0013756 -0.00085024 0.00493922 0.00034439 -3.57496e-07 -0.00148084 -0.00350321 0.00384339 0.00409157 0.00447861 -0.00471355 -0.0066031
internal_weight=2286.03 320.456 217.608 1965.57 1902.78 952.128 823.37 197.146 950.653 865.992 102.848 71.7616 84.6614 177.555 62.7885 128.758 46.0498
internal_count=9522 1343 912 8179 7917 3966 3409 826 3951 3581 431 299 370 742 262 557 193
is_linear=0
shrinkage=0.011451


Tree=206
num_leaves=14
num_cat=0
split_feature=0 31 8 24 1 23 4 11 24 6 4 22 22
split_gain=16.1078 12.2791 9.71804 10.8287 9.76423 8.01709 7.51978 6.83337 5.9127 7.37621 9.41124 6.2021 5.22362
threshold=2.3367556468172475 -108.62969166908486 0.0025140125604773138 2.5000000000000004 -10.150000000000004 569.64285714285722 2.6154691321447516 0.081420935910416117 -1.0000000180025095e-35 -1.0003659174564647 0.51421623640378977 -223.49999999999997 217.50000000000003
decision_type=8 2 8 2 10 10 10 10 2 8 8 8 10
left_child=1 -1 6 4 -4 8 7 -3 9 -2 -11 -10 -13
right_child=5 2 3 -5 -6 -7 -8 -9 11 10 -12 12 -14
leaf_value=-0.0065874101031097917 -0.010295118799912299 -0.00090796173389377972 -0.003629655798559971 0.0097859053572933556 0.0015750062599140483 0.0054111422005387946 -0.0064607556879062479 0.0020868140101662049 0.0043052622942191627 -0.0062964751224315659 0.0040270536165369292 -0.0011876644409686908 -0.004873158573877579
leaf_weight=29.692851915955544 21.326037913560867 390.01347509026527 49.356517598032951 19.476819559931755 871.53304608166218 21.272987559437752 25.260466754436493 133.57471127808094 24.409004479646683 28.509615123271942 18.620828092098236 592.48748098313808 54.582257077097893
leaf_count=128 94 1609 204 86 3624 89 104 559 102 122 79 2470 235
internal_value=-5.79804e-05 0.000623338 0.000769977 0.0014763 0.00129364 -0.00141684 -0.000440525 -0.00014228 -0.00161781 -0.00480914 -0.00221846 -0.00128803 -0.00150321
internal_weight=2280.12 1518.91 1489.22 940.366 920.89 761.208 548.849 523.588 739.935 68.4565 47.1304 671.479 647.07
internal_count=9505 6314 6186 3914 3828 3191 2272 2168 3102 295 201 2807 2705
is_linear=0
shrinkage=0.011451


Tree=207
num_leaves=14
num_cat=0
split_feature=0 31 8 3 1 0 23 31 9 9 3 11 22
split_gain=15.7459 12.0204 9.49996 9.45295 9.44979 9.19931 7.83763 7.68437 7.39599 6.02887 6.30359 5.57526 5.51573
threshold=2.3367556468172475 -108.62969166908486 0.0025140125604773138 0.05138694394056454 -10.150000000000004 -9.4072553045858989 569.64285714285722 3.8540298946574016 -0.56782106782106767 0.4777667984189724 0.05906449782075935 0.089833471419027103 238.50000000000003
decision_type=8 2 8 10 10 10 10 2 8 10 10 8 10
left_child=1 -1 3 8 11 -6 9 -5 -3 10 12 -4 -2
right_child=6 2 4 7 5 -7 -8 -9 -10 -11 -12 -13 -14
leaf_value=-0.0065236700811888183 -0.0017634222107362849 0.0053568749002756121 -0.0076969016984571219 0.0086771258628086153 0.0066792201475810529 0.0014584201151675181 0.0053481774249190929 -0.00048441655038946062 -0.0012071812754733961 0.0031113574021871138 0.0031864304197129147 -5.6445013713671094e-05 -0.0057289172515204486
leaf_weight=29.64637479186058 626.25580075383186 22.968934923410416 21.251248434185982 25.097604855895042 46.122833147644997 843.58347420394421 21.284704715013504 22.357669562101364 478.39273677766323 33.41002981364727 30.882067769765854 29.247000843286514 49.180112704634666
leaf_count=128 2621 95 88 103 201 3504 89 94 1980 139 128 121 214
internal_value=-5.73729e-05 0.000616279 0.000761274 -0.000435578 0.00145972 0.00173384 -0.00140107 0.00441361 -0.000899787 -0.00159988 -0.00182544 -0.00332984 -0.00205749
internal_weight=2279.68 1518.67 1489.02 548.817 940.205 889.706 761.013 47.4553 501.362 739.728 706.318 50.4982 675.436
internal_count=9505 6314 6186 2272 3914 3705 3191 197 2075 3102 2963 209 2835
is_linear=0
shrinkage=0.011451


Tree=208
num_leaves=18
num_cat=0
split_feature=31 6 0 18 25 0 9 20 24 17 25 9 9 18 28 2 3
split_gain=17.8705 17.2701 10.6243 8.68157 8.31398 8.3031 12.397 7.45689 8.8282 7.55352 7.39593 6.33292 5.91008 5.51573 4.33317 4.12683 4.04509
threshold=88.455892247709144 -0.97422365736041006 -8.3586584531143018 0.35912698412698418 -1.4999999999999998 -5.1444216290212159 0.30780825548267415 -0.46547619047619043 1.0000000180025095e-35 0.07634032634032635 2.5000000000000004 0.19607843137254904 -0.13438086303939958 0.083974358974358967 0.055171607156194617 7.6500000000000066 0.00064702514104442177
decision_type=2 8 8 10 2 8 8 10 2 10 2 8 10 8 10 8 8
left_child=1 5 4 10 -3 6 14 9 -9 -7 -4 -5 16 -14 -1 -6 -2
right_child=12 2 3 11 15 7 -8 8 -10 -11 -12 -13 13 -15 -16 -17 -18
leaf_value=0.0084355619565394408 0.0042133339583693783 -0.0011393791835509607 0.00016533293636487322 0.0047138705628360211 0.0042154319744192271 -0.0052394139377000557 -0.0056092635102875897 -0.0021858189324655088 0.0042416809527190021 0.00090662660775545285 -0.0029878298196546983 -6.4591339466381795e-05 -0.0013192081531693105 0.0054993216800010318 0.0014673305404850586 0.010362622949508404 0.010998397248562421
leaf_weight=22.547508880496025 24.814931184053421 27.051576435565948 1337.4355255514383 90.810110077261925 43.522122263908386 165.33149467408657 20.739990755915642 171.81795945763588 32.822942867875099 30.92809621989727 104.54866395890713 60.340316236019135 29.612751051783562 31.631925404071808 24.285815343260765 22.103262111544609 23.276752427220345
leaf_count=94 106 116 5538 376 186 700 85 720 136 129 431 250 130 139 100 96 103
internal_value=0.000118944 -0.000110897 0.000429728 0.000209643 0.00418467 -0.0020542 0.00164643 -0.00267965 -0.00114453 -0.00427108 -6.45493e-05 0.00281432 0.00462095 0.00222363 0.00489302 0.00636876 0.00760222
internal_weight=2263.62 2154.29 1685.81 1593.13 92.677 468.474 67.5733 400.9 204.641 196.26 1441.98 151.15 109.336 61.2447 46.8333 65.6254 48.0917
internal_count=9435 8957 6993 6595 398 1964 279 1685 856 829 5969 626 478 269 194 282 209
is_linear=0
shrinkage=0.011451


Tree=209
num_leaves=17
num_cat=0
split_feature=31 6 0 21 24 25 0 20 12 24 10 5 5 30 8 2
split_gain=17.494 16.8832 10.3996 8.56888 11.0449 8.14596 8.11929 7.29693 9.25646 8.62966 5.65718 5.51678 6.31538 5.25318 5.65807 4.05642
threshold=88.455892247709144 -0.97422365736041006 -8.3586584531143018 14.500000000000002 1.0000000180025095e-35 -1.4999999999999998 -5.1444216290212159 -0.46547619047619043 -0.16688596491228067 1.0000000180025095e-35 -0.14346753799673129 0.96481156446627636 -0.4231344877960776 0.066666666666666707 0.14301207270520325 7.6500000000000066
decision_type=2 8 8 2 2 2 8 10 10 2 8 10 10 8 8 8
left_child=1 6 5 4 -4 -3 11 8 -8 -9 -2 12 -1 -12 -15 -7
right_child=10 2 3 -5 -6 15 7 9 -10 -11 13 -13 -14 14 -16 -17
leaf_value=0.0037756372705535736 -0.0003754748883431808 -0.0011263750568543656 -1.0110215461528196e-05 -0.0052215989908097771 0.0030164949948642836 0.004171688795696191 -0.0066750788831293128 -0.0021614477655434029 -0.0016922152660624548 0.0041925227674658406 0.0020192161270876034 0.0055764877002253202 -0.0051456863123758179 0.011128620401903313 0.0036227528941919253 0.010271501670089851
leaf_weight=18.682288035750389 23.656240031123161 27.05815352499485 1378.6313357800245 36.573104694485664 177.91927993297577 43.482064604759216 99.144596949219704 171.77332237362862 96.993418663740158 32.835233569145203 30.048542648553848 26.974446520209312 21.892956852912903 31.828760668635368 23.674236297607422 22.050180092453957
leaf_count=79 102 116 5704 151 740 186 423 720 406 136 130 110 90 140 106 96
internal_value=0.000117729 -0.00010958 0.000424902 0.000207253 0.000336978 0.00414173 -0.00203142 -0.00265003 -0.00422497 -0.00113153 0.00457478 0.00162864 -0.00104333 0.00593596 0.00800759 0.00630643
internal_weight=2263.22 2154.01 1685.71 1593.12 1556.55 92.5904 468.296 400.747 196.138 204.609 109.208 67.5497 40.5752 85.5515 55.503 65.5322
internal_count=9435 8957 6993 6595 6444 398 1964 1685 829 856 478 279 169 376 246 282
is_linear=0
shrinkage=0.011451


Tree=210
num_leaves=18
num_cat=0
split_feature=24 21 0 5 7 28 7 11 19 2 15 29 13 2 13 3 8
split_gain=12.2506 16.3299 14.6286 11.5615 9.01134 8.8614 11.2894 8.56724 7.73588 7.49144 6.74065 6.68961 6.55611 6.16431 11.6825 8.14492 6.09261
threshold=-1.0000000180025095e-35 -9.4999999999999982 -6.2778918548939062 0.39752973732536262 1.6993475801605602 0.049056000853390895 -1.4624880749655549 0.082799682344730188 -0.66190476190476188 2.600000000000009 -0.088799283154121861 -4.17063492063492 -0.071428571428571411 -7.700000000000002 -0.17414369256474513 -0.042870219414644077 -0.13818563125943908
decision_type=2 2 8 10 8 8 8 10 8 10 10 10 8 8 10 8 10
left_child=1 11 7 5 9 8 -7 12 -4 16 -11 -1 -2 14 -5 -15 -3
right_child=2 4 3 13 -6 6 -8 -9 -10 10 -12 -13 -14 15 -16 -17 -18
leaf_value=-0.00098462980569428917 -0.0023610999427212159 -0.0096306006467365181 0.0080138330738725085 0.0020933131066066791 -0.0084076488275657366 0.0079662657606117127 -0.00011164392249028628 0.0086332375859955231 0.0017296315184523268 -0.0036695141448638414 0.0040666414954766954 0.0066221157258011427 0.0034817751575211592 0.0048751417681877143 -0.007512341969927748 -0.0011425218418356896 -0.0027341123032186701
leaf_weight=26.111228749155998 30.447481736540794 18.835496827960014 26.769315242767334 24.700282022356987 36.351710096001625 22.684211954474449 801.36203792691231 34.652306511998177 422.28399421274662 23.354346081614494 37.780175298452377 34.987185075879097 134.59901240468025 31.186749055981636 48.514766588807106 399.63095922768116 130.87678916752338
leaf_count=110 124 81 113 107 153 93 3306 156 1759 99 157 146 572 130 202 1672 549
internal_value=0.000241087 -0.00187956 0.000572333 0.000241538 -0.00318898 0.000822621 0.000116946 0.00350556 0.00211551 -0.00226572 0.00110365 0.00339559 0.00239876 -0.00122533 -0.00428201 -0.000700087 -0.00364039
internal_weight=2285.13 308.297 1976.83 1777.13 247.199 1273.1 824.046 199.699 449.053 210.847 61.1345 61.0984 165.046 504.033 73.215 430.818 149.712
internal_count=9529 1295 8234 7382 1039 5271 3399 852 1872 886 256 256 696 2111 309 1802 630
is_linear=0
shrinkage=0.011451


Tree=211
num_leaves=18
num_cat=0
split_feature=24 21 22 0 26 4 4 3 6 28 12 11 26 15 14 11 11
split_gain=11.9788 15.9681 14.7799 14.314 13.6863 10.9922 11.9188 10.6771 10.337 9.99995 8.92929 8.41567 7.5489 7.50696 5.90615 5.74884 6.58794
threshold=-1.0000000180025095e-35 -9.4999999999999982 -182.49999999999997 -6.2778918548939062 -1.1100833617950585 1.0000000180025095e-35 2.8885962403721499 -0.015680249068131643 -2.4530419123775897 -0.016524596456603837 0.22222222222222229 0.082799682344730188 -1.6854536394329962 0.0095238095238095333 0.082575757575757594 0.024595178193990323 -0.045870781154975664
decision_type=2 2 8 8 8 8 10 10 10 8 8 10 10 10 10 10 10
left_child=1 14 -3 11 7 8 -7 -5 -6 10 -4 15 -9 -11 -1 16 -2
right_child=3 2 9 4 5 6 -8 12 -10 13 -12 -13 -14 -15 -16 -17 -18
leaf_value=0.00086497343444340985 0.0018240771704055776 0.0043376920106026843 -0.0043169807426175089 -0.0008167959094658307 -0.0059272999696574338 0.0010194845763750384 -0.0034963667651737745 0.0032968594399131776 -0.00077512883086199144 -0.00829969563548307 0.0029510519477495083 0.0085584824636321388 0.010953985243573435 -0.0024706211346818292 0.0084200921479567099 -0.0032528577362231758 0.0076244700343993249
leaf_weight=41.448611959815025 111.68312595784664 29.805969730019569 51.619527950882912 35.88356277346611 55.821668460965157 998.36594432592392 82.359972104430199 37.432027116417885 535.72251936793327 82.127710595726967 37.873600959777832 34.561024725437164 31.400204136967659 45.714617639780045 19.637773498892784 20.324676379561424 32.952326640486717
leaf_count=174 467 126 215 150 240 4132 342 156 2231 344 159 156 131 195 82 88 141
internal_value=0.000238405 -0.00185883 -0.00315383 0.000565973 0.000238859 -1.33602e-05 0.000673409 0.00424146 -0.00126741 -0.0041913 -0.00124206 0.0034689 0.00686107 -0.00623879 0.00335806 0.00237259 0.00317433
internal_weight=2284.73 308.228 247.141 1976.51 1776.99 1672.27 1080.73 104.716 591.544 217.335 89.4931 199.521 68.8322 127.842 61.0864 164.96 144.635
internal_count=9529 1295 1039 8234 7382 6945 4474 437 2471 913 374 852 287 539 256 696 608
is_linear=0
shrinkage=0.011451


Tree=212
num_leaves=14
num_cat=0
split_feature=0 23 26 10 5 21 18 5 22 3 22 21 28
split_gain=12.8668 17.0357 10.5175 11.2193 9.9181 10.597 10.2386 9.37516 7.43207 6.46364 6.32184 6.21138 4.1748
threshold=-2.1067761806981493 569.64285714285722 0.015464989146001641 -0.48185102835600674 0.18370404442395108 1.0000000180025095e-35 0.51868131868131884 -2.5506619414204468 266.50000000000006 -0.014261266400456328 -313.49999999999994 4.5000000000000009 0.071564410402410683
decision_type=8 10 8 10 8 2 10 8 10 10 8 2 10
left_child=7 2 3 -2 6 -6 -4 12 10 -5 -9 -12 -1
right_child=1 -3 4 9 5 -7 -8 8 -10 -11 11 -13 -14
leaf_value=0.0032125883799848766 -0.0095672122598183876 0.0069337068225912273 0.0011046601052975213 -0.0030615353980862122 -0.0022777047032837101 0.00078211800089365196 0.0084871569431977083 0.0057601053101709234 -0.0060149732141372885 -0.00067511171319494553 0.00046405739113371936 0.0047514508276304693 0.010324331806207728
leaf_weight=27.648728787899017 23.900548413395882 36.960788071155548 198.23175995051861 254.40598404407501 304.52973179519176 288.42291139066219 27.517770856618881 34.516105309128761 19.558133214712143 358.49705170094967 610.69949519634247 47.133746057748795 18.173090204596519
leaf_count=126 101 154 819 1071 1265 1198 113 149 81 1490 2536 199 79
internal_value=-5.79456e-05 -0.000674866 -0.000871144 -0.00197403 -1.23954e-05 -0.00079014 0.00202676 0.0011567 0.000830536 -0.00166791 0.00102948 0.000775722 0.00614011
internal_weight=2250.2 1492.47 1455.51 636.804 818.702 592.953 225.75 757.729 711.907 612.903 692.349 657.833 45.8218
internal_count=9381 6211 6057 2662 3395 2463 932 3170 2965 2561 2884 2735 205
is_linear=0
shrinkage=0.011451


Tree=213
num_leaves=15
num_cat=0
split_feature=0 23 26 5 15 18 5 22 4 15 5 22 21 30
split_gain=12.5789 16.6525 10.283 9.69518 14.3344 10.0131 9.19027 7.26656 6.61263 7.72179 7.59866 6.19036 6.07837 4.37212
threshold=-2.1067761806981493 569.64285714285722 0.015464989146001641 0.18370404442395108 -0.13717105263157894 0.51868131868131884 -2.5506619414204468 266.50000000000006 0.3985494069222944 0.13159063159063158 -0.054862178703890978 -313.49999999999994 4.5000000000000009 0.51232333842627964
decision_type=8 10 8 8 8 10 8 10 10 8 10 8 2 8
left_child=6 2 8 5 -5 -4 13 11 9 -2 -10 -8 -13 -1
right_child=1 -3 3 4 -6 -7 7 -9 10 -11 -12 12 -14 -15
leaf_value=0.0096754499797780426 -0.0038928947558263716 0.0068547250435005017 0.0010920682697036295 -0.0066878295307450479 -0.00024476002648732135 0.0083931595736832353 0.0057019495711774087 -0.0059466566505480311 0.0026341728587826771 -0.00057962246207577143 -0.001856245303166938 0.00045877151558982991 0.0047016010383033133 0.0025461820785829814
leaf_weight=22.118323028087616 278.81843005120754 36.966146945953369 198.22894680500031 48.730511710047722 544.1456662863493 27.514752775430679 34.475859686732292 19.563867524266243 73.893527567386627 138.05917881429195 145.90614561736584 610.66995714604855 47.095287814736366 23.625064685940742
leaf_count=99 1164 154 819 201 2262 113 149 81 306 584 608 2536 199 106
internal_value=-5.72228e-05 -0.000667223 -0.000861322 -1.21809e-05 -0.000781214 0.00200392 0.00114392 0.000821201 -0.00195197 -0.00279829 -0.00034325 0.00101798 0.00076698 0.00608234
internal_weight=2249.81 1492.26 1455.3 818.62 592.876 225.744 757.548 711.805 636.677 416.878 219.8 692.241 657.765 45.7434
internal_count=9381 6211 6057 3395 2463 932 3170 2965 2662 1748 914 2884 2735 205
is_linear=0
shrinkage=0.011451


Tree=214
num_leaves=18
num_cat=0
split_feature=0 0 5 11 31 9 20 4 4 28 15 31 8 31 13 2 2
split_gain=20.8814 12.9291 12.1136 11.4834 9.57653 9.29279 9.2386 9.15165 8.5637 8.55442 9.48298 8.4772 8.18259 7.45391 7.36935 11.5602 7.34839
threshold=0.75975359342915827 -12.765229295003422 2.160225421011043 0.10172571764804779 23.182160606342453 -0.46609195402298847 0.54356060606060608 1.2002764255632723 1.8407610847437055 0.04680861079511308 0.32189849624060157 -20.056071581871262 -0.14549438952424018 -38.937850356362325 0.089514652014652044 5.049999999999998 -2.5499999999999967
decision_type=8 10 10 10 2 8 8 10 10 10 8 2 8 2 8 8 10
left_child=1 -1 7 4 5 -3 16 9 13 12 -11 -8 -2 -4 -9 -16 -5
right_child=2 3 8 6 -6 -7 11 14 -10 10 -12 -13 -14 -15 15 -17 -18
leaf_value=0.010604167475585083 0.0044722430087594158 0.0056124028436379684 -0.0029972672577378299 0.010069823877946874 0.0022123660734752627 -0.00043161852949346322 -0.0056082888130932753 0.0046421685379231872 2.8075266961113593e-05 -0.0039676213950525186 0.0021226543459053958 0.0029878271487999179 -0.00078415284332396641 -0.011840578194783444 -0.0045338439123680475 0.0057531845171553695 0.003381195002822926
leaf_weight=17.930638805031776 41.184074372053146 34.300701603293419 22.547248065471649 37.796316519379616 317.41368271410465 725.45814371109009 19.148646295070648 69.091282606124878 25.468723177909851 202.56795597076416 39.709301441907883 61.972431302070618 539.3718103915453 29.111684516072273 38.807944178581238 21.831518903374672 51.382049858570099
leaf_count=78 171 141 106 163 1352 2968 79 285 109 859 172 269 2224 128 158 91 222
internal_value=0.000138907 0.00112393 -0.00107155 0.000982111 0.000544167 -0.000154097 0.00373933 -0.000716197 -0.00541685 -0.00116208 -0.00296636 0.00092971 -0.000406595 -0.00806764 0.0021034 -0.000808134 0.00626939
internal_weight=2295.09 1265.4 1029.69 1247.47 1077.17 759.759 170.299 952.564 77.1277 822.833 242.277 81.1211 580.556 51.6589 129.731 60.6395 89.1784
internal_count=9575 5272 4303 5194 4461 3109 733 3960 343 3426 1031 348 2395 234 534 249 385
is_linear=0
shrinkage=0.011451


Tree=215
num_leaves=15
num_cat=0
split_feature=22 7 1 31 17 13 4 21 2 21 28 28 9 3
split_gain=12.4758 11.5075 10.8516 8.61781 8.2984 9.28538 10.2141 7.15568 13.3539 6.86263 6.40845 5.98913 7.50808 5.48571
threshold=210.50000000000003 -0.64351979136284709 -1.0000000180025095e-35 96.177753248932518 0.83974358974358987 0.49509803921568635 1.4737938259331005 -1.4999999999999998 12.700000000000005 13.500000000000002 -0.19055450720036757 0.056849489850296468 0.050000000000000024 -0.00081235033373455712
decision_type=10 10 8 2 10 10 10 2 8 2 10 10 8 8
left_child=2 -2 3 7 5 6 -4 8 -1 -9 -7 13 -13 -3
right_child=1 11 4 -5 -6 10 -8 9 -10 -11 -12 12 -14 -15
leaf_value=-0.0016135902400004204 -0.0091736810610041353 -0.0026698458131818401 0.00071005828426155381 0.0056697746107262732 0.007908940344253575 0.0015085694685654772 0.0037267672154665419 0.00018378599039038738 -0.011162341094578036 -0.005776529318773543 -0.0055427356252108293 0.00025533967183371625 -0.0091199782619055102 0.0038165144632717231
leaf_weight=259.51579794287682 31.445597797632217 31.666092023253441 1005.9304520040751 26.99082949757576 21.943258106708527 25.849352225661278 171.8438984900713 546.61442998051643 20.118184000253677 25.897189974784851 46.900851681828499 21.457502514123917 22.689632371068001 35.666714832186699
leaf_count=1080 135 132 4182 118 92 113 717 2270 88 108 201 92 98 149
internal_value=0.000137422 -0.00313074 0.000355414 -0.000622685 0.00103115 0.000906335 0.00115206 -0.000826243 -0.00232534 -9.21919e-05 -0.00304629 -0.00138204 -0.00462676 0.00076974
internal_weight=2294.53 142.926 2151.6 879.136 1272.47 1250.52 1177.77 852.146 279.634 572.512 72.7502 111.48 44.1471 67.3328
internal_count=9575 606 8969 3664 5305 5213 4899 3546 1168 2378 314 471 190 281
is_linear=0
shrinkage=0.011451


Tree=216
num_leaves=17
num_cat=0
split_feature=5 4 21 1 10 2 21 11 2 6 18 22 18 10 11 18
split_gain=13.5905 10.8711 14.4658 10.8032 9.8767 12.1541 9.83922 9.402 11.2265 7.46057 7.19181 7.18784 6.72462 6.23646 5.60914 3.98496
threshold=-1.9999820682386484 -1.4220600162206003 -5.4999999999999991 -7.6000000000000076 -0.26924525532539462 7.6500000000000066 1.0000000180025095e-35 -0.23531354808790925 -13.950000000000001 0.49486884977761442 0.12599206349206352 56.500000000000007 0.096230158730158735 -0.30616398025388319 0.026989577727974282 -0.52579365079365059
decision_type=8 8 2 8 8 10 2 8 10 10 8 10 8 8 8 10
left_child=3 2 -2 -1 9 6 -6 -4 -9 -3 -7 13 -11 -5 -15 -13
right_child=1 4 7 11 5 10 -8 8 -10 12 -12 15 -14 14 -16 -17
leaf_value=-0.0044785979506407831 -0.0094281089830363981 -0.0075189420159338305 0.0060020074954216761 0.0096538502072767412 -0.00077512763128691523 0.0056648779346926874 0.0011102324632817559 -0.0095006137031560453 -0.001094703401811928 0.0024141178946762028 0.0013181747566409577 -0.003368187636336231 -0.0056284049530106765 -0.000426676660255143 0.0056653852164605285 0.0030566234205237786
leaf_weight=21.978662177920341 31.955224096775055 35.564689829945564 20.505019456148148 32.843611031770706 866.23080493509769 78.726090684533119 623.72945089638233 22.686910480260849 195.93526242673397 33.301121115684509 135.95811516046524 21.729502007365227 22.129683762788773 28.232314690947533 65.141522631049156 28.465613186359406
leaf_count=93 134 148 87 139 3594 331 2605 98 817 138 563 92 92 120 282 121
internal_value=0.000137272 -0.000137917 -0.00227245 0.00299494 0.000185048 0.000381799 1.42674e-05 -0.00129281 -0.00199308 -0.00347687 0.00292467 0.00393932 -0.000825266 0.00539046 0.00383338 0.000267671
internal_weight=2265.11 2066.72 271.082 198.391 1795.64 1704.64 1489.96 239.127 218.622 90.9955 214.684 176.413 55.4308 126.217 93.3738 50.1951
internal_count=9454 8607 1136 847 7471 7093 6199 1002 915 378 894 754 230 541 402 213
is_linear=0
shrinkage=0.011451


Tree=217
num_leaves=17
num_cat=0
split_feature=31 5 3 3 0 23 9 0 30 3 29 2 9 12 30 5
split_gain=14.2319 12.6984 12.7638 12.2166 10.9769 10.8152 9.36273 6.71896 6.58886 8.02929 6.72698 6.2779 5.9688 6.60123 5.94573 4.32423
threshold=-88.066844955317933 -1.9999820682386484 0.05138694394056454 0.044653349001175242 3.0020533880903497 590.25000000000011 -0.19599839935974386 -0.76522929500342218 0.30923506318243166 -0.0010027763003835897 -4.4971405228758163 -2.5499999999999967 0.095238095238095261 0.36379492600422841 1.0000000180025095e-35 0.98684133870749424
decision_type=2 8 10 10 10 10 10 10 10 10 10 10 8 8 10 8
left_child=8 7 3 5 6 -3 -4 11 9 15 -11 -2 -9 -14 -13 -1
right_child=1 2 4 -5 -6 -7 -8 12 -10 10 -12 14 13 -15 -16 -17
leaf_value=-0.012428763736741462 0.0016759033154113163 -0.00018272748237282976 0.0019685073882859563 -0.006967900521927385 -0.0018774083169776213 0.0064821040110709946 0.0089984278170048386 0.005028460349029879 0.0020834319084249947 0.0018313525562407467 -0.0069245109811632514 0.010790512985486335 -0.0035419263413005724 0.0033865599066742842 0.0025775111514664611 -0.0049270250412417269
leaf_weight=21.061224430799484 34.815486401319504 1759.8321892917156 51.650272965431213 33.567447245121002 36.961173161864281 31.853241801261902 48.070856899023056 35.240494042634964 19.377092629671097 26.8423782736063 19.205022722482681 33.749449551105499 42.760996401309967 30.192093938589096 18.182136461138725 21.491483584046364
leaf_count=93 154 7307 212 139 154 132 203 145 83 115 84 150 177 126 81 99
internal_value=0.000135692 0.000339284 6.18757e-05 -0.000191373 0.00342836 -6.18848e-05 0.00539433 0.00312153 -0.00390839 -0.00522455 -0.00186689 0.005484 0.0012055 -0.000669855 0.00798371 -0.00877362
internal_weight=2264.85 2156.88 1961.94 1825.25 136.682 1791.69 99.7211 194.941 107.977 88.6001 46.0474 86.7471 108.194 72.9531 51.9316 42.5527
internal_count=9454 8980 8147 7578 569 7439 415 833 474 391 199 385 448 303 231 192
is_linear=0
shrinkage=0.011451


Tree=218
num_leaves=17
num_cat=0
split_feature=0 26 19 3 5 10 1 10 3 10 11 1 23 29 29 10
split_gain=12.0028 11.5248 12.1551 9.95449 9.85943 10.348 9.01548 6.85543 8.34095 7.83586 7.49504 6.32664 5.71611 5.6112 4.57218 2.43764
threshold=-5.708418891170429 -0.97248518864925726 0.1428571428571429 0.082256325722200943 1.6691272031037305 0.28275322922395313 7.6000000000000094 -0.28288029036230472 -0.044006948465547362 -0.062211447417817249 0.0019770709681392611 -1.0000000180025095e-35 318.98235294117654 5.3654761904761932 12.506089743589746 -0.13691137275919971
decision_type=8 8 8 10 10 10 10 8 8 8 8 10 10 8 8 10
left_child=7 2 13 4 5 -3 -6 -1 -9 15 -11 12 -4 -2 -13 -10
right_child=1 3 11 -5 6 -7 -8 8 9 10 -12 14 -14 -15 -16 -17
leaf_value=-0.0040180983902387314 0.0026135075995647366 -0.001007900202833205 -0.0068799305923651285 0.0063636778116221825 -0.004202725552650958 0.0025694713677672158 0.0038274816833462496 0.0083522566283653673 0.0033999295949485235 0.0036903377099425771 -0.00093212803986809749 0.0071265698353998284 0.001412446982746248 0.010547137511053165 -7.389129818178688e-05 0.0086815694316531612
leaf_weight=24.545534834265709 21.536169648170471 1506.8397867530584 23.647309452295303 23.365566834807396 185.42441061139107 113.42095696926117 19.820715695619583 25.749986961483955 28.716107472777367 68.099309295415878 138.36065755784512 18.787391439080238 19.414700523018837 26.468090116977692 28.485583364963531 20.236673548817635
leaf_count=104 89 6256 100 97 794 469 84 109 124 283 590 79 81 110 119 87
internal_value=-0.000396977 -0.000722032 0.00245849 -0.000960805 -0.00105683 -0.00075653 -0.00341742 0.00171299 0.00222158 0.00158349 0.000599487 -2.67512e-05 -0.00317653 0.00707192 0.0028467 0.00567011
internal_weight=2292.92 1987.21 138.339 1848.87 1825.51 1620.26 205.245 305.708 281.163 255.413 206.46 90.335 43.062 48.0043 47.273 48.9528
internal_count=9575 8278 578 7700 7603 6725 878 1297 1193 1084 873 379 181 199 198 211
is_linear=0
shrinkage=0.011451


Tree=219
num_leaves=15
num_cat=0
split_feature=0 26 19 3 5 4 4 10 3 10 2 10 3 10
split_gain=11.7359 11.2685 11.9518 9.73442 9.66468 12.6489 7.13809 6.7034 8.17373 7.67587 6.11085 4.96634 4.91693 2.39316
threshold=-5.708418891170429 -0.97248518864925726 -0.34807692307692301 0.082256325722200943 1.1272217340373494 1.0000000180025095e-35 4.2523889378893589 -0.28288029036230472 -0.044006948465547362 -0.062211447417817249 2.600000000000009 0.054528424935350935 0.012708585105843497 -0.13691137275919971
decision_type=8 8 8 10 10 10 10 8 8 8 10 10 8 10
left_child=7 2 -2 4 5 -3 -6 -1 -9 13 11 -4 -11 -10
right_child=1 3 10 -5 6 -7 -8 8 9 12 -12 -13 -14 -15
leaf_value=-0.0039707717940749782 0.010674765508502701 -0.0013488410557084879 -0.0021422005847114576 0.0062937444281175722 -0.0033294597083474088 0.00093715899589955087 0.0038015449516523147 0.0082714296191091705 0.0033643776861493088 -0.0011279263407464053 0.0051166632131425163 0.0042381374206904533 0.0023969026003010912 0.0086009266003585303
leaf_weight=24.561471164226532 19.125872686505318 1063.1180066913366 64.743118420243263 23.362045347690582 291.32362398505211 451.80417309701443 19.105366349220276 25.710568472743034 28.694379404187202 105.79512540996075 33.933537408709526 20.523364424705505 100.65305587649345 20.198941200971603
leaf_count=104 79 4406 270 97 1239 1879 79 109 124 446 142 87 427 87
internal_value=-0.000392339 -0.000713742 0.00243137 -0.000949855 -0.00104481 -0.000666962 -0.00288342 0.00169439 0.00219765 0.00156624 0.001057 -0.000585633 0.000592762 0.0056138
internal_weight=2292.65 1987.04 138.326 1848.71 1825.35 1514.92 310.429 305.614 281.052 255.342 119.2 85.2665 206.448 48.8933
internal_count=9575 8278 578 7700 7603 6285 1318 1297 1193 1084 499 357 873 211
is_linear=0
shrinkage=0.011451


Tree=220
num_leaves=18
num_cat=0
split_feature=24 31 3 13 3 21 11 2 21 3 23 18 1 29 28 31 4
split_gain=13.2817 15.3077 11.7682 10.4117 13.0369 10.5113 9.4951 9.44514 16.746 9.35627 8.19632 11.4877 8.93095 7.7546 11.2338 7.5532 9.49016
threshold=1.0000000180025095e-35 -23.504672227775469 0.077170061676750459 0.32379032258064527 -0.027897649106429886 1.0000000180025095e-35 0.15168012605234513 -15.299999999999995 -1.0000000180025095e-35 -0.030890369473046627 -111.93749999999999 0.26527777777777783 7.6500000000000066 -5.9226598280946083 0.016524596456603844 79.830574722417865 1.0087171168381455
decision_type=2 2 8 10 10 2 10 10 2 8 10 8 10 8 10 2 10
left_child=1 7 6 15 9 -6 13 8 -1 -5 11 -9 -12 -2 -15 16 -3
right_child=2 3 -4 4 5 -7 -8 10 -10 -11 12 -13 -14 14 -16 -17 -18
leaf_value=-0.0096520977455863324 -0.0028163743778694024 0.00016777078760422617 0.0097622280563819091 -0.0018987901957243001 -0.0013948570212786759 -0.0076352154169382755 0.0083525477639513346 -0.0073208995088066284 0.0016179864795376213 0.00633214720688935 -0.0005352400813610985 -0.0015027849665124838 0.0064717409813753049 0.0042282291424618201 -0.001073113215260888 0.0055115106441734809 0.0030416202053643914
leaf_weight=46.942359179258347 56.410217836499214 849.99173940718174 24.292971804738045 36.171798825263977 94.617012202739716 56.253466576337814 24.080949530005455 54.770527467131615 26.881646141409874 35.137368008494377 281.54283215105534 228.50501587986946 25.391508027911186 120.52386173605919 91.970960110425949 43.55594801902771 182.4976244866848
leaf_count=213 236 3501 107 152 402 237 104 232 112 153 1183 954 105 503 385 186 756
internal_value=3.85063e-05 -0.000313182 0.0022097 0.000410207 -0.00184309 -0.00374485 0.00156286 -0.00172645 -0.00557042 0.00217794 -0.00123993 -0.00264216 5.71147e-05 0.000935792 0.00193753 0.000876311 0.000677363
internal_weight=2279.54 1962.26 317.279 1298.22 222.18 150.87 292.986 664.034 73.824 71.3092 590.21 283.276 306.934 268.905 212.495 1076.05 1032.49
internal_count=9521 8186 1335 5387 944 639 1228 2799 325 305 2474 1186 1288 1124 888 4443 4257
is_linear=0
shrinkage=0.011451


Tree=221
num_leaves=18
num_cat=0
split_feature=0 31 26 3 29 2 7 7 2 31 4 13 13 30 11 13 0
split_gain=13.0673 10.3062 9.33812 8.32217 11.7342 8.0735 8.96634 10.149 9.86607 9.45191 8.98134 8.28573 7.17243 7.5218 6.96105 6.75496 6.28696
threshold=-1.8193018480492797 48.441217889502589 1.140503751094496 0.00052564195342408315 1.2692307692307694 5.1000000000000094 -1.6940183763768439 -0.61456187760705949 -5.1000000000000076 70.152850238634088 0.77015123390163664 0.32379032258064527 0.13737745098039217 -0.59783928063979208 0.12667565139263257 0.078689370485036117 -12.765229295003422
decision_type=10 2 10 10 8 10 8 8 8 2 10 10 10 8 10 8 10
left_child=1 2 14 -3 -5 6 8 -8 -2 -9 -10 12 13 -7 16 -16 -1
right_child=5 3 -4 4 -6 11 7 9 10 -11 -12 -13 -14 -15 15 -17 -18
leaf_value=0.0057317807248281538 -0.002865893794860712 0.0062570778057744773 -0.0048142389060447984 -0.0060536038841421582 0.0048626186676058638 -0.005162206200461001 -0.0041030943778153353 -0.0012445322320496228 0.0010179588489333809 0.0026315300486517358 0.010201127123664135 -0.0051032108397985809 0.0076245270709357459 0.0019479436025812767 0.0078937415235975673 -0.00027822235418001497 0.00031650662153575194
leaf_weight=28.853518679738045 28.625120088458061 83.967370226979256 38.710694491863251 21.068763896822929 31.160087257623672 21.231488168239594 146.71480302512646 854.62453998625278 29.91752028465271 90.679735228419304 25.80084353685379 23.80400176346302 24.947425827383995 180.04459837079048 34.153159603476524 21.355220124125481 593.49295245110989
leaf_count=121 120 379 160 94 141 90 617 3557 126 379 107 99 104 746 144 93 2444
internal_value=3.81109e-05 0.00115899 0.00060843 0.00403865 0.000438414 -0.000632228 -0.00102939 -0.00130758 0.00255454 -0.000871132 0.00534022 0.00123416 0.00191396 0.00118345 0.000922505 0.00478363 0.000573402
internal_weight=2279.15 852.762 716.566 136.196 52.2289 1426.39 1176.36 1092.02 84.3435 945.304 55.7184 250.028 226.224 201.276 677.855 55.5084 622.346
internal_count=9521 3576 2962 614 235 5945 4906 4553 353 3936 233 1039 940 836 2802 237 2565
is_linear=0
shrinkage=0.011451


Tree=222
num_leaves=18
num_cat=0
split_feature=0 5 4 3 9 31 15 1 21 3 7 3 7 11 7 11 25
split_gain=14.8558 10.9489 10.6182 10.0356 12.8719 11.8895 10.8844 7.70209 7.5729 11.6731 9.06051 7.461 7.27944 10.0191 8.89035 6.91001 6.8453
threshold=-0.85557837097878131 -2.7019075392253327 0.27045499839701109 -0.013849888202948744 0.32750190985485111 -42.300116112241646 -0.43844696969696961 5.1000000000000094 1.5000000000000002 0.073369978282679618 -1.5641433943760663 -0.079959497250343611 0.016217688506063064 -0.076910450625403845 -1.6522632590923025 0.12992446761852547 1.5000000000000002
decision_type=10 8 8 8 10 2 10 10 2 8 8 10 10 10 8 10 2
left_child=1 -1 11 4 6 16 -2 -8 10 -10 -4 -3 14 -14 -7 -13 -5
right_child=3 2 8 5 -6 12 7 -9 9 -11 -12 15 13 -15 -16 -17 -18
leaf_value=0.0062066582368952902 0.00017809129278199148 -0.0074120868099056729 -0.005978863904897957 -0.0019271956960734643 0.0040962655999376091 0.0043447648623878479 -0.0050411436273552872 -0.000498712651637036 0.0025831712313070607 0.011986488920143333 0.0013247588243208669 -0.00095841149885743555 -0.0019001332954820466 0.0036448088157377272 -0.0008166779124861225 0.0047806366696936751 -0.0086238680291926828
leaf_weight=49.753508120775223 110.72957608103752 20.738872885704041 22.749343380331993 142.44711026549339 37.530268341302872 48.182297751307487 223.39168202877045 62.827453210949898 110.61183671653271 20.011150866746902 461.88796246051788 299.52619171142578 56.940568640828133 166.43334141373634 419.7631414681673 29.627190619707108 22.772568956017494
leaf_count=222 454 88 94 622 155 199 941 262 469 90 1914 1238 238 686 1726 126 101
internal_value=-3.24716e-05 0.0010038 0.000731515 -0.000847209 -0.00226333 -0.00012769 -0.00287043 -0.0040475 0.00163663 0.00407697 0.000974224 -0.00086015 0.000532451 0.0022299 -0.000279834 -0.00043327 -0.00288098
internal_weight=2305.92 1014.91 965.153 1291.02 434.479 856.539 396.949 286.219 615.26 130.623 484.637 349.892 691.319 223.374 467.945 329.153 165.22
internal_count=9625 4241 4019 5384 1812 3572 1657 1203 2567 559 2008 1452 2849 924 1925 1364 723
is_linear=0
shrinkage=0.011451


Tree=223
num_leaves=18
num_cat=0
split_feature=0 5 4 23 3 9 31 15 23 12 3 8 31 20 13 3 22
split_gain=14.5235 10.7284 10.3808 9.96142 9.81127 12.5855 11.6305 10.6479 7.57033 7.4536 7.36869 7.21763 7.17198 7.14505 7.01619 5.96998 4.81207
threshold=-0.85557837097878131 -2.7019075392253327 0.27045499839701109 381.36666666666673 -0.013849888202948744 0.32750190985485111 -42.300116112241646 -0.36130536130536123 -380.24999999999994 -0.075885309011988408 -0.079959497250343611 0.062371589548884367 84.433255085558372 -0.59166666666666645 -0.49509803921568624 -0.0014066383737337815 28.500000000000004
decision_type=10 8 8 10 8 10 2 10 8 10 10 10 2 8 10 8 8
left_child=1 -1 3 10 5 7 11 -2 9 -4 -3 -6 13 -8 -9 -10 -14
right_child=4 2 8 -5 6 -7 12 14 15 -11 -12 -13 16 -15 -16 -17 -18
leaf_value=0.0061477636042036807 9.5931712234027832e-05 -0.00825838413246603 -0.0076083121321723129 0.0055594462556726749 -0.0039875902922100106 0.0040495526947922425 0.0056227741452892811 0.0017820545725475807 0.00042324482897999405 0.0021170543108318717 -0.00098756487158872504 0.0021413286371296161 0.0084737669562985965 -5.5012340423963386e-05 -0.0045924467211653783 0.0028448541371424033 0.0010754005663403958
leaf_weight=49.661828637123108 115.11417272686958 18.816028371453285 21.690253213047981 28.513339474797249 134.57690238952637 37.536084458231926 29.839706033468246 24.476652324199677 211.18371756374836 18.789938673377037 302.55128435790539 30.51691147685051 23.106299608945847 615.53736360371113 257.19507339596748 363.43326909840107 22.812282145023346
leaf_count=222 472 80 90 118 593 155 124 110 879 79 1254 130 99 2530 1075 1519 96
internal_value=-3.20875e-05 0.000992666 0.000723326 -0.000850405 -0.000837752 -0.00223825 -0.000126301 -0.00283884 0.00161845 -0.00313264 -0.00142939 -0.00285065 0.00052643 0.000213005 -0.00403563 0.00195638 0.00486586
internal_weight=2305.35 1014.64 964.978 349.881 1290.71 434.322 856.389 396.786 615.097 40.4802 321.367 165.094 691.296 645.377 281.672 574.617 45.9186
internal_count=9625 4241 4019 1452 5384 1812 3572 1657 2567 169 1334 723 2849 2654 1185 2398 195
is_linear=0
shrinkage=0.011451


Tree=224
num_leaves=18
num_cat=0
split_feature=31 24 29 2 19 29 13 7 24 14 20 29 2 19 4 9 0
split_gain=13.5458 10.0563 12.0781 9.25848 9.83471 10.0058 8.5632 9.28001 7.86456 7.19487 10.7792 6.90997 6.52017 9.15935 6.79172 6.36544 6.12039
threshold=29.266841744174034 -1.0000000180025095e-35 13.339285714285717 5.1000000000000094 0.08333333333333337 10.902583381530752 0.13333333333333339 -0.073260055267062724 1.0000000180025095e-35 -0.071428571428571425 -0.16369047619047614 -1.6074929971988803 10.150000000000007 0.36038961038961043 -0.56518803458068401 0.21117222015023662 2.6050650239561954
decision_type=2 2 10 10 8 8 10 8 2 10 8 8 8 10 10 10 10
left_child=3 -2 12 4 5 8 7 11 -1 10 -6 -5 13 -3 -14 -7 -9
right_child=1 2 -4 6 9 15 -8 16 -10 -11 -12 -13 14 -15 -16 -17 -18
leaf_value=-0.0013097125071821853 -0.0030485056352431935 0.0021839060092451699 -0.005215426639643363 0.0014256215152296998 0.0052274276919012791 0.0020439750462517194 0.0063214386578345572 0.0029060711885825151 0.0036349340917641725 -0.0032524148101401892 -0.0014050524116795413 -0.0053141209475295881 0.0022543099550203166 -0.0027431509649886348 0.0078675718406557085 0.0092666262210106612 -0.0017046046868166101
leaf_weight=299.4672639220953 60.993168458342552 384.82468023896217 29.787686079740524 31.96729576587677 33.49096591770649 89.671114563941956 36.333445399999619 154.02222253382206 48.426837384700775 279.8124782294035 546.34434662759304 51.380869343876839 69.086197093129158 56.182674318552017 48.117871910333633 18.991802796721458 49.450715929269791
leaf_count=1246 258 1619 125 132 141 377 152 632 201 1171 2266 215 295 233 212 79 208
internal_value=-4.45735e-05 0.00135485 0.00181452 -0.000598902 -0.00102526 0.000332716 0.00113621 0.000466301 -0.000615816 -0.00174618 -0.00101643 -0.00273831 0.0021954 0.00155304 0.0045901 0.00335485 0.00178363
internal_weight=2288.35 648.992 587.999 1639.36 1316.2 456.557 323.155 286.821 347.894 859.648 579.835 83.3482 558.211 441.007 117.204 108.663 203.473
internal_count=9562 2742 2484 6820 5481 1903 1339 1187 1447 3578 2407 347 2359 1852 507 456 840
is_linear=0
shrinkage=0.011451


Tree=225
num_leaves=18
num_cat=0
split_feature=5 2 21 2 25 2 21 19 31 27 28 31 14 21 29 28 22
split_gain=14.6134 12.1028 13.4285 18.1563 12.8746 12.1452 22.1643 10.2401 10.1421 8.92925 8.75889 8.54103 9.80754 7.65403 7.33835 6.37061 7.72294
threshold=-1.1269506439144685 3.8000000000000118 1.0000000180025095e-35 3.8000000000000118 -2.4999999999999996 25.399999999999995 -1.4999999999999998 0.067424242424242456 -65.403848192649193 -0.17779291610079442 0.14539465564694234 44.016129554183188 0.31277173913043482 1.5000000000000002 -9.9325757575757567 0.16159396745822655 80.500000000000014
decision_type=8 8 2 10 2 8 2 10 2 10 8 2 10 2 8 10 10
left_child=9 4 5 13 10 8 -7 -5 -3 -1 -2 14 -13 -4 -6 -11 -17
right_child=1 2 3 7 11 6 -8 -9 -10 15 -12 12 -14 -15 -16 16 -18
leaf_value=-0.004101262618391212 0.00056577995536892349 -0.004255065867081285 0.0028435512508357091 0.0023183836322962508 0.0016569454708145076 -0.010366578239838308 -0.00050058659640349909 -0.0035716886739498672 0.0016656478219822619 0.0033163144619953954 0.0081797168295034365 0.0019874536570660189 -0.0043170895658637435 0.010791712026015757 -0.0023236088912609227 0.0017195541359390646 -0.0060086579045534804
leaf_weight=28.872989192605019 65.55856129527092 43.97762505710125 26.489664793014526 173.0681681483984 65.188084647059441 40.570841938257217 108.49518676102161 49.166862279176712 252.51840206980705 274.29823300242424 27.797665730118752 150.83377881348133 40.490158632397652 41.469058588147163 809.59404602646828 67.726418763399124 21.88338115811348
leaf_count=120 273 186 112 723 273 179 446 205 1041 1167 115 632 169 179 3367 283 92
internal_value=-4.40042e-05 -0.000460768 0.000687586 0.00260157 -0.00118945 -0.000560997 -0.00321978 0.00100853 0.00077993 0.00196432 0.00287457 -0.00154689 0.000642918 0.00775097 -0.00202595 0.00245216 -0.000197988
internal_weight=2288 1895.22 735.756 290.194 1159.46 445.562 149.066 222.235 296.496 392.781 93.3562 1066.11 191.324 67.9587 874.782 363.908 89.6098
internal_count=9562 7900 3071 1219 4829 1852 625 928 1227 1662 388 4441 801 291 3640 1542 375
is_linear=0
shrinkage=0.011451


Tree=226
num_leaves=18
num_cat=0
split_feature=12 21 6 2 21 8 6 5 14 4 2 21 8 4 7 14 7
split_gain=13.9756 12.4258 21.4114 16.9216 15.0963 11.5105 10.0583 8.79044 9.37124 8.74988 8.21397 13.0259 7.21537 6.95623 6.43835 12.564 9.04994
threshold=-0.12499999999999993 -1.0000000180025095e-35 -0.37354593531809516 16.500000000000004 1.5000000000000002 0.040308979589886253 -0.18957447901933461 2.384809377473688 -0.11326979472140762 -0.96740847585863954 -27.949999999999985 -1.4999999999999998 -0.040308979589886239 -1.008717116838145 1.1209018867950871 -0.071428571428571425 0.28595644536533554
decision_type=8 2 10 8 2 8 10 10 8 10 10 2 8 10 10 8 10
left_child=5 2 10 7 6 14 -5 8 -3 -4 11 -2 -9 -7 16 -16 -1
right_child=1 3 9 4 -6 13 -8 12 -10 -11 -12 -13 -14 -15 15 -17 -18
leaf_value=-0.0034513688962952622 -0.010702979750111133 0.0036770868680323075 -0.0012870804626673668 0.00060964975188858587 0.0094767499051860594 0.0048052297934308525 0.0086652395553660048 -0.0077015240913174635 0.00046795289577275458 0.0029739557740790135 -0.001509540383511205 0.00028378548934354208 0.00069416729782078245 -0.0004965825824070607 -0.010561843924558665 0.00038179616578936477 0.0011471863854321236
leaf_weight=187.5833238363266 33.284482359886169 144.91899706423283 87.172556340694427 95.989280298352242 56.556411981582642 42.385664969682693 25.161468788981438 27.736847937107086 662.93981739878654 226.0563687980175 392.80946670472622 24.206373482942581 25.260717451572418 131.39778172969818 34.70529992878437 22.438421249389648 79.562939450144768
leaf_count=794 147 602 364 392 247 178 108 120 2749 953 1633 102 106 547 147 94 335
internal_value=0.000130348 0.000599657 -0.000509086 0.00141459 0.00462493 -0.00156621 0.00232073 0.000748825 0.00104617 0.00178788 -0.00210714 -0.00612651 -0.00374066 0.000809868 -0.00283858 -0.00630953 -0.00208235
internal_weight=2300.17 1802.09 763.529 1038.56 177.707 498.073 121.151 860.856 807.859 313.229 450.3 57.4909 52.9976 173.783 324.29 57.1437 267.146
internal_count=9618 7523 3199 4324 747 2095 500 3577 3351 1317 1882 249 226 725 1370 241 1129
is_linear=0
shrinkage=0.011451


Tree=227
num_leaves=18
num_cat=0
split_feature=12 8 0 1 13 18 27 31 3 15 30 28 3 24 11 27 26
split_gain=13.662 11.2557 10.772 10.118 9.99577 9.93043 9.59148 9.35987 14.261 12.316 7.59246 9.29613 6.65511 6.63002 8.4337 6.36318 5.78953
threshold=-0.12499999999999993 0.040308979589886253 -1.1594798083504469 -5.1000000000000076 -0.30634920634920626 0.22222222222222227 -0.24674042827693049 -30.237826530607887 0.082256325722200943 0.22182539682539684 0.29144736842105273 -0.090872515516398758 -0.026779175892859271 1.0000000180025095e-35 0.044843631870137131 -0.024224900631224865 0.31431897981272022
decision_type=8 8 8 10 8 10 10 2 8 10 10 10 10 2 10 10 10
left_child=1 13 16 4 -2 7 -7 9 -9 -5 11 -6 -4 14 -1 -14 -3
right_child=3 2 12 5 10 6 -8 8 -10 -11 -12 -13 15 -15 -16 -17 -18
leaf_value=-0.0048629499214534544 0.0047545644648940887 0.0058851591007768513 -0.0059086269877639307 -0.0022484931538334701 -0.0012577153293071945 -0.0021416379219653223 0.0041587944408267314 0.00056156190229460169 0.0044936960373038017 0.0032936352437280452 0.0022723974824319796 -0.0061163189535115977 0.0055169968607127959 0.00056051367720293262 -0.00026688298442171913 -0.0020826514069343712 -0.0011229245783280742
leaf_weight=190.06837736070156 32.536085650324821 55.983300432562828 32.456348583102226 252.7548922598362 178.75956517457962 37.282655045390129 197.58950553834438 773.98949506878853 142.73973427712917 65.721649751067162 48.141737386584282 72.236060783267021 20.800507098436356 61.851332724094391 72.268801867961884 43.549255892634392 20.998456373810768
leaf_count=810 140 234 137 1062 743 157 826 3217 602 275 201 300 86 260 300 181 87
internal_value=0.000128871 -0.00154871 0.00080076 0.000592927 -0.00121198 0.00100051 0.00315548 0.00058927 0.00117662 -0.00110034 -0.00187002 -0.00266844 -0.00173752 -0.00280725 -0.00360069 0.000405066 0.00398028
internal_weight=2299.73 497.976 173.788 1801.75 331.673 1470.08 234.872 1235.21 916.729 318.477 299.137 250.996 96.8061 324.189 262.337 64.3498 76.9818
internal_count=9618 2095 725 7523 1384 6139 983 5156 3819 1337 1244 1043 404 1370 1110 267 321
is_linear=0
shrinkage=0.011451


Tree=228
num_leaves=18
num_cat=0
split_feature=0 19 8 15 10 5 3 24 22 0 12 8 3 3 0 19 10
split_gain=13.9334 9.2722 10.7951 10.2024 8.21439 7.27797 11.2799 7.54087 7.08532 6.37713 6.34364 10.7018 10.6675 6.29622 5.72932 3.62491 2.98289
threshold=2.3860369609856282 -0.86190476190476184 -0.20353842642652106 0.089902850772416013 0.0075099336596562991 -1.9999820682386484 0.04215196894065449 1.0000000180025095e-35 -237.49999999999997 8.4654346338124569 0.08333333333333344 -0.044561070251169198 0.039937189815204006 -0.015955224688103283 -2.8459958932238183 inf -0.16681615829375915
decision_type=10 8 8 8 8 8 8 2 8 10 8 10 10 10 10 8 10
left_child=1 4 3 14 -1 6 -4 -7 -2 10 12 -12 -10 15 -3 -11 -15
right_child=8 2 5 -5 -6 7 -8 -9 9 13 11 -13 -14 16 -16 -17 -18
leaf_value=0.0014103181356244462 0.0042717303769758052 -0.0032747307211162435 0.0051702397561795184 0.0018638331690788703 0.010888132604730247 9.0289159971196299e-05 -0.003212755619621417 0.0028914707235042159 -0.0015003679156863465 -0.011264474016002462 -0.0015550369630639802 0.0026202969632485801 -0.0082940291923663534 0.001168891411769767 -0.011848862940538617 -0.0043977405511799825 -0.0037672556370315865
leaf_weight=28.328778833150864 27.849241927266121 21.85303159058094 94.328732192516327 23.75834596157074 20.428056791424751 1169.8219768404961 26.546615689992905 140.57478234171867 199.17981341481209 18.441048592329025 232.74388328194618 122.20606501400471 35.190743446350098 25.925602942705154 19.779130399227142 24.472457855939865 40.439508110284805
leaf_count=120 116 91 412 99 85 4849 116 592 848 81 967 506 148 110 83 106 177
internal_value=-2.1137e-05 0.000593678 0.000432337 -0.0040941 0.00547407 0.000640935 0.00332169 0.0003921 -0.00132842 -0.0015555 -0.00108174 -0.000115303 -0.00254095 -0.0040885 -0.00747006 -0.00747499 -0.00184645
internal_weight=2271.87 1545.42 1496.66 65.3905 48.7568 1431.27 120.875 1310.4 726.448 698.599 589.321 354.95 234.371 109.279 41.6322 42.9135 66.3651
internal_count=9506 6447 6242 273 205 5969 528 5441 3059 2943 2469 1473 996 474 174 187 287
is_linear=0
shrinkage=0.011451


Tree=229
num_leaves=15
num_cat=0
split_feature=0 2 8 16 3 30 3 11 6 14 0 3 0 5
split_gain=13.6233 9.53419 9.07598 9.23942 10.0406 8.79813 8.3161 8.00407 7.26859 7.55215 7.12535 6.59407 6.12317 5.39079
threshold=2.3860369609856282 -17.749999999999996 -0.013585983050449278 1.0000000180025095e-35 0.030410838436397473 0.4375 0.04215196894065449 -0.084907421106009448 2.8820888127001125 0.50238095238095248 8.4654346338124569 -0.015680249068131643 -6.0410677618069828 -1.6020040422154045
decision_type=10 8 10 2 10 10 10 10 10 10 10 10 10 8
left_child=1 -1 3 4 -3 7 -5 -4 9 10 13 -12 -7 -2
right_child=8 2 5 6 -6 12 -8 -9 -10 -11 11 -13 -14 -15
leaf_value=-0.0067198908934939057 0.0024379716398657716 -0.0012376541375234132 7.5841155101020644e-05 0.0031379866409250736 0.0024513127811995488 0.0044771428823314665 -0.0046510140573871213 0.0032719289707866307 0.0039197930316384475 -0.0084867187113925983 -0.0075451180820011532 -0.0017317938877336339 -0.0022356919586407338 -0.0012203959281358429
leaf_weight=22.409707814455032 58.304700136184692 593.8929330855608 141.76238389313221 159.39279392361641 114.91543573141098 21.048813626170158 19.656312882900238 372.95665742456913 32.597947925329208 19.423835545778275 42.206232845783234 64.809248104691505 99.186672061681747 508.89450813829899
leaf_count=94 239 2458 584 668 475 93 82 1578 135 80 184 281 415 2140
internal_value=-2.09632e-05 0.000586977 0.000697381 -5.04075e-05 -0.00063785 0.00174198 0.0022689 0.0023929 -0.00131384 -0.0015633 -0.00135571 -0.00405686 -0.00104242 -0.000841931
internal_weight=2271.46 1545.22 1522.81 887.857 708.808 634.955 179.049 514.719 726.236 693.639 674.215 107.015 120.235 567.199
internal_count=9506 6447 6353 3683 2933 2670 750 2162 3059 2924 2844 465 508 2379
is_linear=0
shrinkage=0.011451


Tree=230
num_leaves=18
num_cat=0
split_feature=6 2 0 7 21 3 0 25 6 11 2 11 29 6 22 8 1
split_gain=13.7884 14.6419 12.3321 12.7067 10.4201 28.6503 11.676 8.7336 7.88252 7.88023 9.14004 5.73825 5.37768 7.97641 5.36205 8.25639 4.5199
threshold=1.688522348159998 3.8000000000000118 7.081451060917181 1.746160110318798 -2.4999999999999996 -0.069055837178852372 -5.0527036276522912 1.0000000180025095e-35 2.1654062395896796 0.045870781154975677 -3.8000000000000109 0.062316678290691659 -6.7357142857142849 3.8634449829010946 -1.0000000180025095e-35 0.028649509216288175 2.600000000000009
decision_type=10 8 10 10 2 10 8 2 10 8 10 10 8 10 10 10 10
left_child=2 7 3 4 5 -1 -6 12 -9 -4 -11 14 -2 -14 -3 -16 -5
right_child=1 11 9 16 6 -7 -8 8 -10 10 -12 -13 13 -15 15 -17 -18
leaf_value=-0.011095186611013256 0.0066222527216790268 0.0076519775252327895 -0.0056981331551070429 -0.0021510996380507841 0.0036322138380050998 -0.00049489021287453191 0.00027060010254402174 0.0031595438016197661 -0.005319921480794302 -0.0044847945689356142 0.0026423237222332994 0.010069334408051092 0.0028080962476832731 -0.0041611830177665102 -0.0040193168625749483 0.0064177892014494961 -0.0075470127286680518
leaf_weight=35.481695741415024 27.635529264807701 28.975013062357903 86.517309501767159 50.148810744285583 154.57464502751827 446.86772169172764 1065.8871784359217 19.890228152275085 47.982311233878136 46.181303381919861 46.918900087475777 29.643535032868385 83.238566040992737 28.332002699375153 19.504632264375687 18.962782233953476 34.529335170984268
leaf_count=157 117 123 383 210 656 1859 4416 83 199 196 195 133 349 120 81 81 143
internal_value=-1.79226e-05 0.0022483 -0.000368977 -8.1055e-05 0.000134993 -0.0012888 0.000698097 0.000522278 -0.00282847 -0.00322344 -0.000899713 0.0059013 0.00216166 0.00102421 0.00398913 0.00114728 -0.00439292
internal_weight=2271.27 304.165 1967.11 1787.49 1702.81 482.349 1220.46 207.079 67.8725 179.618 93.1002 97.086 139.206 111.571 67.4424 38.4674 84.6781
internal_count=9501 1286 8215 7441 7088 2016 5072 868 282 774 391 418 586 469 285 162 353
is_linear=0
shrinkage=0.011451


Tree=231
num_leaves=18
num_cat=0
split_feature=6 0 21 12 27 0 28 9 23 14 1 11 27 6 25 12 29
split_gain=13.4881 12.065 11.1296 12.8467 10.7868 10.3408 8.99904 13.4873 8.3398 8.31519 8.18367 7.72302 7.42395 7.19049 6.04305 5.47495 5.20789
threshold=1.688522348159998 7.081451060917181 -2.4999999999999996 -0.12499999999999993 0.22828737298969717 -5.0527036276522912 -0.11045839614876847 0.80425531914893633 -127.89999999999996 0.3458041958041958 1.0000000180025095e-35 0.045870781154975677 0.2188186309656264 3.7594521058010018 1.0000000180025095e-35 -0.2339122440866627 2.7101065601065595
decision_type=10 10 2 8 10 8 10 8 10 10 10 8 10 10 2 10 8
left_child=1 2 4 9 8 -5 10 12 -1 -4 13 -3 15 14 -2 -8 -13
right_child=6 11 3 5 -6 -7 7 -9 -10 -11 -12 16 -14 -15 -16 -17 -18
leaf_value=-0.0026783385248373964 0.0076268659416144167 -0.0056421805774668037 -0.0011702206990875691 0.0040542531042592912 -0.0093255386765350168 0.00062231639741003732 0.00059669892286245193 0.0068355044576914751 0.0003186238909745568 -0.0086618073568189187 0.0084594670585651632 0.0043711807899893219 0.0016468362296751108 -0.0028167516366979875 -1.0488114582377103e-05 -0.0058870467894162667 -0.0022611269219950545
leaf_weight=238.91725893318653 33.452935114502907 86.382102146744728 238.82782599329948 131.66791720688343 21.517322093248367 888.53698378801346 26.622586265206337 35.391954079270363 247.31099429726601 20.524171590805054 44.825180336833 18.94704595208168 70.553421705961227 24.179414615035057 22.571153849363327 46.409276217222214 74.134744554758072
leaf_count=999 143 383 1001 561 91 3672 111 148 1032 85 196 79 297 103 95 193 312
internal_value=-1.7727e-05 -0.000364916 -8.0211e-05 0.000489051 -0.00151356 0.00106759 0.00222432 0.000572808 -0.00115563 -0.00178364 0.00457295 -0.0031896 -0.000995179 0.00234928 0.00458575 -0.00353939 -0.000889746
internal_weight=2270.77 1966.77 1787.3 1279.56 507.746 1020.2 304.006 178.977 486.228 259.352 125.029 179.464 143.585 80.2035 56.0241 73.0319 93.0818
internal_count=9501 8215 7441 5319 2122 4233 1286 749 2031 1086 537 774 601 341 238 304 391
is_linear=0
shrinkage=0.011451


Tree=232
num_leaves=18
num_cat=0
split_feature=24 31 7 10 25 19 31 11 10 3 6 10 17 3 11 20 3
split_gain=14.9539 12.1349 11.0545 10.6453 10.4826 9.07095 8.98471 11.0797 10.255 8.64311 8.4111 7.99284 6.06578 6.04376 4.6202 4.59104 4.02268
threshold=-1.0000000180025095e-35 88.455892247709144 0.050816421352579445 -0.19032883734673564 4.5000000000000009 0.88194444444444453 3.3934089121614766 0.029486187514881083 -0.087524232627930451 -0.014571503587994914 1.688522348159998 0.028364355127537325 0.5064102564102565 0.015375153751537531 0.05204977771998099 -0.20416666666666664 -0.029023022969782316
decision_type=2 2 10 10 2 10 2 10 10 10 10 10 8 10 10 10 10
left_child=3 4 -3 9 5 10 7 8 -5 -1 -2 -7 -9 16 -4 -11 -8
right_child=1 2 14 6 -6 11 13 12 -10 15 -12 -13 -14 -15 -16 -17 -18
leaf_value=-0.010264349691828356 0.00013073135622791097 0.0080266168617501125 -0.0027018395583572326 0.0055519078539196486 -0.0056066325626880197 -0.0086163701521933221 -0.0017478638608483172 0.00046810134799356605 -0.0037041439721988822 0.00067668337981384886 0.0025012450070018822 8.6840131277678034e-05 0.0081500605829341096 0.00095614402899103172 0.0043609233949697254 -0.0067240332327388403 -0.0081378368376525227
leaf_weight=34.031440392136574 1529.8718695193529 49.849133342504501 27.451634898781776 19.195337146520615 39.737252607941628 27.066842198371887 19.760995283722878 24.64478263258934 74.777465373277664 24.954200491309166 224.5101972669363 27.591286942362785 29.312976077198982 22.00989206135273 20.724278599023819 18.829802498221397 39.192959517240524
leaf_count=147 6360 221 117 80 166 113 83 102 317 105 943 116 122 93 94 79 164
internal_value=8.06978e-07 0.000371285 0.00428367 -0.00234649 0.000162384 0.000291112 -0.00109515 0.000585213 -0.00178782 -0.00598697 0.000434918 -0.0042746 0.00468963 -0.0041452 0.000354362 -0.00255888 -0.0060392
internal_weight=2253.51 1946.8 98.025 306.71 1848.78 1809.04 228.894 147.931 93.9728 77.8154 1754.38 54.6581 53.9578 80.9638 48.1759 43.784 58.954
internal_count=9422 8130 432 1292 7698 7532 961 621 397 331 7303 229 224 340 211 184 247
is_linear=0
shrinkage=0.011451


Tree=233
num_leaves=18
num_cat=0
split_feature=24 8 10 26 30 18 23 10 3 28 16 3 5 5 3 17 23
split_gain=14.6196 11.8969 10.4223 9.7722 9.6981 12.4185 8.55476 9.12947 8.47491 8.16333 8.12075 7.99645 7.71357 6.53852 6.35707 6.07322 5.0736
threshold=-1.0000000180025095e-35 0.059612845954409001 -0.19032883734673564 -0.54411172831656229 -0.17838827838827839 0.048809523809523837 -407.22499999999997 0.28275322922395313 -0.014571503587994914 -0.027823633679359718 -1.4999999999999998 0.014218106738738469 0.45392352807206965 1.4721818777257165 0.012708585105843497 0.019139194139194158 113.20833333333333
decision_type=2 10 10 10 8 8 8 10 10 10 2 8 10 10 8 10 10
left_child=2 6 8 -3 5 -4 -2 12 -1 10 -6 15 -8 -9 -7 -5 -13
right_child=1 3 4 11 9 14 7 13 -10 -11 -12 16 -14 -15 -16 -17 -18
leaf_value=-0.010163987060957221 -0.0046558661499050604 0.0059934767201250865 0.0071002065215321729 -0.000980401338295845 0.0063157091938818239 -0.0067596375079337174 0.00025119737871390983 0.005653005297986213 -0.0025307498018703298 -0.0051246902379084676 -0.0022195503899605142 0.0020495897141748218 -0.0018324710571956083 6.1694829042429321e-05 0.0025010549357342244 0.0038424528487762447 0.0068641194187375014
leaf_weight=33.980770111083984 51.845365598797798 68.12166702747345 35.802529901266098 181.78072430193424 19.496236607432365 19.172939375042915 1048.1244115829468 61.838761925697327 43.781568586826324 83.377509936690331 52.506627961993217 106.53530076146126 298.8367971777916 48.893036305904388 18.543977871537209 41.484239190816879 39.137217998504639
leaf_count=147 218 285 150 761 82 81 4348 257 184 349 221 451 1262 206 78 174 168
internal_value=7.43432e-07 0.000367068 -0.00232035 0.00202924 -0.00108253 0.00233029 -0.000114861 4.86896e-05 -0.00592404 -0.00270037 0.000128065 0.00128783 -0.000211759 0.00319925 -0.00224194 -7.55609e-05 0.00336832
internal_weight=2253.26 1946.6 306.662 437.059 228.9 73.5194 1509.54 1457.69 77.7623 155.38 72.0029 368.937 1346.96 110.732 37.7169 223.265 145.673
internal_count=9422 8130 1292 1839 961 309 6291 6073 331 652 303 1554 5610 463 159 935 619
is_linear=0
shrinkage=0.011451


Tree=234
num_leaves=18
num_cat=0
split_feature=25 3 31 21 3 21 24 9 10 5 5 1 7 22 22 20 19
split_gain=14.302 15.5835 17.6083 14.007 13.1193 12.7145 10.3635 11.7969 10.2182 9.51904 9.38405 9.07786 8.55976 11.7051 7.248 7.01391 6.93156
threshold=-1.0000000180025095e-35 -0.055013965235362942 36.105093135085447 -1.0000000180025095e-35 -0.074618096357226868 13.500000000000002 1.0000000180025095e-35 -0.27336278586278578 0.14968218054660051 -1.2873560345900361 2.8935959241865254 -1.0000000180025095e-35 0.14470119744729154 -147.49999999999997 13.500000000000002 0.038690476190476199 0.84523809523809545
decision_type=2 10 2 2 10 2 2 10 10 10 10 10 10 10 10 10 8
left_child=1 2 11 4 -2 6 9 -8 16 -5 12 -1 14 -14 -3 -7 -6
right_child=3 10 -4 5 8 15 7 -9 -10 -11 -12 -13 13 -15 -16 -17 -18
leaf_value=-0.012791658623846664 -0.0070905610990369952 0.00037776988186880706 0.0063540264986464276 0.001238566728922016 -0.00052471191014336158 -0.0074861687017592502 0.0069685778169095731 0.00083189054379494446 0.0019485721973886174 -0.0011176030278580711 -0.0052163632627607167 -0.0031323855058963124 0.012940963483440643 0.0035470259522265742 0.0038667791128540992 0.00045160537035497601 -0.0037900484154023465
leaf_weight=18.454160928726196 59.057651177048683 238.92817005515099 18.552088886499405 442.74077618122101 158.46219108998775 40.996016681194305 64.072057127952576 112.9768953025341 94.994973614811897 455.46769209206104 20.607841148972511 40.306044280529022 19.077968597412109 157.6141016036272 115.42594031989574 22.358782351016998 184.44636757671833
leaf_count=81 258 997 80 1832 662 173 271 476 398 1906 88 172 82 660 481 93 773
internal_value=0.00011302 0.00157957 -0.00321609 -0.000451361 -0.002054 0.000248921 0.000543774 0.00307039 -0.00136506 4.38462e-05 0.00225472 -0.00627479 0.00255078 0.00460588 0.00151936 -0.00470914 -0.00228502
internal_weight=2264.54 628.966 77.3123 1635.57 496.961 1138.61 1075.26 177.049 437.904 898.208 551.654 58.7602 531.046 176.692 354.354 63.3548 342.909
internal_count=9483 2641 333 6842 2091 4751 4485 747 1833 3738 2308 253 2220 742 1478 266 1435
is_linear=0
shrinkage=0.011451


Tree=235
num_leaves=18
num_cat=0
split_feature=24 21 0 14 22 4 31 30 9 0 28 21 26 14 4 10 8
split_gain=12.9947 22.9845 12.0493 12.6215 11.8124 12.4594 11.088 9.49607 9.40181 8.19323 7.76398 6.83352 6.67961 6.48511 6.26938 5.76515 4.54849
threshold=1.0000000180025095e-35 10.500000000000002 6.9541409993155385 0.60158730158730178 189.50000000000003 -1.4737938259331 -88.066844955317933 -0.023809523809523819 0.19057707828894271 -5.1444216290212159 0.092629310099552511 2.5000000000000004 -0.039999101744530356 -0.19999999999999998 1.2704541093229758 -0.049771966101756458 -0.024044895353785897
decision_type=2 2 10 10 10 8 2 8 8 8 10 2 8 8 8 10 10
left_child=2 4 3 6 5 16 13 -4 -5 -8 -7 15 -3 -1 -13 -9 -2
right_child=1 12 7 8 -6 10 9 11 -10 -11 -12 14 -14 -15 -16 -17 -18
leaf_value=0.00012249539029334362 -0.0040994357124065003 -0.0091301167545205855 -0.0082317837771219982 -0.010683617124341087 -0.0029639908231715519 0.0069884537342003155 0.0021296304247381617 -0.0059925123572039506 -0.0010646310761248977 3.6563310438547538e-05 0.0011639368852563053 -0.0020112744538595866 -0.00071036945639595735 -0.005873387703331674 0.0065602627001399069 0.001501043855258516 0.0032446553048855746
leaf_weight=38.842722430825233 25.08111210167408 23.791463702917099 38.200201466679573 23.777160793542862 30.891198083758354 148.68238873779774 298.8043599575758 48.215366616845131 29.658526808023453 1354.2463126927614 37.928727701306343 24.458922579884529 25.216888815164566 59.721499934792519 19.610893726348877 18.264454767107964 18.756039425730705
leaf_count=170 105 100 168 99 130 631 1267 210 126 5606 159 104 107 262 81 79 79
internal_value=0.000111736 0.00228578 -0.000234255 2.44151e-05 0.00363568 0.00452632 0.000192591 -0.00335935 -0.00542321 0.000415607 0.00581293 -0.00163667 -0.00486508 -0.00352546 0.00184371 -0.00393926 -0.000955688
internal_weight=2264.15 310.348 1953.8 1805.05 261.339 230.448 1751.61 148.75 53.4357 1653.05 186.611 110.55 49.0084 98.5642 44.0698 66.4798 43.8372
internal_count=9483 1311 8172 7530 1104 974 7305 642 225 6873 790 474 207 432 185 289 184
is_linear=0
shrinkage=0.011451


Tree=236
num_leaves=18
num_cat=0
split_feature=22 10 0 14 22 2 11 9 3 9 25 30 25 9 27 28 9
split_gain=11.2938 11.658 10.1031 10.4805 9.93806 9.00445 9.85651 7.84403 9.43927 7.80846 7.23603 6.9889 6.24515 6.01961 4.7236 4.27708 5.75585
threshold=217.50000000000003 0.12920405700927531 6.9541409993155385 0.5590277777777779 -230.49999999999997 13.950000000000005 0.1133086002203615 -0.30834937954642699 0.030410838436397473 -0.11463799350324834 -1.0000000180025095e-35 -0.063510737628384661 1.0000000180025095e-35 0.15761613066151067 -0.004098208445726558 -0.1168296578892183 0.032278903059098148
decision_type=10 10 10 10 8 10 8 10 8 10 2 10 2 10 10 10 8
left_child=1 2 3 4 -1 6 12 8 -4 -8 14 -9 -3 -5 -2 -12 -17
right_child=10 5 7 13 -6 -7 9 11 -10 -11 15 -13 -14 -15 -16 16 -18
leaf_value=0.0041418452870659516 -0.0030604148317196827 0.0015863317733666343 0.0023710594914303877 -0.0083436315318903102 -2.6872776543132592e-05 0.0093852632571718806 0.0016482886993573666 -0.0095451868696654583 -0.0057127663985319203 0.0081063259338584812 -0.00083386642919615111 -0.0020821733259467701 -0.001738601351287598 -0.0001936093755142798 0.0044694409086312586 -0.0027519982759541292 -0.0091243991769263625
leaf_weight=78.587054044008255 20.353609502315521 234.30074791610241 49.535475611686707 29.592230811715126 1393.9995978027582 19.028198167681694 53.738390624523163 34.434892013669014 29.767315208911896 45.216566637158394 27.476198762655258 31.858616083860397 107.55272524058819 19.6229098290205 22.124205201864243 36.1673833578825 39.418295502662659
leaf_count=335 87 980 208 124 5802 80 225 149 128 192 116 136 452 83 93 156 168
internal_value=-1.98747e-05 0.000191656 -0.000253676 2.25938e-05 0.000197361 0.0018045 0.00146367 -0.00312832 -0.000685504 0.00463353 -0.00309851 -0.0060148 0.000538913 -0.00513983 0.000869857 -0.00472921 -0.00612566
internal_weight=2272.77 2127.23 1667.4 1521.8 1472.59 459.837 440.808 145.596 79.3028 98.955 145.54 66.2935 341.853 49.2151 42.4778 103.062 75.5857
internal_count=9514 8894 6965 6344 6137 1929 1849 621 336 417 620 285 1432 207 180 440 324
is_linear=0
shrinkage=0.011451


Tree=237
num_leaves=18
num_cat=0
split_feature=31 28 8 22 19 7 20 12 31 27 15 8 15 22 20 3 31
split_gain=12.5705 11.3994 9.677 9.13929 8.45328 8.22921 10.2543 8.25747 7.90374 7.42954 6.57675 6.24999 5.82904 5.26152 11.6571 5.25341 3.97579
threshold=-88.066844955317933 -0.065099173799445867 0.0097167896710897168 -98.499999999999986 -0.50641025641025628 -0.037508634520738153 -0.59166666666666645 0.066755793226381546 32.372849198151705 0.033666442098046832 0.22182539682539684 0.017780338696298446 0.39141414141414149 -56.499999999999993 0.40588235294117653 -0.028281175176202097 -98.558290782262802
decision_type=2 8 8 10 8 8 8 10 2 10 10 8 8 10 8 10 2
left_child=12 2 3 9 10 6 -6 -7 -5 -2 11 -3 16 14 -4 -15 -1
right_child=1 4 13 8 5 7 -8 -9 -10 -11 -12 -13 -14 15 -16 -17 -18
leaf_value=-0.0036852306468089934 0.00070434439498841944 -0.0040602962329516542 0.0049670394180054535 0.00075463510990712054 0.0056171642260311972 -0.00042410551755507289 -0.0025710722054813392 0.0025626841237104824 -0.0033691632425722879 0.0090005969472508624 0.0062378400225743267 0.0042635087338036889 -0.00043054735968666206 0.0075472634564934674 -0.0043382995286049093 0.0030833509141959983 -0.0095268401366334632
leaf_weight=43.516820177435875 31.511403888463974 23.307077690958977 37.186587825417519 190.33453467488289 20.745200738310814 1010.226378813386 327.57277704775333 137.2739709764719 88.865810588002205 25.217824295163155 43.432827353477478 22.689261019229889 42.212900042533875 48.519250378012657 32.43082994222641 123.18384930491447 24.263012021780014
leaf_count=195 133 97 159 789 87 4192 1371 574 374 108 181 95 186 206 141 520 106
internal_value=-1.96901e-05 0.000172884 0.00154968 0.000291447 -0.000328898 -0.000533853 -0.00207365 -6.55269e-05 -0.000562786 0.00445362 0.00307794 4.79411e-05 -0.00378413 0.0032956 0.000632174 0.00436891 -0.00584834
internal_weight=2272.49 2162.5 577.25 335.93 1585.25 1495.82 348.318 1147.5 279.2 56.7292 89.4292 45.9963 109.993 241.321 69.6174 171.703 67.7798
internal_count=9514 9027 2430 1404 6597 6224 1458 4766 1163 241 373 192 487 1026 300 726 301
is_linear=0
shrinkage=0.011451


Tree=238
num_leaves=18
num_cat=0
split_feature=0 8 8 12 2 1 5 0 14 21 8 10 0 15 15 22 20
split_gain=14.6603 12.369 9.47363 10.7041 9.11839 9.07982 8.82634 7.97556 7.92615 7.54768 13.8228 7.74139 7.351 7.23257 6.66622 6.09029 5.4961
threshold=-2.2792607802874723 -0.0062980331063800235 -0.017780338696298439 -0.22222222222222213 12.700000000000005 -3.8000000000000109 -0.054862178703890978 -12.024640657084188 0.57359307359307365 3.5000000000000004 0.041874266284952534 -0.26924525532539462 3.1786447638603712 -0.02777777777777778 0.25160256410256415 13.500000000000002 0.34166666666666673
decision_type=8 10 10 8 8 10 10 10 10 2 10 8 8 10 8 10 8
left_child=7 2 3 14 8 -5 -4 -1 12 11 16 -9 -3 -13 -2 -6 -11
right_child=1 4 6 5 15 -7 -8 9 -10 10 -12 13 -14 -15 -16 -17 -18
leaf_value=0.007409786589473613 -0.0030662073410799131 0.0015871239764725801 -0.00070573775036306943 -0.0026184641866512735 0.0080410670420646303 4.9392355158901363e-05 -0.011003335087927628 -0.0031710775467212746 -0.0064908775236694758 -0.0023253967094093069 0.012902203231471504 2.4487780705340322e-05 -0.0012365635949120278 0.0026477111446851914 -0.0099744241108238041 0.00028370991172439882 0.0049040600221220464
leaf_weight=26.264387458562851 82.074019566178322 302.3561255633831 19.098123252391815 241.09492583572865 33.533252730965614 542.91488589346409 25.111190229654312 61.90346585214138 21.802451133728027 25.167162537574768 18.488052859902382 345.47381718456745 200.5282089561224 228.64232741296291 23.355706974864006 21.769102707505226 29.058237180113792
leaf_count=115 354 1250 79 1007 143 2260 106 260 90 108 83 1448 841 954 104 92 126
internal_value=-3.54866e-05 -0.000679737 -0.0014952 -0.00123519 0.000633186 -0.000772533 -0.00663096 0.00129069 0.000164318 0.00105721 0.0045352 0.000655284 0.000461016 0.00107104 -0.00464932 0.00502699 0.00156115
internal_weight=2248.64 1513.64 933.649 889.44 579.989 784.01 44.2093 734.997 524.687 708.733 72.7135 636.02 502.884 574.116 105.43 55.3024 54.2254
internal_count=9420 6326 3910 3725 2416 3267 185 3094 2181 2979 317 2662 2091 2402 458 235 234
is_linear=0
shrinkage=0.011451


Tree=239
num_leaves=18
num_cat=0
split_feature=24 0 25 8 26 14 28 23 18 15 8 5 22 14 5 22 15
split_gain=15.6574 15.9471 11.8055 10.8345 9.86632 10.9396 9.62909 9.16763 10.0405 9.03895 8.2142 8.19878 6.77915 7.01288 6.30482 5.39518 4.78684
threshold=-1.0000000180025095e-35 3.0020533880903497 -1.4999999999999998 -0.0037310444316009657 -0.53013166790707433 0.50238095238095248 -0.027823633679359718 -407.22499999999997 0.33578431372549028 -0.11271880293619423 -0.017004469497030935 -0.91062917945575139 -223.49999999999997 -0.42796092796092788 0.37405915570824938 288.00000000000006 -0.33208020050125303
decision_type=2 10 2 10 10 10 8 8 10 10 10 10 8 8 10 10 10
left_child=2 3 -1 7 11 -6 -4 -2 -9 16 -11 -5 -3 14 -14 -15 -8
right_child=1 12 6 4 5 -7 9 8 -10 10 -12 -13 13 15 -16 -17 -18
leaf_value=0.00098645666687657754 -0.0059297536194747773 0.0051939005399985845 -0.00098931928860565826 0.011185205960816227 0.0020706661117950438 -0.0066895053511795916 -0.0062800213219988731 9.7049097318564474e-05 0.0047121553158164407 -0.0079864710203018784 -0.00081351488618985315 0.0032474078282258728 0.0077465600042502455 -0.0015968681831500773 -0.0011690989110985392 -0.0065869880188243381 -0.014549155103678582
leaf_weight=91.381549850106239 29.83574703335762 19.77749240398407 87.00445368885994 26.762373730540276 407.45660890638828 18.953547835350037 20.485590428113937 786.9100029617548 66.422747418284416 35.372086733579636 50.364215031266212 47.398780763149261 18.829720914363861 470.48701569437981 21.978296652436256 29.679385736584663 19.113940134644508
leaf_count=385 125 83 366 116 1715 81 88 3265 276 154 211 196 79 1972 98 130 80
internal_value=-3.50952e-05 0.000342829 -0.00245012 0.00100288 0.00234758 0.00167151 -0.00392754 0.000239528 0.000459663 -0.00595123 -0.00381141 0.0061856 -0.00128521 -0.00152814 0.00300283 -0.0019013 -0.0104451
internal_weight=2248.21 1944.49 303.722 1383.74 500.571 426.41 212.34 883.168 853.333 125.336 85.7363 74.1612 560.752 540.974 40.808 500.166 39.5995
internal_count=9420 8136 1284 5774 2108 1796 899 3666 3541 533 365 312 2362 2279 177 2102 168
is_linear=0
shrinkage=0.011451


Tree=240
num_leaves=18
num_cat=0
split_feature=24 31 25 19 2 11 25 26 6 2 3 12 30 27 2 7 11
split_gain=11.6622 10.9255 10.5806 10.1006 9.46736 11.5297 10.6104 8.02828 7.55306 7.17992 10.4716 7.11498 6.48827 5.9174 5.31536 5.18518 4.68486
threshold=-1.0000000180025095e-35 86.348826244443799 -3.4999999999999996 0.88194444444444453 -5.1000000000000076 0.062316678290691659 1.0000000180025095e-35 0.074487451590609585 0.17768708671333222 2.5499999999999976 -0.030410838436397466 -0.033304523192163531 -0.029586834733893504 0.093332080325237224 -1.0000000180025095e-35 0.35971783779910743 -0.036486777045507783
decision_type=2 2 2 10 8 10 2 10 10 10 8 10 8 8 10 10 10
left_child=2 3 -1 4 6 -6 -2 9 11 10 -4 -9 -3 -14 -15 -11 -5
right_child=1 12 7 16 5 -7 -8 8 -10 15 -12 -13 13 14 -16 -17 -18
leaf_value=0.0036253574448655043 -1.9085397616820001e-05 -0.00041189997978661384 0.00024723658738986024 -0.0076273853329786598 0.00027315663361713937 0.002905868120731933 -0.004247423179157093 -0.0071546833873917717 0.0037129044002245141 0.0013985189518474972 -0.0078518994265127096 0.00076698315033198324 0.0096223460496523226 -0.0010938725896885361 0.0068196209868328925 -0.0057057392654181228 -0.0012402885120800756
leaf_weight=37.969873547554016 260.4993808567524 31.146343350410461 27.428134605288506 29.292249485850334 1155.0632441788912 268.29031780362129 110.308299690485 25.894406646490097 38.986596956849098 39.43632173538208 87.195152908563614 33.516321793198586 30.537003248929977 21.17069473862648 22.438903376460075 19.65395399928093 30.901338800787926
leaf_count=160 1086 136 117 124 4802 1128 461 110 164 166 372 140 133 96 101 83 129
internal_value=6.81767e-05 0.000394865 -0.00199287 0.000190448 0.000345945 0.000770522 -0.00128227 -0.00278373 -0.000167362 -0.00425946 -0.00592358 -0.00272655 0.00397122 0.00579975 0.00301907 -0.00100149 -0.00439768
internal_weight=2269.73 1959.65 310.081 1854.35 1794.16 1423.35 370.808 272.111 98.3973 173.714 114.623 59.4107 105.293 74.1466 43.6096 59.0903 60.1936
internal_count=9508 8196 1312 7730 7477 5930 1547 1152 414 738 489 250 466 330 197 249 253
is_linear=0
shrinkage=0.011451


Tree=241
num_leaves=16
num_cat=0
split_feature=0 23 31 14 23 25 21 2 2 22 12 2 12 30 31
split_gain=17.6734 11.6361 10.3089 10.1329 10.9656 9.74004 8.83498 14.6528 10.8868 8.81658 8.11575 7.91582 6.07134 4.60482 1.88307
threshold=2.3860369609856282 -630.08333333333314 -88.066844955317933 -0.66287878787878773 -80.622435897435921 -4.4999999999999991 1.0000000180025095e-35 -15.200000000000001 -17.799999999999994 -5.4999999999999991 0.38479595521849042 13.950000000000005 -0.079455266955266987 0.29144736842105273 -104.87663238630215
decision_type=8 8 2 8 8 2 2 10 10 10 8 10 10 10 2
left_child=1 -1 12 -2 9 -4 8 -8 -6 10 -5 -7 14 -11 -3
right_child=3 2 5 4 6 11 7 -9 -10 13 -12 -13 -14 -15 -16
leaf_value=-0.0066611002782922526 0.0062580650020296275 -0.0082128456115183289 0.0069837151414031077 -0.0032482724847404292 -0.0064901119911448656 0.00076631208882950962 0.0068980408672705846 -0.00047809903331100375 -0.00096825348121236767 -0.0074235507614132052 0.0051870089632399842 0.0047053883580714584 0.001133990615763645 -0.0014529498924774438 -0.0033088960393831239
leaf_weight=26.436721727252007 21.516204431653023 22.749500930309296 35.552069693803787 57.363572061061859 63.058800160884857 1320.3582871556282 40.055614531040192 265.61041946709156 177.66865903139114 82.590219110250473 19.506608009338379 69.845313429832458 24.433165535330772 21.731987088918686 20.912922412157059
leaf_count=110 93 99 150 243 271 5503 168 1108 749 354 81 296 103 91 89
internal_value=6.73868e-05 0.000776665 0.000911187 -0.00137149 -0.00160261 0.00111958 -0.000790884 0.000501329 -0.00242856 -0.00403859 -0.00108169 0.000966363 -0.00342088 -0.0061968 -0.0059486
internal_weight=2269.39 1520.29 1493.85 749.102 727.586 1425.76 546.393 305.666 240.727 181.192 76.8702 1390.2 68.0956 104.322 43.6624
internal_count=9508 6350 6240 3158 3065 5949 2296 1276 1020 769 324 5799 291 445 188
is_linear=0
shrinkage=0.011451


Tree=242
num_leaves=18
num_cat=0
split_feature=11 25 0 19 8 23 18 30 12 0 24 17 10 18 0 30 8
split_gain=10.3477 11.9133 9.56226 9.08934 8.0101 7.86425 6.52373 6.51463 6.42269 7.60772 6.39843 5.82493 5.00675 4.96361 3.93029 3.58763 3.04356
threshold=-0.10172571764804776 -5.4999999999999991 5.3579739904175225 0.024404761904761919 -0.076656568499487279 -117.26236263736261 0.86607142857142871 -0.072514619883040934 -0.53802776171197209 -4.6310746064339474 -1.0000000180025095e-35 -0.175219298245614 -0.32363923998112581 0.20972222222222225 0.17385352498288678 0.13332369385000967 0.070451391178924863
decision_type=8 2 10 10 8 10 8 8 10 8 2 10 10 10 10 10 10
left_child=3 -2 4 8 6 -6 -3 13 12 -10 -11 -9 -1 -4 -14 16 -5
right_child=1 2 7 15 5 -7 -8 11 9 10 -12 -13 14 -15 -16 -17 -18
leaf_value=-0.002545912348509395 0.0090900000188932611 -0.0019473933276389259 -0.0066385775358274697 -0.0087114078411534759 0.00013598460736266379 0.0019248395608099092 0.0022709764968843757 0.00010782310511273468 0.0022276433245192462 -0.0092488404165943505 -0.0022953683726021652 -0.0049835902913027037 0.0068546485832589824 -0.0001943853609323233 0.0006068833096913829 -0.00092080606907014157 -0.0031934429053429515
leaf_weight=22.4082011282444 19.203353956341743 250.04966303706169 50.823074817657471 36.884642958641052 747.45447669923306 565.96652019023895 58.888125836849213 178.82451950013638 41.343111202120781 19.916007190942764 116.5567047894001 34.608573511242867 26.907462373375893 22.590706527233124 25.605814665555954 18.629313930869102 21.860780566930771
leaf_count=95 81 1043 217 158 3106 2378 246 752 171 87 492 148 111 97 112 79 92
internal_value=-5.2744e-05 0.000268135 0.000176278 -0.001924 0.000517187 0.000907402 -0.00114017 -0.00174859 -0.000866723 -0.00204964 -0.00334991 -0.000730629 0.00193412 -0.00467507 0.00385373 -0.00534079 -0.00671655
internal_weight=2258.52 1928.41 1909.21 330.112 1622.36 1313.42 308.938 286.847 252.737 177.816 136.473 213.433 74.9215 73.4138 52.5133 77.3747 58.7454
internal_count=9465 8068 7987 1397 6773 5484 1289 1214 1068 750 579 900 318 314 223 329 250
is_linear=0
shrinkage=0.011451


Tree=243
num_leaves=18
num_cat=0
split_feature=5 0 0 2 15 30 6 12 21 2 17 6 2 0 0 12 2
split_gain=13.7107 9.46062 8.25345 8.15453 10.6549 7.9877 7.9139 7.35654 6.97459 12.6751 6.71635 6.61671 5.89598 5.4001 7.21949 4.07743 6.49742
threshold=2.160225421011043 5.3579739904175225 -11.419575633127991 7.7000000000000037 -0.017700501253132824 0.31706349206349216 -2.0837353660105489 -0.12723285486443384 1.0000000180025095e-35 -11.450000000000001 -0.16575091575091572 -0.55347891747576161 10.10000000000001 0.75975359342915827 3.8945927446954127 0.81934731934731941 -1.0000000180025095e-35
decision_type=10 8 10 10 10 8 10 8 2 10 8 8 8 8 10 8 10
left_child=1 2 -1 11 -5 6 -3 -2 12 -10 -8 -4 -7 15 -15 16 -9
right_child=7 5 3 4 -6 8 10 13 9 -11 -12 -13 -14 14 -16 -17 -18
leaf_value=0.0063045909829332267 -0.0073957835398417073 -0.010135854942417541 -0.0011882226369982977 0.00030150845176103632 0.0055026298268685886 5.6180862699478817e-05 -0.0079171504661920845 0.0065516835599661507 0.0090593484148488203 -0.00026011491054995492 -0.0011195664212944071 0.00056665533530722112 -0.0062287446326917519 -0.0088993487678615847 -0.00051864535479116691 -0.0033455997596006475 -0.0017474169472356262
leaf_weight=31.266232401132584 40.495592549443245 20.427857339382172 372.81629805266857 120.19890230894089 90.003464475274086 45.93853534758091 23.2724399715662 22.484101518988609 23.970473796129227 85.602987587451935 95.081558272242546 1146.2887157052755 33.423979118466377 25.562311351299286 27.909937411546707 27.302364304661751 26.105362981557846
leaf_count=137 179 91 1554 506 377 194 100 93 100 356 403 4773 144 111 126 114 107
internal_value=-5.22103e-05 0.000202663 0.000535301 0.000428616 0.00253879 -0.00158182 -0.00366067 -0.00317429 -4.73507e-05 0.00182083 -0.00249284 0.000135646 -0.00262041 -0.00182185 -0.00458492 0.000147811 0.00212936
internal_weight=2258.15 2088.29 1760.57 1729.31 210.202 327.718 138.782 169.86 188.936 109.573 118.354 1519.11 79.3625 129.364 53.4722 75.8918 48.5895
internal_count=9465 8735 7347 7210 883 1388 594 730 794 456 503 6327 338 551 237 314 200
is_linear=0
shrinkage=0.011451


Tree=244
num_leaves=17
num_cat=0
split_feature=31 30 22 27 1 31 4 7 11 29 4 30 11 12 28 23
split_gain=16.0824 9.64002 9.06521 11.596 7.38028 7.9671 7.15202 6.89734 6.27729 8.28072 7.62048 4.27046 3.84857 3.70466 3.06228 2.58134
threshold=-88.066844955317933 0.094150535454883263 210.50000000000003 -0.004098208445726558 -1.0000000180025095e-35 96.177753248932518 2.8885962403721499 0.27393064411834794 0.078403460681073914 7.3639880952380965 0.71420423662245425 -0.068181818181818191 -0.086611540684429542 -1.0000000180025095e-35 0.24376366983273448 24.009523809523845
decision_type=2 10 10 10 10 2 10 10 10 8 8 10 8 10 8 10
left_child=1 12 4 11 5 6 -2 13 10 -10 -6 15 -1 -5 -14 -4
right_child=2 -3 3 7 8 -7 -8 -9 9 -11 -12 -13 14 -15 -16 -17
leaf_value=-0.010096351948397751 -0.00047632762481347426 0.001048448546761747 -0.0053741147607460835 -0.0058678721649457546 -0.00058096538952447725 0.0054712980121909933 -0.0058196712134225359 0.0045275903854141361 0.0047905666381662946 0.00020085992099979391 0.0014333905914800688 -0.0026041568941868728 -0.0024474588278678455 0.0010081641982048928 -0.0081187310922175016 -0.011707347546066728
leaf_weight=25.299807578325272 761.52435332536697 31.358150348067284 18.549112677574158 21.060960948467255 444.89008036255836 27.682570680975914 33.676052182912827 30.443812385201454 113.61510923504829 94.007952570915222 550.14279301464558 26.080222576856613 34.237260937690735 19.177958309650421 19.840680599212646 18.812226310372353
leaf_count=116 3171 136 79 88 1858 122 140 128 483 398 2287 109 149 80 90 80
internal_value=-6.98431e-05 -0.00431273 0.000148965 -0.00272667 0.00034021 -0.000495183 -0.000707271 0.000467704 0.000911762 0.00271968 0.000532963 -0.0062537 -0.0064218 -0.0026275 -0.00460129 -0.00871149
internal_weight=2270.4 110.736 2159.66 134.124 2025.54 822.883 795.2 70.6827 1202.66 207.623 995.033 63.4416 79.3777 40.2389 54.0779 37.3613
internal_count=9514 491 9023 564 8459 3433 3311 296 5026 881 4145 268 355 168 239 159
is_linear=0
shrinkage=0.011451


Tree=245
num_leaves=12
num_cat=0
split_feature=25 31 0 30 22 1 7 18 19 11 0
split_gain=16.3725 15.8663 9.74447 9.59845 8.97895 8.50632 8.12474 8.11496 4.65321 3.73495 3.61027
threshold=5.5000000000000009 -88.066844955317933 8.3148528405201922 0.094150535454883263 210.50000000000003 -1.0000000180025095e-35 0.27393064411834794 -0.16575091575091572 0.073214285714285746 -0.086611540684429542 0.21492128678986869
decision_type=2 2 10 10 10 10 10 8 8 8 10
left_child=1 3 4 9 5 -3 -6 -4 -9 -1 -11
right_child=-2 2 7 -5 6 -7 -8 8 -10 10 -12
leaf_value=-0.0099544491665226314 -0.0094634742536078321 -0.00030372517467377986 0.0025250764519078326 0.0011685974194940816 -0.0047735652329833171 0.0012547855983483327 0.001415039076503793 -0.0089954152607823502 -0.0030205593570118371 -0.0018798600037343283 -0.0078809259988160876
leaf_weight=24.99783156812191 23.405714526772499 771.15585947036743 25.894621938467026 31.139017879962921 77.974315971136093 1133.7628362029791 42.657829791307449 23.697658970952034 61.54561872780323 30.752351641654968 23.060005933046341
leaf_count=115 99 3209 111 135 326 4732 179 103 267 130 108
internal_value=-6.91728e-05 3.14598e-05 0.000250303 -0.00419743 0.000431821 0.000623978 -0.00258938 -0.00304092 -0.00473815 -0.00630969 -0.00451606
internal_weight=2270.04 2246.64 2136.69 109.949 2025.55 1904.92 120.632 111.138 85.2433 78.8102 53.8124
internal_count=9514 9415 8927 488 8446 7941 505 481 370 353 238
is_linear=0
shrinkage=0.011451


Tree=246
num_leaves=18
num_cat=0
split_feature=10 9 6 8 22 17 12 18 12 15 31 25 17 2 8 31 8
split_gain=8.66074 10.2231 10.2353 8.9983 10.2818 7.71846 7.78011 11.4493 7.46016 6.83515 6.65281 9.40659 7.00991 6.21081 5.64289 8.28533 5.11839
threshold=-0.26924525532539462 -0.17491258741258736 0.59279236657172529 -0.059612845954408987 224.50000000000003 -0.17817460317460315 -0.071400011424001805 0.10000000000000001 -0.1818181818181818 0.055555555555555573 102.05040405783622 4.5000000000000009 -0.14365079365079361 2.600000000000009 0.093998988470923209 -6.7855661509314578 0.0037310444316009665
decision_type=8 10 10 8 10 10 8 8 8 8 2 2 8 8 10 2 10
left_child=1 5 -3 4 8 6 16 -8 9 -2 11 12 -5 -10 15 -4 -1
right_child=3 2 14 10 -6 -7 7 -9 13 -11 -12 -13 -14 -15 -16 -17 -18
leaf_value=0.0015449856731246901 -0.0060929906321076496 -0.0088870631517230705 0.005122215984774553 0.0028734556158324809 -0.0067797644797587403 -0.0059889384794205329 0.0039323004714892753 -0.0068135852355189104 -0.00092645007096978419 -2.2590974033470592e-05 0.005003612190033156 -0.006724464947355382 0.00038826547961451992 0.0024174501062396926 -0.006031231748513317 -0.003459968169976364 0.0099975957047599116
leaf_weight=18.61355085670948 53.666934922337532 40.897883221507072 24.308030143380165 167.11000145971775 38.140167310833931 18.672665700316429 28.241495594382286 22.983244046568871 210.23251208662987 44.045393273234367 44.793743774294853 22.256196439266205 1321.0764435082674 110.60109861195087 29.378998160362244 35.376383483409882 18.909829586744308
leaf_count=80 228 171 101 699 166 79 117 97 882 189 201 94 5518 465 124 148 79
internal_value=2.75373e-05 -0.00203794 -0.00419011 0.000271829 -0.00114032 0.000575553 0.00199088 -0.00091455 -0.000616517 -0.00337525 0.000686807 0.000556649 0.000668485 0.000228901 -0.00198356 5.3215e-05 0.00590424
internal_weight=2249.3 237.382 129.961 2011.92 456.686 107.421 88.7481 51.2247 418.546 97.7123 1555.24 1510.44 1488.19 320.834 89.0634 59.6844 37.5234
internal_count=9438 996 544 8442 1930 452 373 214 1764 417 6512 6311 6217 1347 373 249 159
is_linear=0
shrinkage=0.011451


Tree=247
num_leaves=18
num_cat=0
split_feature=28 24 28 1 17 25 17 11 0 7 6 13 29 11 0 23 13
split_gain=15.1041 12.4131 11.9939 11.5571 11.5029 13.4055 11.1974 11.0291 10.9601 11.9551 10.1583 9.95605 9.75586 9.53327 9.10197 8.28791 7.87584
threshold=-0.0089693973679521224 -1.0000000180025095e-35 0.014686532646793858 11.450000000000005 0.072478991596638676 -2.4999999999999996 0.57359307359307365 0.10008692137571841 1.0000000180025095e-35 -1.6522632590923025 0.97127377793747027 0.30860805860805868 11.795980649784999 -0.0081112691473901304 -0.24229979466119109 -11.786616161616193 0.28660714285714289
decision_type=10 2 10 10 10 2 8 10 10 10 8 8 8 8 10 10 8
left_child=3 2 -2 6 5 -4 12 8 -3 -10 13 -9 -1 -8 -5 -14 -12
right_child=1 7 4 14 -6 -7 10 11 9 -11 16 -13 15 -15 -16 -17 -18
leaf_value=0.0034044293114355965 -0.012098719373802396 0.00049488183108869121 0.006514296038716531 0.010962520577268773 -0.0096118859558105008 -0.00326581293277137 -0.004778878521469845 0.0049501561861654726 0.0053277182448009256 -0.0031054079329001071 0.0034955946617948506 -0.0041580132022238153 -0.006029324307508392 -0.00036896687136767564 0.0006856787088792499 0.0022964007109357171 0.00019945916583330006
leaf_weight=260.89113053679466 20.627551078796387 307.00481802225113 22.947630241513252 24.989916414022446 25.417657271027565 82.427773624658585 94.815414518117905 76.201330095529556 23.143519297242165 307.93637181818485 112.60692617297173 19.245877265930176 29.031417548656464 197.09927150607109 20.366608649492264 32.667180866003036 591.7171014547348
leaf_count=1097 86 1271 96 107 107 352 399 318 101 1313 471 82 123 827 84 138 2466
internal_value=2.7154e-05 -0.00113745 -0.00411498 0.000782824 -0.00280121 -0.00110859 0.00058568 -0.000519651 -0.00106338 -0.00250644 -1.51927e-05 0.00309759 0.00243755 -0.00180891 0.0064242 -0.00164359 0.000729234
internal_weight=2249.14 884.953 151.421 1364.18 130.793 105.375 1318.83 733.532 638.085 331.08 996.239 95.4472 322.59 291.915 45.3565 61.6986 704.324
internal_count=9438 3726 641 5712 555 448 5521 3085 2685 1414 4163 400 1358 1226 191 261 2937
is_linear=0
shrinkage=0.011451


Tree=248
num_leaves=15
num_cat=0
split_feature=22 3 1 9 28 31 5 28 31 22 26 10 1 4
split_gain=9.80915 10.6713 9.48324 8.65482 8.36547 7.79606 8.57558 7.78459 7.69958 6.68039 6.47916 5.29445 4.86752 3.48938
threshold=238.50000000000003 -0.074618096357226868 5.1000000000000094 0.46158933658933665 -0.17591292757934285 -35.509631019320516 0.78416567680258331 -0.13981721987341897 -66.547424914057714 -321.49999999999994 -0.16024591053693713 0.10032513197070163 -1.0000000180025095e-35 -0.49314353894131541
decision_type=10 8 10 10 8 2 10 10 2 8 10 8 10 10
left_child=1 11 3 9 -4 13 10 -5 -6 -3 -7 -1 -12 -2
right_child=5 2 4 7 8 6 -8 -9 -10 -11 12 -13 -14 -15
leaf_value=-0.0097818875333120607 -0.010804844034215359 0.0043601123991228183 0.0075877525404184649 0.0018697819284400393 -0.003817549785482776 0.0067540010067577419 -0.0068658137156260924 -0.0056162119396961294 0.0022078923938354759 0.0002434331457884969 0.002968463766032253 -0.0012464473351740247 -0.0048161689702540759 -0.0035733975906329847
leaf_weight=18.60731329023838 18.090617492794991 52.756741166114807 33.863179191946983 25.760333701968193 30.014786124229431 18.815303102135658 22.640459388494492 59.363736256957054 302.52759879827499 1600.2523696124554 18.904128879308701 19.291449144482613 22.226576596498489 18.239114746451378
leaf_count=80 84 225 146 111 129 79 97 248 1261 6695 79 80 92 79
internal_value=0.000258642 0.000436666 0.00054588 0.000192613 0.00221831 -0.00293334 -0.000968128 -0.00335385 0.00165753 0.000376514 0.00131003 -0.00553321 -0.00124793 -0.00730339
internal_weight=2261.35 2142.44 2104.54 1738.13 366.406 118.916 82.5865 85.1241 332.542 1653.01 59.946 37.8988 41.1307 36.3297
internal_count=9485 8975 8815 7279 1536 510 347 359 1390 6920 250 160 171 163
is_linear=0
shrinkage=0.011451


Tree=249
num_leaves=18
num_cat=0
split_feature=0 2 5 21 2 3 3 21 6 13 0 9 18 0 3 13 3
split_gain=11.7761 9.70508 10.3586 9.06713 16.8974 13.0753 11.2823 12.8258 10.6913 10.2017 7.54288 6.94918 6.11486 7.33651 6.7873 7.89432 8.08244
threshold=2.557152635181382 7.7000000000000037 1.603144083014451 1.0000000180025095e-35 -11.450000000000001 0.05906449782075935 -0.074618096357226868 -1.4999999999999998 1.1754380791933237 -0.37321428571428567 0.26967830253251185 -0.054516317016316991 0.27311577311577312 3.5318275154004106 -0.027265032107618211 0.23132664437012262 -0.039895013123359462
decision_type=10 10 10 2 8 8 10 2 8 8 10 8 10 10 10 8 10
left_child=1 3 10 6 8 -6 7 -1 -5 -8 11 -3 14 -14 15 16 -2
right_child=12 2 -4 4 5 -7 9 -9 -10 -11 -12 -13 13 -15 -16 -17 -18
leaf_value=-0.0082818277992857681 -0.002287489229628722 0.007384674632372498 -0.0045314744541270074 -0.011269168200095584 0.0015219973100068262 0.0070259224896711842 0.0048637244726622529 -0.00077264715272780849 0.00062848973999121813 -8.1288180610151521e-05 0.008416821383734098 0.0013967578407957956 -0.0096411601422413361 -0.0019914194792735964 0.00033880933617637913 -7.2558829248063221e-05 -0.009362531138211852
leaf_weight=44.307802990078926 66.32891945540905 32.321909293532372 20.290082827210426 19.620016470551491 378.79881407320499 66.022565171122551 58.764294072985649 89.030526742339134 19.224120870232582 688.2126200646162 39.061298593878746 112.77062733471394 20.284509405493736 78.997937306761742 390.24048413336277 105.9625987559557 30.887789085507393
leaf_count=191 291 136 84 82 1584 290 245 365 80 2860 162 480 86 338 1638 441 132
internal_value=0.000255635 0.000804746 0.00312726 0.00045528 0.0017137 0.00234815 -0.000236896 -0.00329654 -0.0054692 0.0003117 0.00398433 0.00275818 -0.000987248 -0.00360791 -0.000545261 -0.00223885 -0.00458355
internal_weight=2261.13 1568.42 204.444 1363.98 483.666 444.821 880.315 133.338 38.8441 746.977 184.154 145.093 692.702 99.2824 593.42 203.179 97.2167
internal_count=9485 6559 862 5697 2036 1874 3661 556 162 3105 778 616 2926 424 2502 864 423
is_linear=0
shrinkage=0.011451


Tree=250
num_leaves=17
num_cat=0
split_feature=19 24 21 10 16 31 28 25 24 12 12 9 0 12 9 3
split_gain=16.0472 12.7529 15.967 10.9439 8.42366 8.34856 7.91588 7.37284 7.5141 7.03953 6.30482 6.15491 4.89681 4.41889 4.13693 1.91142
threshold=0.88194444444444453 1.0000000180025095e-35 9.5000000000000018 0.19993155638661883 1.5000000000000002 29.266841744174034 0.087106280571795675 -4.4999999999999991 -1.0000000180025095e-35 -0.058223510109029368 0.39408508158508165 -0.19044158361018823 2.2956878850102673 0.042293552036199063 0.13896316102198458 -0.0019902271450032978
decision_type=10 2 2 10 2 2 8 2 2 10 8 10 10 10 8 10
left_child=1 4 3 5 7 -3 14 9 -9 -1 13 -4 -8 -2 -6 -5
right_child=10 2 11 15 6 -7 12 8 -10 -11 -12 -13 -14 -15 -16 -17
leaf_value=0.0087884747177695045 -0.0059537836765646114 0.00077807659184441988 0.0018689745218379644 0.011847343681019041 0.0027654726423436706 0.0056346918702397603 0.0019734283691417534 -0.0023805775823949366 -0.00019547292000929889 -0.00074318747258109565 -0.0099972853049696449 -0.0057682612929869006 -0.0039996982995378107 0.0012049358016998708 0.0079114213453881903 0.0063675779622758789
leaf_weight=21.488977357745171 24.59801459312439 124.05956310033798 21.579037234187126 19.15493056178093 63.025757238268852 73.73918217420578 42.331040978431702 239.39344969391823 1471.1767466217279 18.591314643621445 24.421562910079956 36.646163254976273 30.307141542434692 20.126131936907768 30.638177901506424 20.259422406554222
leaf_count=90 104 519 92 81 265 318 177 1015 6146 79 103 154 128 84 130 86
internal_value=1.77266e-05 0.000188237 0.00240001 0.00371742 -0.000153351 0.00260139 0.00230431 -0.000387599 -0.000502081 0.00442702 -0.00538792 -0.00294862 -0.000532394 -0.00276176 0.00449251 0.00918255
internal_weight=2281.54 2212.39 295.438 237.213 1916.95 197.799 166.302 1750.65 1710.57 40.0803 69.1457 58.2252 72.6382 44.7241 93.6639 39.4144
internal_count=9571 9280 1250 1004 8030 837 700 7330 7161 169 291 246 305 188 395 167
is_linear=0
shrinkage=0.011451


Tree=251
num_leaves=16
num_cat=0
split_feature=19 24 21 22 4 7 22 2 0 7 26 9 25 18 25
split_gain=15.6958 12.4724 15.6164 8.34327 8.52778 7.9496 9.4638 8.57796 10.819 7.74933 7.66608 6.01934 5.60168 3.64478 6.59381
threshold=0.88194444444444453 1.0000000180025095e-35 9.5000000000000018 231.50000000000003 1.1518095652881106 0.065601039747642545 -209.49999999999997 -6.3500000000000076 8.6502395619438754 -2.6981427534217639 0.058659625425288804 -0.19044158361018823 -1.0000000180025095e-35 0.045454545454545449 1.0000000180025095e-35
decision_type=10 2 2 10 10 10 10 10 10 8 10 10 2 10 2
left_child=1 5 3 4 -3 7 12 8 -1 -9 -8 -4 -7 14 -2
right_child=13 2 11 -5 -6 6 10 9 -10 -11 -12 -13 -14 -15 -16
leaf_value=-0.0014629633071730512 -0.0015448321148314021 0.0032048532136114628 0.0018482260599111432 -0.0033946636924712271 0.0089872644250622614 0.010542011605804497 -0.00049933064826423155 0.0051181388237408077 -0.0090809826708639508 -0.00019440855056538294 0.0025079367808931927 -0.0057047978859407975 0.0027233709015280238 -0.0010118936775366102 -0.010129297462459901
leaf_weight=431.41644078493118 19.043673172593117 176.39609381556511 21.578850865364075 19.57702411711216 41.130849748849869 18.6947370916605 326.83266621828079 36.881987378001213 25.294636502861977 876.61118307709694 167.64353945851326 36.636955469846725 33.483413010835648 18.997577786445618 31.08587583899498
leaf_count=1811 81 745 92 83 176 80 1374 155 112 3651 704 154 143 79 131
internal_value=1.75943e-05 0.000186221 0.00237403 0.00367734 0.00432219 -0.000151546 0.00101519 -0.000617292 -0.00189743 2.36386e-05 0.000522223 -0.00291583 0.00562176 -0.00532926 -0.00693086
internal_weight=2281.31 2212.18 295.32 237.104 217.527 1916.86 546.654 1370.2 456.711 913.493 494.476 58.2158 52.1782 69.1271 50.1295
internal_count=9571 9280 1250 1004 921 8030 2301 5729 1923 3806 2078 246 223 291 212
is_linear=0
shrinkage=0.011451


Tree=252
num_leaves=18
num_cat=0
split_feature=0 19 9 31 9 13 12 21 5 21 5 9 14 22 8 11 31
split_gain=14.7826 10.2056 9.66791 9.59351 9.30989 9.16555 9.2454 8.55848 8.07772 7.79954 8.94328 7.24288 6.2432 7.38038 4.3424 4.30491 4.70397
threshold=-7.5578370978781644 -0.50641025641025628 -0.20587157940099113 -30.237826530607887 0.17566392479435958 -0.33095238095238094 -0.042405213833785198 -1.4999999999999998 -1.2376906278577104 -6.4999999999999991 2.5995516379064671 -0.13840072970507747 -0.11861471861471859 -21.499999999999996 0.091162797886014599 0.058307782677955063 -1.0000000180025095e-35
decision_type=8 8 10 2 8 8 10 2 8 2 10 8 10 10 8 10 2
left_child=4 2 -2 5 15 6 -3 -6 -7 11 -11 -5 -4 -14 -9 16 -1
right_child=1 3 12 9 7 8 -8 14 -10 10 -12 -13 13 -15 -16 -17 -18
leaf_value=0.0079894581214302162 0.0068349182667925756 -0.0015735930527034758 0.0048318160296952958 0.0091594458228745901 -0.0021801598468752783 0.0030636346054490407 0.0041100354360760699 0.00042048399910937144 -0.0033200349768071616 -0.00014139779041162409 -0.0048577404057000406 0.001440364628759521 -0.0072365597558552222 0.0020344346914665796 0.0078721881946958831 0.011044690382319557 0.0010609523472674398
leaf_weight=25.102240905165672 47.332551583647728 109.40835084021091 23.202207237482071 19.138744950294495 53.940702721476555 27.532520979642868 56.287402376532555 17.99114716053009 355.02249881625175 1265.1338324397802 54.352341413497925 83.612607389688492 20.951985612511635 23.034527778625488 23.427313193678856 18.252358466386795 26.100224241614342
leaf_count=105 199 481 97 79 229 114 239 79 1504 5250 231 348 88 96 103 83 114
internal_value=-0.000142359 -0.000403693 0.00290968 -0.000597174 0.00315207 -0.00188308 0.000365836 0.000816903 -0.0028561 -0.000100831 -0.000338015 0.00292762 0.000104719 -0.00242346 0.00469295 0.00632015 0.00451637
internal_weight=2249.82 2085.01 114.521 1970.49 164.814 548.251 165.696 95.3592 382.555 1422.24 1319.49 102.751 67.1887 43.9865 41.4185 69.4548 51.2025
internal_count=9439 8726 480 8246 713 2338 720 411 1618 5908 5481 427 281 184 182 302 219
is_linear=0
shrinkage=0.011451


Tree=253
num_leaves=17
num_cat=0
split_feature=0 19 9 31 24 28 9 18 29 25 8 8 25 4 6 23
split_gain=14.4661 9.9753 9.45465 9.37987 9.75728 9.69498 9.12433 7.48798 7.47193 7.45304 7.26554 5.76529 6.94598 4.41542 5.25603 4.00628
threshold=-7.5578370978781644 -0.50641025641025628 -0.20587157940099113 -30.237826530607887 1.0000000180025095e-35 0.022975888610858312 0.17566392479435958 0.071428571428571425 -19.55396825396825 5.5000000000000009 0.0049074545249617749 0.059612845954409001 -1.0000000180025095e-35 0.67742005620037837 0.019721189438631024 279.58333333333343
decision_type=8 8 10 2 2 10 8 8 8 2 10 8 2 10 10 10
left_child=6 2 15 4 10 -6 13 -4 -5 -10 -3 -8 -13 14 -1 -2
right_child=1 3 7 8 5 -7 11 -9 9 -11 -12 12 -14 -15 -16 -17
leaf_value=-0.00023049366044218883 0.0036734152260553057 -0.0033180899651084183 -0.0036522788821458469 -0.0068088435412057445 0.0080483047689092393 -0.0014833920148208735 -0.0027591319001206032 0.0039181890890163619 0.00010267456244299077 -0.0069855145887614172 -0.00032002978453440076 -0.0016385999815813667 0.006260175307827757 0.0098929458648138579 0.0077344969576034423 0.010479225334074978
leaf_weight=20.978113994002342 26.588482066988945 337.46251004934311 33.879959598183632 20.775524482131004 23.972600266337395 31.998130574822426 36.2112987190485 33.327762842178345 1382.3399911522865 19.06626982986927 154.61229419708252 24.535839095711708 34.579394727945328 26.587934985756874 21.786782756447792 20.735307797789574
leaf_count=89 112 1452 141 87 99 139 155 140 5741 80 648 105 151 117 96 87
internal_value=-0.000140615 -0.000399068 0.00287654 -0.000590386 -0.00186219 0.0026455 0.00311976 0.000103456 -9.96505e-05 2.98291e-06 -0.00237778 0.000808331 0.00299996 0.00625913 0.00388341 0.00675897
internal_weight=2249.44 2084.76 114.532 1970.23 548.046 55.9707 164.679 67.2077 1422.18 1401.41 492.075 95.3265 59.1152 69.3528 42.7649 47.3238
internal_count=9439 8726 480 8246 2338 238 713 281 5908 5821 2100 411 256 302 185 199
is_linear=0
shrinkage=0.011451


Tree=254
num_leaves=18
num_cat=0
split_feature=0 6 21 10 10 29 24 13 30 26 30 13 0 4 4 4 9
split_gain=13.9047 10.1033 10.8781 7.24858 8.89694 6.89993 6.59233 8.71068 8.35256 8.96456 8.288 6.90058 6.54994 6.38943 6.04215 8.52368 8.91127
threshold=0.17385352498288678 1.1527559255314739 -1.0000000180025095e-35 -0.33063573058689255 -0.13203922609261828 1.0000000180025095e-35 1.0000000180025095e-35 -0.0099524658348188449 0.37512838468720827 -0.04836779365688687 0.078174603174603216 -0.30634920634920626 -12.765229295003422 -0.14311333472483465 -3.1244829078244023 -1.2002764255632719 0.16666666666666674
decision_type=10 8 2 8 8 10 2 10 10 10 10 10 8 10 8 8 8
left_child=12 6 5 -4 -5 -3 8 10 11 -10 -8 -2 -1 -9 -14 -16 -17
right_child=1 2 3 4 -6 -7 7 13 9 -11 -12 -13 14 -15 15 16 -18
leaf_value=0.0073466399466704229 -0.00026766410823799542 -0.0035479581883272274 0.0069756539409351805 -0.0037241443773103487 0.0017304612034569965 0.0037900473662083375 0.00067325963423801784 -0.00096133309097155546 0.0060971154108279786 -0.0017232145127552498 -0.007134962539582069 -0.0040382618331509584 0.0049078330534891449 0.0073792184605399706 -0.0020237950891990953 0.0022096561352621387 -1.5086520396459832e-05
leaf_weight=19.028632327914238 79.690415933728218 113.28606373071671 27.412419095635414 45.777208030223846 251.94216327369213 19.149379596114159 51.457383528351784 19.707779660820961 26.353778675198555 65.984154209494591 26.529265537858009 317.34937576949596 42.138602167367935 29.759467735886574 148.72149194777012 404.94495910406113 564.85138608515263
leaf_count=84 362 481 113 189 1034 79 219 81 111 279 113 1333 176 123 620 1696 2369
internal_value=-6.1611e-05 -0.0010037 0.000285489 0.00141198 0.000885355 -0.00247334 -0.00195931 0.000358936 -0.00256274 0.000536294 -0.00202066 -0.00328317 0.000796482 0.00408756 0.000684963 0.00052306 0.000914744
internal_weight=2254.08 1074.4 457.567 325.132 297.719 132.435 616.832 127.454 489.378 92.3379 77.9866 397.04 1179.69 49.4672 1160.66 1118.52 969.796
internal_count=9462 4517 1896 1336 1223 560 2621 536 2085 390 332 1695 4945 204 4861 4685 4065
is_linear=0
shrinkage=0.011451


Tree=255
num_leaves=18
num_cat=0
split_feature=0 6 2 21 28 8 23 28 30 22 13 16 23 22 4 8 5
split_gain=13.5915 9.87817 10.7422 10.6334 12.5291 8.81432 8.6911 11.1572 7.72246 9.12532 7.20927 8.462 6.157 5.88161 5.75937 5.73292 9.85572
threshold=0.17385352498288678 1.1527559255314739 13.950000000000005 -1.0000000180025095e-35 -0.094676182574903497 -0.13285511573050268 -380.24999999999994 -0.071564410402410655 -0.42780910609857975 -313.49999999999994 0.31503759398496245 1.0000000180025095e-35 -74.693965517241381 -81.499999999999986 0.048908540321837897 -0.1799818445569778 0.52624415085325926
decision_type=10 8 8 2 8 8 8 8 8 8 10 2 10 8 10 10 10
left_child=6 2 15 4 -3 -5 10 12 -9 -10 11 -1 -8 -7 -4 16 -2
right_child=1 3 14 5 -6 13 7 8 9 -11 -12 -13 -14 -15 -16 -17 -18
leaf_value=-0.0037811060991650948 0.0074664461678641105 0.0045750166159487012 -0.00094863494848658751 0.0086964754268757695 -0.004191212037233159 0.006588030730881639 0.0054625879808815172 -0.0025241072288269724 0.0078639144533187901 0.00057357030235310764 -0.0076986175388324175 0.0052509186692378269 0.0018293258990661444 0.00046308916058922456 0.0065822038910869629 -0.0027283745382884693 -0.0034287929051807385
leaf_weight=36.435108453035355 19.578249588608742 26.140646830201149 25.215158134698868 19.678437396883965 106.24008962512016 21.512886211276054 91.748852223157883 103.64566405117512 22.613485455513 694.08664527535439 25.899743750691414 20.81739316880703 184.31370890140533 283.94050684571266 27.211872145533562 521.64865808188915 22.963165178894997
leaf_count=151 82 108 113 82 452 89 394 431 97 2881 112 86 793 1165 115 2208 103
internal_value=-6.08585e-05 -0.000992428 -0.00193756 0.000282337 -0.00244602 0.00139593 0.000787527 0.00105867 0.000387626 0.000810649 -0.0027677 -0.000474496 0.00304702 0.000907793 0.00299356 -0.00239875 0.00162299
internal_weight=2253.69 1074.13 616.617 457.513 132.381 325.132 1179.56 1096.41 820.346 716.7 83.1522 57.2525 276.063 305.453 52.427 564.19 42.5414
internal_count=9462 4517 2621 1896 560 1336 4945 4596 3409 2978 349 237 1187 1254 228 2393 185
is_linear=0
shrinkage=0.011451


Tree=256
num_leaves=18
num_cat=0
split_feature=11 6 14 23 9 21 29 10 29 9 3 3 6 28 18 11 1
split_gain=12.0322 13.7461 10.6979 8.73026 8.68995 10.5676 8.02602 7.06562 7.56223 6.9024 6.65968 9.28234 7.88121 13.3149 7.91619 6.29696 7.27354
threshold=-0.10008692137571838 1.125145708654794 -0.59545454545454535 81.654761904761941 0.066666666666666693 6.5000000000000009 -0.7470238095238092 -0.19989660973360315 2.9859848484848492 -0.16983607790059399 0.0013551688942196052 0.039937189815204006 2.0385688055033802 -0.094676182574903497 -0.35634920634920625 -0.22097411923422292 1.0000000180025095e-35
decision_type=8 10 8 10 8 2 10 10 10 8 8 10 10 10 8 10 10
left_child=3 2 -2 7 5 -4 -6 -1 9 -9 12 -12 14 -14 -3 -5 -17
right_child=1 10 4 15 6 -7 -8 8 -10 -11 11 -13 13 -15 -16 16 -18
leaf_value=-0.0067241439462410266 0.0063872723441974573 -0.0028736222970794844 0.0016228542327598873 0.0055555803656330179 -0.00039455218908558741 -0.0026984557736528035 -0.0030691335646712051 -0.0055274749986960209 -0.0065779810428768775 0.00078915224508903121 0.006289604089247741 0.00045458348147723796 0.0028220552009261095 -0.0056547238692727748 0.0055031483305204229 -0.0035853590130856378 0.0033633080409006667
leaf_weight=58.595054343342781 31.950122967362404 18.87289471924305 457.20278935134411 25.31646728515625 825.38416758179665 87.938096448779106 178.44502924382687 29.095871850848198 37.002176836133003 94.905256435275078 98.730314552783966 56.000161781907082 49.674230560660362 46.364308446645737 62.323152273893356 50.49825032055378 31.543105363845825
leaf_count=249 135 79 1919 108 3432 372 749 126 159 402 423 239 213 195 261 214 132
internal_value=-5.31709e-06 0.000341856 -0.000103285 -0.00203307 -0.000239838 0.000923342 -0.000871708 -0.00333826 -0.0020835 -0.000714498 0.00245774 0.00418873 0.00093656 -0.00128097 0.00354858 0.000640776 -0.000908206
internal_weight=2239.84 1912.89 1580.92 326.956 1548.97 545.141 1003.83 219.598 161.003 124.001 331.965 154.73 177.235 96.0385 81.196 107.358 82.0414
internal_count=9407 8017 6607 1390 6472 2291 4181 936 687 528 1410 662 748 408 340 454 346
is_linear=0
shrinkage=0.011451


Tree=257
num_leaves=17
num_cat=0
split_feature=11 14 28 18 9 1 18 5 14 5 27 3 3 18 7 11
split_gain=11.7646 11.9198 10.6926 10.8822 10.4561 9.43234 8.62184 8.52727 7.93103 6.05691 8.01116 7.45749 7.3255 7.89448 6.12063 4.45367
threshold=-0.10008692137571838 -0.60158730158730156 0.043324873459056813 -0.34960317460317453 0.17884566488685485 3.8000000000000118 -0.49675324675324667 0.52624415085325926 -0.31005097413766136 2.8243139985878583 -0.099137418853804268 0.041046086409918532 -0.015680249068131643 0.064820473644003049 1.6610275333522568 -0.16598843759110746
decision_type=8 8 8 8 8 8 10 10 8 10 8 10 10 10 10 10
left_child=9 -2 3 6 -5 7 -3 -4 -7 10 12 14 -1 -14 -12 -11
right_child=1 2 5 4 -6 8 -8 -9 -10 15 11 -13 13 -15 -16 -17
leaf_value=-0.0034157367356697356 0.0067560299177867105 4.6819641549470754e-05 -0.00082449246020781155 0.002992625553091936 9.0933293781812061e-05 -0.0057721031570259597 -0.0059743240490877881 -0.0047519056969849635 0.0016692929850775169 -0.0027937464379861562 -0.00064739879513560871 -0.0080044841909959769 0.0093343706160165102 -8.4374326463135119e-05 -0.0059889759042643957 -0.010133485219241204
leaf_weight=21.379335224628448 36.545186594128609 125.2525897026062 660.17687013745308 400.74747757613659 274.0587499588728 19.510585084557533 40.854426890611649 80.846164911985397 274.82476104795933 26.967447936534882 153.25628882646561 27.084380358457565 22.576965272426605 23.412894040346146 33.848089531064034 18.336531147360802
leaf_count=95 153 526 2744 1681 1165 82 172 349 1145 120 644 113 96 101 141 80
internal_value=-5.27174e-06 0.000337989 0.00021064 0.00116937 0.00181541 -0.000568282 -0.00145195 -0.00125684 0.00116417 -0.00201068 -0.00137774 -0.00245952 0.00205207 0.00460631 -0.00163144 -0.00586773
internal_weight=2239.68 1912.82 1876.27 840.913 674.806 1035.36 166.107 741.023 294.335 326.862 281.558 214.189 67.3692 45.9899 187.104 45.304
internal_count=9407 8017 7864 3544 2846 4320 698 3093 1227 1390 1190 898 292 197 785 200
is_linear=0
shrinkage=0.011451


Tree=258
num_leaves=18
num_cat=0
split_feature=25 21 3 3 21 3 30 25 19 7 11 9 22 1 15 28 31
split_gain=7.97334 12.6983 20.4838 11.3777 32.6328 11.3207 10.9186 9.48654 8.71143 9.98076 7.10715 8.62863 7.42291 7.00341 5.52688 6.26515 5.24292
threshold=1.5000000000000002 2.5000000000000004 0.062433562526044602 -0.074618096357226868 -1.4999999999999998 0.065803108808290114 -1.4988636363636361 -1.0000000180025095e-35 0.54006410256410264 0.61824577017453064 0.043568314138780546 0.28602106554862466 41.500000000000007 2.600000000000009 0.37797619047619052 0.096994568021407337 -40.005520012981485
decision_type=2 2 8 10 2 8 8 2 8 10 10 8 10 10 10 10 2
left_child=1 3 14 4 -1 8 -5 -8 10 16 11 -2 -12 -6 15 -3 -10
right_child=5 2 -4 6 13 -7 7 -9 9 -11 12 -13 -14 -15 -16 -17 -18
leaf_value=-0.0098980249793882424 -0.0041791319538454349 0.0017337879270089315 0.010556952265471464 0.0077744936651464279 -0.001696074071344422 0.0060178719033980701 0.0011623964297212547 -0.00082306217954237191 -0.011210024141657605 0.0027812390380556437 0.0054773708870984967 0.0037911791260960221 -0.0026272029941896628 0.0030973986687303726 0.0068238625378130814 -0.0019697575132307994 -0.0047510628861050456
leaf_weight=59.638362720608711 83.458444654941559 237.71997432410717 33.001382187008858 23.209589093923569 126.71715371310711 21.786012873053551 520.61282344162464 798.92899467051029 20.565007746219635 19.449515745043755 37.903137981891632 22.036383435130119 23.551682502031326 57.579851552844048 20.711569979786873 79.385866791009903 86.189676403999329
leaf_count=266 350 997 146 98 532 95 2183 3336 92 82 158 92 97 240 88 333 359
internal_value=-0.000140631 0.000131642 0.00203745 -0.000314421 -0.0025859 -0.00182967 9.93067e-05 -3.95279e-05 -0.00242512 -0.00468733 -0.000703252 -0.00250097 0.00237652 -0.000192719 0.00118614 0.000804449 -0.00605679
internal_weight=2272.45 1957.51 370.819 1586.69 243.935 314.94 1342.75 1319.54 293.154 126.204 166.95 105.495 61.4548 184.297 337.817 317.106 106.755
internal_count=9544 8219 1564 6655 1038 1325 5617 5519 1230 533 697 442 255 772 1418 1330 451
is_linear=0
shrinkage=0.011451


Tree=259
num_leaves=17
num_cat=0
split_feature=2 6 18 25 31 22 23 31 11 3 20 30 17 20 30 29
split_gain=13.0891 11.7932 10.0519 8.4987 8.55088 8.31141 8.28379 8.16718 6.79217 8.42756 6.24542 6.13438 5.69185 4.32024 3.87976 2.57813
threshold=-6.3500000000000076 -1.2080774749875804 -0.45227272727272722 -4.4999999999999991 -116.47309075440567 70.500000000000014 119.01018893387324 53.201123821355857 0.023623799084465828 -0.042870219414644077 -0.21825396825396823 -0.42780910609857975 0.6708333333333335 -0.32738095238095227 -0.90530303030303017 -4.17063492063492
decision_type=10 8 8 2 2 10 10 2 10 10 8 10 8 10 10 10
left_child=1 5 13 15 -5 12 7 -4 11 -10 -8 -6 -1 -3 -14 -2
right_child=3 2 6 4 8 -7 10 -9 9 -11 -12 -13 14 -15 -16 -17
leaf_value=0.0012618550723014408 0.0025903853349914293 -0.0020954076474125906 -0.0015330861476451263 -0.0070075055244702613 0.00062750054469845509 -0.011154015431582648 0.0086496653477219042 0.0034734412332275231 0.0073366364341125988 0.0011039573556018724 0.0011456663686058247 -0.0011427405027403174 -0.0022379073644100077 -0.0088257350466160994 -0.0091258072076806536 0.00867109066171169
leaf_weight=23.776633933186531 18.627073481678963 23.96694652736187 401.65272904932499 20.11097127199173 592.76893039047718 23.131898686289787 18.910449519753456 47.172811165452003 29.640972793102264 473.89207109808922 57.622144758701324 451.68492613732815 22.368457958102226 26.770072117447853 21.004057556390762 18.955618262290955
leaf_count=103 79 100 1681 90 2464 103 80 207 124 1999 246 1888 98 111 90 81
internal_value=-0.000139008 -0.00148734 -0.000881267 0.000420948 0.000290743 -0.00532015 -0.000407882 -0.00100254 0.000388518 0.00148001 0.00305817 -0.000138298 -0.00322111 -0.0057145 -0.00566066 0.00575442
internal_weight=2272.06 666.376 576.095 1605.68 1568.1 90.281 525.358 448.826 1547.99 503.533 76.5326 1044.45 67.1491 50.737 43.3725 37.5827
internal_count=9544 2819 2425 6725 6565 394 2214 1888 6475 2123 326 4352 291 211 188 160
is_linear=0
shrinkage=0.011451


Tree=260
num_leaves=18
num_cat=0
split_feature=21 2 25 10 31 22 2 21 11 16 21 2 18 0 3 17 11
split_gain=11.5447 17.8647 10.9159 14.0877 12.5372 10.1235 9.87216 9.57679 12.1084 10.1138 9.13107 8.99428 7.95743 7.43227 6.82075 8.15644 6.25555
threshold=-1.0000000180025095e-35 -15.299999999999995 -1.0000000180025095e-35 0.19993155638661883 10.366030160362927 -166.99999999999997 -25.399999999999988 -10.499999999999998 -0.037497724790680635 -2.4999999999999996 -1.4999999999999998 -17.799999999999994 -0.83974358974358965 -7.6919917864476384 -0.014052706431967986 0.14365079365079367 -0.0070542557554760235
decision_type=2 10 2 8 2 8 10 2 10 2 2 10 10 10 10 8 10
left_child=1 10 16 6 13 14 -4 8 -7 -9 -1 -6 -8 -5 -3 -16 -2
right_child=2 5 3 4 11 7 12 9 -10 -11 -12 -13 -14 -15 15 -17 -18
leaf_value=-0.0081868147914182059 0.00059954509536694854 -0.0016404058432599805 0.0049762336957406353 0.0062962161358247701 0.0095920515766904323 -0.0016720227340418438 -0.004349443314197691 -0.0063289846126970721 0.0062758472082165024 -0.0011580172284980158 -0.00096383567321749858 0.0027104267863252303 -0.000836465859051015 -0.00037881161431044285 0.011330647047085717 0.0022284862948914836 0.0051386651122404701
leaf_weight=66.856122806668282 69.365185081958771 27.487216860055923 32.530610740184784 22.902544572949409 29.187739461660385 50.921921357512474 101.6095535159111 53.313595443964005 48.553291276097298 620.16833391785622 35.062553539872169 157.35517410933971 490.99376806616783 303.9320759922266 18.726913765072823 39.964265212416649 93.401683032512665
leaf_count=298 289 116 142 95 132 211 427 224 205 2593 150 664 2068 1245 81 170 398
internal_value=-0.00025586 -0.00120729 0.000447069 4.9779e-05 0.00145438 -0.000667448 -0.00110404 -0.00108312 0.00222315 -0.00157318 -0.00572421 0.00381731 -0.001443 0.000100727 0.00304068 0.00522684 0.00321454
internal_weight=2262.33 961.054 1301.28 1138.51 513.378 859.136 625.134 772.957 99.4752 673.482 101.919 186.543 592.603 326.835 86.1784 58.6912 162.767
internal_count=9508 4048 5460 4773 2136 3600 2637 3233 416 2817 448 796 2495 1340 367 251 687
is_linear=0
shrinkage=0.011451


Tree=261
num_leaves=18
num_cat=0
split_feature=21 2 4 25 10 6 31 12 2 28 29 21 2 4 6 9 0
split_gain=11.2865 17.4928 12.009 10.6728 13.7729 13.2806 12.2672 10.2461 9.59543 9.12699 10.0803 8.9564 8.83966 7.57717 7.57304 10.3679 7.27332
threshold=-1.0000000180025095e-35 -15.299999999999995 1.4986068959887158 -1.0000000180025095e-35 0.19993155638661883 0.45663142560960873 10.366030160362927 -0.0133556298773691 15.250000000000002 -0.30925959069868386 14.369845013477089 -1.4999999999999998 -17.799999999999994 -1.6033659179139046 -0.16804441344538187 0.1481060606060606 -7.6919917864476384
decision_type=2 10 10 2 8 10 2 10 8 8 10 2 10 10 10 8 10
left_child=1 11 9 13 5 7 16 -5 -7 -3 -11 -1 -8 -2 15 -4 -6
right_child=3 2 14 4 6 8 12 -9 -10 10 -12 -13 -14 -15 -16 -17 -18
leaf_value=-0.0081090979387806808 0.008538165918976626 0.0064773477424331771 0.0036198405996123923 -0.0041749503595445202 0.0062312987110405846 0.00018373796353424643 0.0095107540792361226 -0.0001418696141251646 0.0085093614454211531 -0.0012617099390702089 -0.009524615740182275 -0.00095309015002782791 0.0026805834390242361 0.0020312029008258954 0.0055466203366144953 -0.0039661294990426697 -0.00037449105408045145
leaf_weight=66.731028646230698 27.953101426362991 18.678848654031754 52.795511052012444 209.55134044587612 22.883168056607246 260.56993159651756 29.106282353401184 136.13997641205788 18.851075828075409 669.91123150289059 19.295638725161552 35.059319406747818 157.29282884299755 134.75134454667568 56.678055182099342 41.67110313475132 303.92577122151852
leaf_count=298 116 80 221 891 95 1091 132 572 83 2804 81 150 664 571 241 173 1245
internal_value=-0.000252903 -0.00119376 -0.000659802 0.00044218 4.93429e-05 -0.00109144 0.00143848 -0.00258995 0.000764229 -0.00128556 -0.00150197 -0.00566648 0.00377703 0.00317922 0.00226377 0.0002692 9.97204e-05
internal_weight=2261.85 960.821 859.03 1301.02 1138.32 625.112 513.208 345.691 279.421 707.886 689.207 101.79 186.399 162.704 151.145 94.4666 326.809
internal_count=9508 4048 3600 5460 4773 2637 2136 1463 1174 2965 2885 448 796 687 635 394 1340
is_linear=0
shrinkage=0.011451


Tree=262
num_leaves=18
num_cat=0
split_feature=23 3 24 7 6 1 17 14 14 14 23 17 14 6 7 3 21
split_gain=10.5652 13.3672 11.6908 10.1964 10.0816 9.59284 10.5008 9.47177 8.83444 8.58262 7.76227 7.28945 7.16327 7.14161 5.89133 7.97506 5.04141
threshold=96.66111111111114 -0.014221459666552303 -1.0000000180025095e-35 0.68525001298228427 -2.8035868747902764 -8.9000000000000039 0.062996031746031758 -0.14311974789915963 0.62916666666666676 -0.60158730158730156 248.66451612903228 -0.67083333333333328 0.15384615384615385 -1.392668341095826 -0.44456057348183897 -0.041548719855361786 -3.4999999999999996
decision_type=10 8 2 10 10 8 8 10 10 8 10 8 10 10 10 10 2
left_child=5 4 16 8 -2 6 -1 -6 -4 13 -9 -11 -13 -7 15 -8 -3
right_child=1 2 3 -5 7 9 14 10 -10 11 -12 12 -14 -15 -16 -17 -18
leaf_value=0.0043501967279360862 -0.0084921717662804989 0.0014404344212111608 0.0032659958330352643 0.0081702889836957789 0.0074823245613757049 -0.0012360794564303913 -0.0082029460984167548 -0.0034246348403785768 -0.0036474360299067485 -0.0069091151804672509 0.0015973918586805176 0.0002109393492228824 -0.0023529890638493683 0.0074788774220886731 -0.0084539041571475536 1.064641479294802e-05 -0.0059752853153009827
leaf_weight=19.32725864648819 19.840959906578064 21.95166902244091 269.86759082973003 51.191330879926682 19.02111279964447 18.597310498356819 22.579403296113014 80.601702719926834 26.076851606369019 20.0440334379673 79.598986655473709 1315.7497216463089 159.62131369113922 34.970948576927185 35.888406097888947 46.534792870283127 25.356894001364708
leaf_count=82 86 95 1140 217 80 79 96 340 110 84 333 5513 677 147 150 193 106
internal_value=0.00021955 0.0015313 0.0027506 0.00347811 -0.000885873 -0.000246136 -0.00329772 -1.56262e-05 0.00265004 1.05988e-07 -0.000933037 -0.00016211 -6.73855e-05 0.00447517 -0.00472388 -0.00272513 -0.00256195
internal_weight=2266.82 593.507 394.444 347.136 199.063 1673.31 124.33 179.222 295.944 1548.98 160.201 1495.42 1475.37 53.5683 105.003 69.1142 47.3086
internal_count=9528 2507 1668 1467 839 7021 521 753 1250 6500 673 6274 6190 226 439 289 201
is_linear=0
shrinkage=0.011451


Tree=263
num_leaves=18
num_cat=0
split_feature=23 14 14 2 0 21 4 22 0 27 29 21 23 15 31 27 19
split_gain=10.3266 9.09401 8.83479 10.8302 13.5563 9.55146 8.31658 8.89033 8.11461 9.60746 8.7252 7.49727 6.87899 6.62029 6.36882 5.79461 5.79448
threshold=96.66111111111114 0.60158730158730178 0.15384615384615385 -6.3500000000000076 -8.021902806297053 -2.4999999999999996 1.3366243817601413 -230.49999999999997 3.3826146475017116 -0.40134721871325679 -4.7215145965145977 3.5000000000000004 -243.49679487179483 0.16720430107526887 48.441217889502589 -0.037500873725252494 -0.16666666666666666
decision_type=10 10 10 10 8 2 10 8 10 10 8 2 10 8 2 10 8
left_child=2 8 3 4 -1 -6 7 -5 9 -2 -10 -8 -4 -12 -11 -3 -14
right_child=1 15 12 6 5 -7 11 -9 10 14 13 -13 16 -15 -16 -17 -18
leaf_value=0.0064769278917073247 -0.0046633642999452732 -0.0078664156612318643 -0.0090902670069323063 0.0053715864926165615 -0.0052803299243555082 -0.0010468199951425197 0.002082931325217488 4.4896968525589448e-06 -0.0058915834034933374 0.0025290405753976412 0.0033456572128713804 0.0092138502178514582 -0.007736561753206867 -0.002075577330719286 0.0064531174050318938 -2.7599381995199247e-06 -0.0010353314978671232
leaf_weight=26.295608088374138 20.798562467098236 19.556001126766205 18.83026348054409 41.862145453691483 86.747965574264526 351.10562384128571 131.90136803686619 837.39010092616081 29.001320973038673 307.35027056932449 68.759081855416298 22.147304728627205 18.666993573307991 50.822941616177559 65.823909029364586 31.325544491410255 138.3972472846508
leaf_count=114 88 81 79 178 375 1472 553 3491 124 1278 290 93 80 219 294 133 586
internal_value=0.000216989 0.00151395 -0.000243383 4.22464e-05 -0.00140958 -0.00189228 0.000694878 0.000263876 0.0019487 0.00280751 -0.000330789 0.00314321 -0.00266607 0.00104287 0.00323142 -0.00308739 -0.00186093
internal_weight=2266.78 593.438 1673.34 1497.45 464.149 437.854 1033.3 879.252 542.556 393.973 148.583 154.049 175.895 119.582 373.174 50.8815 157.064
internal_count=9528 2507 7021 6276 1961 1847 4315 3669 2293 1660 633 646 745 509 1572 214 666
is_linear=0
shrinkage=0.011451


Tree=264
num_leaves=18
num_cat=0
split_feature=0 12 21 0 25 0 29 13 5 31 0 22 15 30 15 30 6
split_gain=10.8482 11.1666 9.52959 10.7639 10.2354 7.41712 9.12803 6.98119 11.8229 8.30262 6.49846 5.98461 5.50964 8.06916 6.07222 5.43117 5.33494
threshold=-8.3586584531143018 0.12370543672014268 1.0000000180025095e-35 -7.8562628336755624 -1.0000000180025095e-35 -0.043805612594114855 7.5033068783068808 -0.33095238095238094 0.94871929715576242 -0.7425097496585521 -5.1444216290212159 195.50000000000003 -0.22263993316624894 0.15980710466004583 0.1031746031746032 0.20000000000000007 -0.21052324354447663
decision_type=8 8 2 10 2 10 10 10 10 2 10 10 8 10 8 8 10
left_child=12 7 3 -3 -5 15 -7 11 9 -9 -10 -2 -1 14 16 -4 -14
right_child=1 2 5 4 -6 6 -8 8 10 -11 -12 -13 13 -15 -16 -17 -18
leaf_value=0.0088004859015679247 0.0021008135010849782 -0.0078110130702060921 0.0075057938084777381 0.0018614568042627448 -0.0010923067135089099 0.0013110881666971235 -0.0049823859135453945 -0.0024367354453695041 0.001584025860249703 0.00025971623787248208 -0.0050612242697717913 -0.0047962526142652897 -0.0070162403091420097 0.0082271684072165938 0.0035597865176662802 0.0025287840735474386 0.0011819213210538661
leaf_weight=18.975433647632599 119.91417518258095 23.99830473959446 35.965664073824883 229.58784480392933 462.83597502112389 278.75000682473183 33.229788169264793 257.11163614690304 21.736745595932007 356.98146529495716 153.93579597771168 18.473841428756714 18.683804124593735 21.887595862150192 41.264948636293411 140.67363081872463 22.180687859654427
leaf_count=86 518 100 156 964 1926 1157 140 1068 89 1486 654 85 80 98 178 603 99
internal_value=-7.19298e-05 -0.000262997 0.00046404 -0.000376955 -0.00011208 0.00169596 0.000631614 -0.00120658 -0.00162218 -0.000870658 -0.00423611 0.00116163 0.00322561 0.00215933 0.000489332 0.00356642 -0.00261854
internal_weight=2256.19 2133.19 1205.04 716.422 692.424 488.619 311.98 928.154 789.766 614.093 175.673 138.388 122.992 104.017 82.1294 176.639 40.8645
internal_count=9487 8946 5046 2990 2890 2056 1297 3900 3297 2554 743 603 541 455 357 759 179
is_linear=0
shrinkage=0.011451


Tree=265
num_leaves=18
num_cat=0
split_feature=8 31 6 10 19 3 21 8 22 11 19 25 12 13 22 0 31
split_gain=10.7513 14.6042 9.75154 11.6071 9.18713 9.02096 12.348 8.76185 8.65843 9.0542 8.64683 8.21066 7.52807 7.23008 9.405 8.08212 7.07706
threshold=0.0062980331063800252 23.772770415404356 1.330453854764764 0.26942541905099515 -0.36038961038961032 0.05639885673460477 1.5000000000000002 0.049581412824927708 -112.49999999999999 -0.2013054380301377 -0.099999999999999978 -1.0000000180025095e-35 -0.27139804639804632 -0.3140056022408963 98.500000000000014 -5.3908281998631091 42.701159254641205
decision_type=8 2 10 8 8 8 2 10 10 8 8 2 10 8 8 8 2
left_child=2 4 3 8 -2 11 7 -7 12 -10 -5 16 -1 14 -6 -15 -3
right_child=1 5 -4 10 13 6 -8 -9 9 -11 -12 -13 -14 15 -16 -17 -18
leaf_value=-0.0042381202056187457 0.0035745282894589425 6.1810568965789826e-05 0.0013662502501380726 -0.0041819451416435826 0.0048873530354628355 -0.0012758229213672705 0.011315668126961885 0.0082148908556002962 0.0042121780678830729 -0.0032364747755711768 0.0032215581202816698 0.00042170020346270247 0.0030848889876719759 0.0017243394491292139 -0.0043356724324719971 -0.0014656074766728278 0.0064287285513713764
leaf_weight=25.232177644968033 74.184892922639847 34.900894835591316 173.79507052898407 25.9261454641819 59.789273411035538 34.180278763175011 30.686650514602661 19.54894246160984 21.851224139332771 476.34542925655842 93.135864987969398 271.7049326300621 63.139576271176338 123.66499714553356 18.505737587809563 643.21110717952251 65.939580351114273
leaf_count=107 310 146 729 109 252 143 143 88 97 2013 393 1145 266 517 80 2660 289
internal_value=-7.10991e-05 0.000560755 -0.00105964 -0.00165785 -0.000271077 0.00223228 0.00559861 0.00223531 -0.00231921 -0.00290461 0.0015952 0.00146091 0.000978019 -0.000611161 0.00268931 -0.000950158 0.00423993
internal_weight=2255.74 1376.32 879.425 705.63 919.356 456.961 84.4159 53.7292 586.568 498.197 119.062 372.545 88.3718 845.171 78.295 766.876 100.84
internal_count=9487 5773 3714 2985 3819 1954 374 231 2483 2110 502 1580 373 3509 332 3177 435
is_linear=0
shrinkage=0.011451


Tree=266
num_leaves=18
num_cat=0
split_feature=0 21 2 8 21 2 21 13 5 15 6 9 12 6 2 2 13
split_gain=12.5311 8.79385 29.5774 13.0343 10.7185 10.3745 24.2827 14.0769 14.8728 10.2188 9.35034 9.0635 7.89637 5.57892 6.37453 6.31971 3.17337
threshold=8.3148528405201922 1.0000000180025095e-35 25.399999999999995 -0.010834090561766095 1.5000000000000002 -15.249999999999998 -2.4999999999999996 -0.33095238095238094 -1.6342618461775869 -0.27638888888888885 -0.089047459308090007 0.56633885438233278 0.12370543672014268 1.1013735848041788 2.600000000000009 -2.6000000000000081 -0.115728021978022
decision_type=10 2 8 8 2 10 2 8 8 8 8 8 10 8 8 8 8
left_child=1 5 3 9 -4 6 -1 11 -9 -3 -8 -7 -5 15 -15 -2 -17
right_child=13 2 4 12 -6 7 10 8 -10 -11 -12 -13 -14 14 -16 16 -18
leaf_value=-0.010305875370099599 -0.010206710578139296 0.0050489760323938222 0.0027201746812891606 0.00086689865002200352 0.01144027066899457 0.001521187196172599 -0.0082137776621351282 0.0031481225381538077 -0.0010343031701809014 -0.0020187126580593741 0.00046767197113954239 0.008678794090193797 0.0047326904023284938 0.0021687773009474408 -0.0059329132171220761 -0.0002158085613014923 -0.0061224892937673057
leaf_weight=44.470366090536118 25.332349255681038 28.795312121510506 32.582400068640709 379.03637124598026 43.70765845477581 69.97060127556324 18.041336268186569 127.38743051886559 861.83469791710377 302.67881581187248 124.47020886838436 34.319133147597313 84.251676648855209 34.389612048864365 19.35363495349884 24.468628287315369 22.699719771742821
leaf_count=198 115 120 140 1581 195 299 79 550 3576 1270 515 143 358 145 84 111 97
internal_value=-0.00010061 0.000105605 0.000992812 0.000336182 0.00777154 -0.000498116 -0.00298567 -7.12133e-05 -0.000493963 -0.00139589 -0.000664292 0.0039165 0.00157567 -0.00359727 -0.000785475 -0.00565561 -0.00310384
internal_weight=2277.79 2151.55 871.052 794.762 76.2901 1280.49 186.982 1093.51 989.222 331.474 142.512 104.29 463.288 126.244 53.7432 72.5007 47.1683
internal_count=9576 9024 3664 3329 335 5360 792 4568 4126 1390 594 442 1939 552 229 323 208
is_linear=0
shrinkage=0.011451


Tree=267
num_leaves=18
num_cat=0
split_feature=24 21 2 3 5 22 21 3 21 11 30 9 8 9 27 27 30
split_gain=9.11351 12.2101 11.7175 11.6959 9.87595 9.56622 7.97777 18.5627 11.8621 7.55049 7.23836 6.78546 8.2521 6.62597 5.92418 9.4518 5.83045
threshold=1.0000000180025095e-35 9.5000000000000018 -15.249999999999998 -0.013760943670601209 -2.4684831984545013 91.500000000000014 1.0000000180025095e-35 -0.067286105656196013 -9.4999999999999982 0.060897565408439776 0.47222222222222232 -0.19999999999999996 -0.030141851922570403 -0.032306333386067608 0.11552878828618991 0.21459702649392115 0.034943127048390234
decision_type=2 2 8 8 8 10 2 10 2 8 8 10 10 8 10 10 10
left_child=2 3 9 10 14 16 8 -8 -6 -1 13 -3 -13 -2 -4 -16 -5
right_child=1 11 4 5 6 -7 7 -9 -10 -11 -12 12 -14 -15 15 -17 -18
leaf_value=-0.010464263273674343 0.0013974456548304576 0.0027449955327939176 0.0056682517285458365 0.0076803995445464774 0.0022403367237390556 -0.00072551208368376173 0.0059531573492917376 -0.00013626653596739868 -0.0014681931312807508 -0.0016922743639725469 0.0039491372590344659 -0.010567749298225482 -0.0005098375268948554 -0.0064265977459245982 -0.0059275399712302593 0.0035100191723190072 0.0025462427225189503
leaf_weight=23.342121139168739 24.968046396970749 19.116895437240601 55.19283489882946 87.88876436650753 127.02224236726761 35.176958844065666 73.054024562239647 598.97434164583683 993.2713308930397 28.399114370346069 29.292137891054153 20.12725542485714 22.177517101168633 31.630109265446663 19.653886243700981 43.521653160452843 44.473901391029358
leaf_count=101 106 81 235 375 535 148 313 2508 4152 119 124 85 94 133 85 193 189
internal_value=-9.94922e-05 0.00170694 -0.000389794 0.00281637 -0.000243194 0.0045721 -0.000455159 0.000530908 -0.00104663 -0.00573188 -0.000617189 -0.00285181 -0.00538425 -0.00299883 0.00295103 0.000542944 0.0059766
internal_weight=2277.28 314.852 1962.43 253.43 1910.69 167.54 1792.32 672.028 1120.29 51.7412 85.8903 61.4217 42.3048 56.5982 118.368 63.1755 132.363
internal_count=9576 1335 8241 1075 8021 712 7508 2821 4687 220 363 260 179 239 513 278 564
is_linear=0
shrinkage=0.011451


Tree=268
num_leaves=18
num_cat=0
split_feature=2 12 11 23 21 27 25 31 24 22 11 31 11 31 12 7 9
split_gain=11.1841 10.5711 8.98981 8.88865 8.8801 8.60004 15.2538 8.30891 7.98159 9.61711 7.86052 6.90197 6.60974 8.12535 5.40429 4.71631 4.49466
threshold=-7.6500000000000048 -0.10078581871345026 -0.11330860022036147 -208.62142857142857 -16.499999999999996 -0.11552878828618988 1.0000000180025095e-35 -38.937850356362325 -1.0000000180025095e-35 -111.49999999999999 0.10008692137571841 93.958121973821008 -0.15211839715336259 36.629584299552683 -0.16183473389355743 -0.083266727765071949 -0.11111111111111112
decision_type=8 8 8 8 2 8 2 2 2 8 10 2 10 2 8 10 10
left_child=1 16 5 -3 -4 6 15 -5 9 -6 -9 -10 13 -7 -14 -2 -1
right_child=2 3 4 7 8 12 -8 10 11 -11 -12 -13 14 -15 -16 -17 -18
leaf_value=-0.0032444442109057377 0.0012920874952714429 -0.0071156106940874538 0.0071367545788972612 0.0041067082587455568 0.0034215709850771267 -0.0027973592572081611 -0.0066972798625038231 -0.0027268346018923745 0.00059407275019459293 -0.0027399671053783899 0.0039746112601656402 0.0044985435747631874 -0.0015438528252786946 0.0050798899011535378 -0.0083218992649540871 0.0086905908928061881 -0.0092999616199270999
leaf_weight=34.828458741307259 20.874616369605064 26.185928270220757 25.835853889584541 46.351826563477516 40.269120767712593 93.199802607297897 18.924432843923569 117.38583353161812 1391.6444882154465 176.81061713397503 27.873789072036743 61.374889507889748 24.492033034563065 20.381646767258644 42.705883771181107 24.675877302885056 31.065941706299782
leaf_count=151 90 111 109 199 171 393 85 488 5818 746 117 277 103 85 178 105 132
internal_value=-4.76828e-05 -0.00216867 0.000262919 -0.000945009 0.000559416 -0.00178334 0.00179397 -8.01068e-05 0.000454877 -0.00159004 -0.00142869 0.000760971 -0.00306108 -0.00136256 -0.00589066 0.0053672 -0.00616349
internal_weight=2224.88 283.692 1941.19 217.797 1695.93 245.254 64.4749 191.611 1670.1 217.08 145.26 1453.02 180.779 113.581 67.1979 45.5505 65.8944
internal_count=9358 1198 8160 915 7121 1039 280 804 7012 917 605 6095 759 478 281 195 283
is_linear=0
shrinkage=0.011451


Tree=269
num_leaves=18
num_cat=0
split_feature=2 0 11 13 19 11 21 21 11 14 8 26 17 22 2 21 5
split_gain=10.9349 8.82563 8.6918 8.28043 11.7106 8.80515 8.23165 8.97652 7.48861 7.11038 5.85785 6.79924 5.22912 5.04345 3.91696 3.8119 3.71716
threshold=-7.6500000000000048 8.3148528405201922 -0.11516941064185159 -0.33095238095238094 0.20000000000000001 0.054558470142466627 -16.499999999999996 -1.0000000180025095e-35 0.045870781154975677 0.055749805749805766 -0.13027139761037423 0.21141650215251612 0.1657509157509158 4.5000000000000009 -11.450000000000001 2.5000000000000004 -0.11001591021242794
decision_type=8 10 8 10 8 10 2 2 10 10 10 10 8 10 10 2 10
left_child=3 2 10 13 5 14 -4 -8 -3 -7 -2 -12 -6 15 -5 -1 -14
right_child=1 8 6 4 12 9 7 -9 -10 -11 11 -13 16 -15 -16 -17 -18
leaf_value=0.00063009010424423264 0.0026079686546418243 -0.0050329959424696416 0.0070631926871639094 -0.0063578412091835528 -0.0025017563010390391 -0.0019154735608995208 -0.0003813762911924451 0.0013585549696801338 0.0023037022984165214 0.0074105098631065576 -0.0037884052014462446 0.00096169453524670094 -0.0053722275921088978 0.0057074130709053802 -0.00057905263820324669 -0.0050523686841388218 -0.011688254126396434
leaf_weight=63.056432127952576 35.17549940943718 69.985541626811028 25.813034474849701 34.119641527533531 24.804831564426422 20.16865636408329 672.36144042015076 920.5066515058279 24.151123687624931 21.703027307987213 138.0595920830965 54.929111734032631 24.037130504846573 18.864889338612556 27.832328423857689 19.804509609937668 29.256784737110138
leaf_count=263 152 309 109 145 106 84 2824 3854 101 91 582 229 101 83 117 83 125
internal_value=-4.71632e-05 0.00025997 0.000434736 -0.00214456 -0.00360333 -0.00107001 0.000729794 0.000624264 -0.00314779 0.00295854 -0.00165457 -0.00243775 -0.00693376 0.000470687 -0.00379529 -0.000757379 -0.00894051
internal_weight=2224.63 1940.98 1846.85 283.648 181.922 103.824 1618.68 1592.87 94.1367 41.8717 228.164 192.989 78.0987 101.726 61.952 82.8609 53.2939
internal_count=9358 8160 7750 1198 769 437 6787 6678 410 175 963 811 332 429 262 346 226
is_linear=0
shrinkage=0.011451


Tree=270
num_leaves=18
num_cat=0
split_feature=0 5 14 23 12 8 21 17 31 12 30 21 21 1 9 29 23
split_gain=14.4479 10.7916 10.0064 8.81702 14.3321 11.0705 8.1024 7.39584 6.5409 6.36195 6.34466 5.24101 5.01094 4.98692 4.9165 4.84221 9.46567
threshold=-2.431211498973306 1.6977706389001279 -0.33218390804597692 119.01018893387324 0.092592592592592629 0.0049074545249617749 -10.499999999999998 0.082532051282051294 43.422259919755909 0.48255578093306289 0.31706349206349216 5.5000000000000009 4.5000000000000009 6.3500000000000094 0.40994564740948553 1.4264157411216243 58.371212121212103
decision_type=8 10 8 10 8 8 2 10 2 10 10 2 2 10 8 8 10
left_child=6 2 7 5 -5 -4 14 10 9 12 -2 13 -8 -3 -1 16 -10
right_child=1 11 3 4 -6 -7 8 -9 15 -11 -12 -13 -14 -15 -16 -17 -18
leaf_value=0.0067185365482918128 0.0026669305985194168 -0.0033392442035147661 -0.0033337607877405549 -0.0013328286883945836 0.003480347634820107 -0.00047447819069474495 -0.00027791834071666201 -0.00210968286676376 -0.00369587086349289 0.0062886030423077123 0.0098254642241985685 -0.0079995600540227457 0.0045399687705209094 0.0027107842348183726 0.0002687279485251186 0.0047334978521498391 0.0064060956118083085
leaf_weight=52.723544925451279 86.299143016338348 125.98750258982182 241.85170802474022 169.8563868701458 154.16644316911697 664.00240696966648 464.83791813254356 33.223028466105461 30.493986904621124 21.483238160610199 19.617805883288383 26.464538976550102 29.477302044630051 20.28822548687458 21.915884971618652 86.231109544634819 19.289387866854668
leaf_count=223 364 551 1013 710 644 2757 1926 139 138 92 82 116 123 88 91 394 89
internal_value=-4.41836e-05 -0.000671476 -0.00033042 -0.000660091 0.000959656 -0.00123975 0.00128652 0.0025729 0.000874678 0.000284107 0.00404567 -0.00336285 1.50784e-05 -0.00249167 0.00484375 0.00310202 0.000251038
internal_weight=2268.21 1541.76 1369.02 1229.88 324.023 905.854 726.452 139.14 651.813 515.798 105.917 172.74 494.315 146.276 74.6394 136.014 49.7834
internal_count=9540 6464 5709 5124 1354 3770 3076 585 2762 2141 446 755 2049 639 314 621 227
is_linear=0
shrinkage=0.011451


Tree=271
num_leaves=18
num_cat=0
split_feature=6 19 26 21 24 19 1 28 11 30 12 29 31 6 30 12 18
split_gain=11.4374 9.0423 12.069 8.92943 8.14811 13.8607 8.85446 7.83196 7.68155 7.592 7.20666 9.31806 8.39524 6.98741 6.92144 6.20751 6.19194
threshold=1.125145708654794 -0.50641025641025628 0.40033362248172127 -10.499999999999998 -1.0000000180025095e-35 0.5064102564102565 -1.0000000180025095e-35 0.049056000853390895 -0.12432621792492614 -0.038095238095238119 -0.12723285486443384 2.9054159291001418 -80.518920488245939 -1.2080774749875804 -0.063510737628384661 0.051000400160064026 0.29935064935064942
decision_type=10 10 10 2 2 8 10 10 10 8 10 10 2 8 10 8 8
left_child=3 15 7 13 5 9 -7 8 -3 -5 12 -12 -6 -1 -9 16 -2
right_child=1 2 -4 4 10 6 -8 14 -10 -11 11 -13 -14 -15 -16 -17 -18
leaf_value=-0.0021713618626356826 -0.0012544297467980206 -0.0044287777898235937 -0.0069126396466277903 0.0027793094709350542 -0.0056427965858529636 -0.011584129195775993 -0.003410746453982311 0.0012527073729689359 0.0031003694587887149 -0.0028930007223405669 0.001757565178497869 -0.0013410754243914382 -0.00069558527351511006 0.0049955230630197751 -0.0070311851640535369 0.0052097814885574793 0.0060696835767901636
leaf_weight=23.985920250415802 51.078878685832024 19.474010422825813 27.125716507434845 53.127412840723991 46.617340996861458 29.119799494743347 43.753337994217873 26.782945916056633 154.76316401362419 72.200523257255554 368.83632822334766 193.51691122353077 933.28536455333233 65.507781863212585 25.143197074532509 112.71270725131035 20.751303032040596
leaf_count=100 214 81 114 226 212 126 187 112 655 305 1552 811 3890 276 105 487 87
internal_value=-4.36009e-05 0.00161752 0.00021083 -0.000441479 -0.000623285 -0.00280489 -0.00675176 0.00108291 0.00224527 -0.000486496 -0.000341835 0.000690938 -0.000934596 0.00307283 -0.0027965 0.00354056 0.000897605
internal_weight=2267.78 437.832 253.289 1829.95 1740.46 198.201 72.8731 226.163 174.237 125.328 1542.26 562.353 979.903 89.4937 51.9261 184.543 71.8302
internal_count=9540 1855 1067 7685 7309 844 313 953 736 531 6465 2363 4102 376 217 788 301
is_linear=0
shrinkage=0.011451


Tree=272
num_leaves=16
num_cat=0
split_feature=24 21 3 10 0 3 9 3 3 22 29 29 19 14 29
split_gain=10.8286 14.3641 12.321 10.2176 8.64197 8.09042 7.08673 6.97385 9.75059 6.77926 6.43861 6.12554 4.81143 4.37639 4.03347
threshold=1.0000000180025095e-35 10.500000000000002 0.082256325722200943 0.25627197268904112 -2.5503080082135514 -0.028281175176202097 -0.45601135190918468 -0.052036542949667856 -0.042870219414644077 118.50000000000001 6.087820512820513 -0.33404550979532027 0.42261904761904767 0.10000000000000001 9.1320175438596518
decision_type=2 2 10 10 10 8 10 8 8 10 8 8 10 8 8
left_child=2 3 4 6 5 11 13 14 -9 -8 -3 -1 -7 -2 -6
right_child=1 10 -4 -5 7 12 9 8 -10 -11 -12 -13 -14 -15 -16
leaf_value=-0.00090885676138143618 0.010292131391455213 -0.0065515615544475114 0.0079630521517999805 0.0092200377290974286 -0.0064229722944185831 0.00039743210918518739 0.0022769778923282464 0.0044186226898952161 -0.00089367707444855773 -0.0033283666041727003 0.0016261764601210697 0.0046854364515112159 -0.0034404470358612598 0.0033313439632081132 -0.0017460709437954044
leaf_weight=34.534702092409134 18.835094794631004 32.196809336543083 22.808757305145264 31.057055816054344 43.583854034543037 467.00594800710678 140.80087393522263 46.531311929225922 1138.722536072135 34.746644333004951 20.142465695738792 97.155350461602211 46.489286065101624 32.837467223405838 54.865950793027878
leaf_count=145 80 137 96 133 186 1974 599 194 4775 147 86 407 195 141 229
internal_value=3.25033e-05 0.002016 -0.000283751 0.00312422 -0.000383969 0.000696717 0.00226664 -0.000927197 -0.000682771 0.00115915 -0.00342342 0.00322117 4.59832e-05 0.00596681 -0.00384564
internal_weight=2262.31 310.616 1951.7 258.277 1928.89 645.185 227.22 1283.7 1185.25 175.548 52.3393 131.69 513.495 51.6726 98.4498
internal_count=9524 1323 8201 1100 8105 2721 967 5384 4969 746 223 552 2169 221 415
is_linear=0
shrinkage=0.011451


Tree=273
num_leaves=18
num_cat=0
split_feature=24 21 3 5 4 14 11 31 27 9 26 29 30 4 26 3 20
split_gain=10.5883 14.0467 12.0529 7.59556 9.21347 8.51087 10.3705 8.03529 7.32734 7.31139 7.68494 6.29997 5.85572 5.64769 4.96964 4.68898 3.80292
threshold=1.0000000180025095e-35 10.500000000000002 0.082256325722200943 -1.9999820682386484 -1.7199788558559672 0.20000000000000007 0.2235338155373213 -5.0556133147881601 -0.029753189812422736 -0.39967532467532457 -0.071045760545955822 6.087820512820513 -0.038095238095238119 -5.1516080895938758 -0.34419377475331153 -0.013760943670601209 -0.51190476190476175
decision_type=2 2 10 8 10 10 10 2 10 10 10 8 8 10 10 8 10
left_child=2 9 3 4 12 6 -5 -7 -6 13 14 -3 -1 -2 -11 -12 -15
right_child=1 11 -4 5 8 7 -8 -9 -10 10 15 -13 -14 16 -16 -17 -18
leaf_value=0.0034299954373952111 0.0010048087673259832 -0.0064820968058672468 0.0078777899940380407 -0.00012000383940673926 -0.0021877666547835566 -0.0052902761815332962 -0.0066516535697559781 -0.0010904529163825601 0.0054921771836957834 0.0014719350538337033 0.00067733522679372903 0.0016082520341830101 -0.0036987602851762543 0.012046076146191341 -0.0044826550554052146 0.005468402110768036 0.0052727786566274318
leaf_weight=21.835103049874306 18.59790050983429 32.176424026489258 22.798837184906006 1453.4645418971777 19.749943092465401 88.317691713571548 31.927291095256805 183.2111946195364 84.655968695878983 45.987064808607101 41.556097060441971 20.141130805015564 45.57270522415638 21.292243152856827 29.702779814600945 75.774818956851959 25.306553333997726
leaf_count=92 81 137 96 6089 84 369 134 771 374 196 177 86 192 90 125 323 108
internal_value=3.22051e-05 0.00199385 -0.000280509 -0.000379618 0.00191377 -0.000604532 -0.0002633 -0.00246604 0.00403476 0.0030898 0.0019575 -0.00338633 -0.00137866 0.00638867 -0.000883435 0.00378484 0.00849319
internal_weight=2262.07 310.535 1951.53 1928.73 171.814 1756.92 1485.39 271.529 104.406 258.217 193.021 52.3176 67.4078 65.1967 75.6898 117.331 46.5988
internal_count=9524 1323 8201 8105 742 7363 6223 1140 458 1100 821 223 284 279 321 500 198
is_linear=0
shrinkage=0.011451


Tree=274
num_leaves=18
num_cat=0
split_feature=2 11 13 19 26 4 2 24 28 11 11 29 26 0 16 4 29
split_gain=9.42729 7.722 8.39263 7.37192 7.8798 7.18548 7.98561 6.9696 10.5255 10.0551 9.77341 6.78952 6.50396 6.98801 5.39288 4.81762 4.48184
threshold=-7.6500000000000048 0.042337697068966458 -0.33095238095238094 -0.56980519480519465 0.29388086316636264 -1.5761543956545765 -12.700000000000001 -1.0000000180025095e-35 -0.027823633679359718 0.072349277579720109 -0.034255145186017515 -4.3999999999999986 -3.5510682563978242 -9.4072553045858989 1.0000000180025095e-35 -0.53006997100501796 3.517934782608696
decision_type=8 8 10 8 10 10 10 2 8 10 10 10 8 8 2 10 10
left_child=1 2 -1 4 15 6 -3 8 10 -10 -5 -7 -9 -14 -4 -2 -13
right_child=3 5 14 7 -6 11 -8 12 9 -11 -12 16 13 -15 -16 -17 -18
leaf_value=0.0018555319813768503 -0.0017532017104991251 0.0014973616498821308 -0.0074051512251788387 -0.0059129364513428196 0.0087247262627847787 -0.001982766244701656 -0.0058066998379962169 0.0064871918218507652 -0.0023766289686118448 -0.010483118693660877 0.0032209195975428716 0.0081987080221531793 0.0043307824128222868 1.3790803658611656e-05 -0.0017779977372732337 0.0037394280620176327 0.0013147748899653619
leaf_weight=24.12053507566452 36.637338533997536 32.542614176869392 69.609226495027542 18.862974777817726 23.994116738438606 34.451857164502144 47.948286265134811 20.872548639774323 135.23242524266243 23.055405914783478 71.651276096701622 23.132888153195381 50.126477003097534 1540.3673645406961 33.493558555841446 47.281741231679916 26.536217302083969
leaf_count=107 154 135 297 80 103 145 198 87 577 96 304 97 223 6462 143 199 111
internal_value=-0.000155119 -0.00207331 -0.00418433 0.000129919 0.00303027 -0.000431521 -0.00286554 -3.93568e-05 -0.00182049 -0.00359616 0.0012883 0.00190166 0.000236294 0.000151593 -0.00560017 0.00134651 0.00458663
internal_weight=2259.92 291.835 127.223 1968.08 107.913 164.612 80.4909 1860.17 248.802 158.288 90.5143 84.121 1611.37 1590.49 103.103 83.9191 49.6691
internal_count=9518 1233 547 8285 456 686 333 7829 1057 673 384 353 6772 6685 440 353 208
is_linear=0
shrinkage=0.011451


Tree=275
num_leaves=18
num_cat=0
split_feature=5 5 12 22 14 30 23 9 20 18 18 3 5 8 20 5 29
split_gain=10.3997 11.5041 7.74713 12.602 8.89935 7.27724 7.07061 7.49182 9.42764 7.92175 6.55274 6.72672 6.13135 5.14391 4.40932 4.00096 1.93819
threshold=-0.32554198314369115 -0.23546016608179407 -0.10781440781440781 154.50000000000003 -0.56696428571428559 -1.1690476190476187 -407.22499999999997 -0.16983607790059399 0.59166666666666679 -0.49675324675324667 0.13172353961827649 0.00039720139177878982 -0.73101910160996175 0.0083688404252350874 0.25357142857142861 0.62815523784160632 2.8096764346764354
decision_type=8 8 8 10 8 8 10 10 10 10 8 10 10 10 8 10 8
left_child=6 14 3 15 -4 -6 13 10 9 -9 11 -8 -12 -1 -2 -3 -5
right_child=1 2 4 16 5 -7 7 8 -10 -11 12 -13 -14 -15 -16 -17 -18
leaf_value=-0.0075963252040874788 -0.0031015693010773269 0.00048068058872193675 0.0058873341987327864 -0.011195349426260699 0.0064396569681496449 -0.00038344832514966164 0.0021776476806335092 -0.0017819435461730875 -0.0057115114886360655 0.0019128764759209277 -0.00045366461434661118 0.0077194433464363027 0.0067356693148949258 -0.00013104798380531883 -0.010492017129594336 -0.002487712159577334 -0.0055461906578238252
leaf_weight=19.428352355957031 24.797560468316078 100.81498019397259 30.944616198539734 17.662141978740692 20.191617757081985 1199.4489548206329 58.786785587668419 102.94115319848061 29.490178093314171 286.44928589463234 81.023044362664223 56.887932330369949 18.567583233118057 30.500318706035614 18.945386245846748 144.11808814108372 18.710422322154045
leaf_count=81 104 421 130 79 86 5010 247 442 125 1214 344 241 79 130 80 621 84
internal_value=-0.000153351 -0.000665162 -0.000498383 -0.00221299 -0.000111731 -0.000267053 0.00102501 0.00135248 0.000458534 0.000934728 0.00308524 0.00493151 0.000922372 -0.00309741 -0.00641124 -0.00126792 -0.0084406
internal_weight=2259.71 1575.63 1531.89 281.306 1250.59 1219.64 684.075 634.146 418.881 389.39 215.265 115.675 99.5906 49.9287 43.7429 244.933 36.3726
internal_count=9518 6615 6431 1205 5226 5096 2903 2692 1781 1656 911 488 423 211 184 1042 163
is_linear=0
shrinkage=0.011451


Tree=276
num_leaves=12
num_cat=0
split_feature=0 31 21 22 10 24 9 30 14 11 9
split_gain=9.80954 9.2533 9.51919 8.82965 9.8772 9.31958 8.42497 7.24988 11.9287 4.45801 3.11177
threshold=-12.765229295003422 88.455892247709144 13.500000000000002 217.50000000000003 -0.038372960777507785 1.0000000180025095e-35 0.12825350749879055 0.01401515151515151 0.18208556149732621 0.053468040000906498 -0.14488833746898261
decision_type=10 2 2 10 10 2 8 8 10 10 10
left_child=-1 2 3 5 -5 -2 -4 8 -3 10 -9
right_child=1 7 6 4 -6 -7 -8 9 -10 -11 -12
leaf_value=0.0060003856701153378 -0.00014746586026965691 0.0055665644032556576 -0.008455782716186324 0.00049349579332199061 -0.0058671367928110427 0.0023239488511150094 0.00070172681296872387 0.0056276280714206471 -0.0070372163441432848 0.0092412532074143024 -0.00049817004689071845
leaf_weight=35.518864497542381 1712.7915740162134 19.005018725991249 32.94472673535347 58.903710037469864 69.212216541171074 225.86704459786415 21.510068237781525 26.44085356593132 19.06504599750042 25.158781170845032 17.990867048501968
leaf_count=153 7172 83 142 253 296 949 89 119 84 116 79
internal_value=8.57347e-05 -1.02748e-05 -0.000176927 -5.16593e-05 -0.00295523 0.000141167 -0.00487355 0.00325426 -0.000757673 0.00543547 0.00317636
internal_weight=2264.41 2228.89 2121.23 2066.77 128.116 1938.66 54.4548 107.661 38.0701 69.5905 44.4317
internal_count=9535 9382 8901 8670 549 8121 231 481 167 314 198
is_linear=0
shrinkage=0.011451


Tree=277
num_leaves=12
num_cat=0
split_feature=23 31 21 22 10 5 24 14 3 18 22
split_gain=9.58726 9.27205 9.85065 9.36929 10.2665 8.44481 8.316 7.71671 4.76074 6.96168 4.76624
threshold=-580.61904761904748 88.455892247709144 13.500000000000002 217.50000000000003 -0.038372960777507785 -0.52541062088324375 1.0000000180025095e-35 -0.35865384615384605 -0.015680249068131643 -0.16666666666666666 -27.499999999999996
decision_type=8 2 2 10 10 8 2 8 10 8 8
left_child=7 2 3 6 -5 -4 -2 -1 -3 -10 -11
right_child=1 8 5 4 -6 -7 -8 -9 9 10 -12
leaf_value=-0.00028092105591564663 7.9966139174672532e-05 0.0069635352352490961 0.0011874567911235748 0.00065864297810379053 -0.0059090120348200548 -0.0081369910978534438 0.0024231534492262685 -0.0094283735346393192 -0.0041686706496030694 0.0083859754312117368 0.0012914223053893644
leaf_weight=23.738144442439079 1707.0103744566441 34.199062258005142 19.760676354169846 57.778216794133186 66.902669295668602 34.406552582979202 224.09980070590973 24.076059356331825 18.517047345638275 18.927248641848564 34.739113226532936
leaf_count=100 7151 155 82 248 286 148 942 102 82 86 153
internal_value=8.47912e-05 0.00019492 2.81107e-05 0.00015582 -0.00287811 -0.00476211 0.000352624 -0.00495289 0.0034827 0.00178521 0.00386532
internal_weight=2264.15 2216.34 2109.96 2055.79 124.681 54.1672 1931.11 47.8142 106.382 72.1834 53.6664
internal_count=9535 9333 8857 8627 534 230 8093 202 476 321 239
is_linear=0
shrinkage=0.011451


Tree=278
num_leaves=14
num_cat=0
split_feature=31 25 28 5 19 11 4 4 15 11 4 30 9
split_gain=9.8057 8.09807 8.99835 10.8639 10.0664 11.9923 9.0812 8.03326 6.12511 5.87192 4.92412 4.64256 2.81341
threshold=86.348826244443799 5.5000000000000009 -0.027823633679359718 1.535530990415428 -0.32738095238095227 -0.25608661738795552 0.77015123390163664 -1.3665351386421869 -0.39696969696969692 0.15417692939244662 2.503016535813289 -0.68306451612903218 0.029325765393876883
decision_type=2 2 8 10 10 8 10 10 10 8 10 10 8
left_child=1 2 3 7 5 -4 -5 -1 9 -2 -6 -10 -13
right_child=8 -3 4 6 10 -7 -8 -9 11 -11 -12 12 -14
leaf_value=-0.0014426274546747542 -0.0044701478517115961 -0.0067671400408579737 0.0078892667224565623 -0.0060967842521599466 -0.0016897237728645323 -8.8613930216973003e-05 0.00023547240940262356 0.0024548517261051448 0.00089282282167019557 0.0038895478136555467 -0.0075212256039661066 0.010506936871347213 0.0048719460427898821
leaf_weight=81.879373535513878 20.786366865038872 22.936919182538986 24.687983706593513 42.988704532384872 428.55142794549465 972.23845985531807 92.753947645425797 438.8969994187355 22.857943743467331 21.993120059370995 19.284313023090363 19.706337854266167 32.755131006240845
leaf_count=342 91 97 106 185 1803 4063 387 1849 102 100 80 87 146
internal_value=8.23507e-05 -9.66431e-05 -2.17195e-05 0.00108926 -0.00052683 0.000114061 -0.00178978 0.00184101 0.00328445 -0.000178619 -0.00195158 0.00523578 0.00709331
internal_weight=2242.32 2124.22 2101.28 656.519 1444.76 996.926 135.743 520.776 118.099 42.7795 447.836 75.3194 52.4615
internal_count=9438 8912 8815 2763 6052 4169 572 2191 526 191 1883 335 233
is_linear=0
shrinkage=0.011451


Tree=279
num_leaves=18
num_cat=0
split_feature=22 24 9 12 22 22 5 6 18 25 6 2 22 0 25 18 29
split_gain=10.5369 10.4978 16.1208 10.1125 9.26687 11.6706 8.20331 7.86066 14.4915 6.01046 9.09015 5.65306 5.47286 5.08795 5.00399 4.65712 4.55445
threshold=224.50000000000003 -1.0000000180025095e-35 0.28602106554862466 0.12370543672014268 49.500000000000007 -188.49999999999997 -0.26567622437632171 1.7511124389785901 -0.37339743589743585 1.0000000180025095e-35 -1.6787360901965462 11.450000000000005 -91.499999999999986 0.95824777549623807 -1.0000000180025095e-35 -0.83974358974358965 -5.9226598280946083
decision_type=10 2 8 10 10 10 10 10 8 2 10 8 10 10 2 10 10
left_child=1 2 4 7 5 -1 13 8 -3 15 -11 -9 -4 -2 -6 -5 -8
right_child=6 3 12 9 14 -7 16 11 -10 10 -12 -13 -14 -15 -16 -17 -18
leaf_value=0.0059840368118036971 0.0041068558787236663 -0.0040891074794883273 -0.0025043856177961944 0.00041358774142683934 0.0084828193108939225 -0.0025865627707680121 -0.0017005952705706328 0.0016776118742006755 0.00024088870299139432 -0.0068925028811095829 0.0015740819586863059 0.0078932769161209563 -0.0083186478755566413 -0.0027931581282486903 0.00082323150929439583 0.0042071838019995863 -0.0076643742953717876
leaf_weight=24.003910094499588 24.379596963524818 110.1920934766531 38.158500343561172 55.049540609121323 21.597249075770378 133.99745014309883 26.503291711211205 142.22956743836403 1181.6427215784788 19.041866183280945 105.86698240041733 21.64547224342823 49.521685123443604 31.158873930573463 22.794849365949631 186.78530129790306 47.448916032910347
leaf_count=102 103 462 165 236 90 567 118 598 4937 81 447 95 210 131 97 793 206
internal_value=8.14285e-05 0.00027617 -0.00174472 0.000598345 3.66252e-05 -0.00126494 -0.00308084 0.000169812 -0.000130362 0.00229594 0.000253821 0.00252709 -0.00582604 0.000248436 0.00461967 0.00334713 -0.00556114
internal_weight=2242.02 2112.53 290.074 1822.45 202.393 158.001 129.491 1455.71 1291.83 366.744 124.909 163.875 87.6802 55.5385 44.3921 241.835 73.9522
internal_count=9438 8880 1231 7649 856 669 558 6092 5399 1557 528 693 375 234 187 1029 324
is_linear=0
shrinkage=0.011451


Tree=280
num_leaves=18
num_cat=0
split_feature=31 21 9 22 14 15 28 0 17 0 9 15 14 26 10 4 23
split_gain=9.22869 10.1565 9.05999 8.36189 7.80952 7.78808 10.9906 9.99476 6.38425 8.45622 11.0206 7.02086 6.59209 6.35011 6.55931 4.30655 5.79446
threshold=-55.987482262187193 -8.4999999999999982 -0.23281911675741071 -230.49999999999997 -0.59545454545454535 0.082085561497326223 0.13439398398281729 8.3148528405201922 -0.15831244778613196 1.5564681724845999 -1.0000000180025095e-35 0.10000000000000003 -0.19999999999999998 0.28099238197176801 0.038448773711377011 1.7199788558559677 -127.89999999999996
decision_type=2 2 10 8 8 8 10 10 10 8 8 10 8 10 8 10 10
left_child=4 2 -2 13 -1 6 -5 -7 9 10 -6 -10 -11 14 -3 16 -4
right_child=1 3 15 5 8 7 -8 -9 11 12 -12 -13 -14 -15 -16 -17 -18
leaf_value=0.00511332215800042 -0.00138583240055277 0.0078468543309973566 -0.0010338023938659001 -0.00011179115947775087 0.0048407139823129011 0.0011083397255479267 -0.0034032222324975642 -0.0038193729121006855 -0.0094859423264512192 0.0011703384259619523 -0.0018558723635044674 -0.0017620437984071505 -0.0060224388189840617 -0.0012656432264614742 0.0011922967917972975 0.010290869796206864 0.0064035281389641808
leaf_weight=20.020012527704239 32.80925041437149 44.539682239294052 19.465200617909431 687.68900103867054 48.270195543766022 823.93220898509026 164.28351195156574 57.109072282910347 28.815097242593765 22.469832465052605 93.736590892076492 33.174717649817467 62.394625440239906 28.903738677501678 34.538763627409935 19.857237443327904 44.696740195155144
leaf_count=87 136 192 82 2891 203 3421 690 246 124 105 393 145 286 126 150 85 190
internal_value=0.000142968 0.000433324 0.00369759 0.00022492 -0.00169443 3.17125e-05 -0.000748621 0.000786295 -0.00217687 -0.00127897 0.000432307 -0.00541475 -0.00412367 0.00330661 0.00497443 0.00567796 0.00415972
internal_weight=2266.71 1957.82 116.828 1841 308.881 1733.01 851.973 881.041 288.861 226.871 142.007 61.9898 84.8645 107.982 79.0784 84.0192 64.1619
internal_count=9552 8209 493 7716 1343 7248 3581 3667 1256 987 596 269 391 468 342 357 272
is_linear=0
shrinkage=0.011451


Tree=281
num_leaves=18
num_cat=0
split_feature=31 21 9 22 5 17 11 18 15 28 15 3 27 28 4 31 21
split_gain=9.02425 9.93773 8.86841 8.17898 10.3695 7.62993 9.96174 9.57641 7.61119 10.7509 9.57509 5.92034 4.42616 4.28219 4.22974 5.42368 4.1213
threshold=-55.987482262187193 -8.4999999999999982 -0.23281911675741071 -230.49999999999997 0.64961743523448423 -0.77124183006535929 -0.13015818962585687 0.20000000000000001 0.082085561497326223 0.1104583961487685 0.099130036630036666 -0.012853101986035618 0.0015893350957173898 0.052513918167231534 1.7199788558559677 -15.990133249351059 -2.4999999999999996
decision_type=2 2 10 8 10 10 10 8 8 10 8 8 10 10 10 2 2
left_child=5 2 -2 4 12 6 -1 11 9 -5 -10 -8 -3 -9 15 -4 -7
right_child=1 3 14 8 -6 16 7 13 10 -11 -12 -13 -14 -15 -16 -17 -18
leaf_value=-0.0031014850744537758 -0.0013702226812595574 0.0021371521595046328 0.0082460643220756569 -3.5804541302021691e-05 -0.0020538330623073521 -0.0064706284009298448 0.0033029233522178627 0.0086013006584961475 0.0080056667429587725 -0.0030878459545691985 0.00057982272629289835 -0.0045843545131117438 0.0078618257128040912 0.0021984061644836268 0.010195543210148697 0.0014286511642971052 -0.0020360226192568617
leaf_weight=90.266886204481125 32.810583874583244 30.006248533725739 24.72802323102951 655.87240882217884 32.957387685775757 50.257523730397224 19.892723098397255 26.460939884185791 22.73384815454483 196.08002883195877 858.24506895244122 31.254885748028755 44.962853223085403 28.916077941656113 19.819798976182938 39.398209869861603 61.692099794745445
leaf_count=399 136 129 104 2758 139 217 85 112 95 823 3572 135 200 125 85 168 270
internal_value=0.000141377 0.000428472 0.00365843 0.000222368 0.00327099 -0.001676 -0.000314608 0.00205151 3.13228e-05 -0.000740097 0.000777322 -0.00151376 0.00560934 0.00532345 0.00561924 0.004115 -0.00405321
internal_weight=2266.36 1957.61 116.757 1840.86 107.926 308.741 196.792 106.525 1732.93 851.952 880.979 51.1476 74.9691 55.377 83.946 64.1262 111.95
internal_count=9552 8209 493 7716 468 1343 856 457 7248 3581 3667 220 329 237 357 272 487
is_linear=0
shrinkage=0.011451


Tree=282
num_leaves=18
num_cat=0
split_feature=0 22 3 5 14 4 1 5 22 30 6 3 11 15 6 3 30
split_gain=9.66781 10.0794 8.45853 9.78512 9.48118 8.69 16.726 11.7572 9.57352 8.53955 9.47335 7.70626 7.33711 6.91656 6.57794 6.43893 7.06786
threshold=2.2956878850102673 308.50000000000006 -0.0011580014062398389 -0.57583166275539333 0.18208556149732621 -0.53006997100501796 5.049999999999998 1.6345287413523455 -14.499999999999998 0.10000000000000006 0.99459162407432999 0.027769754429075925 0.10521647346944675 -0.41421568627450972 2.8286504698487649 0.028292715427832741 -0.0059523809523809581
decision_type=10 10 8 8 10 10 8 10 8 8 10 10 10 8 10 10 8
left_child=2 14 3 9 12 6 8 13 -4 -1 -11 -8 -5 -7 15 -2 -17
right_child=1 -3 5 4 -6 7 11 -9 -10 10 -12 -13 -14 -15 -16 16 -18
leaf_value=0.0049762995853670604 -0.00056249301044416925 -0.0070520094532858686 -0.0044049916095653743 -0.001210665527145929 -0.0054000887896673254 -0.0020402074976507965 0.0056100769300495412 -0.0015672318893470664 -7.2100908721092505e-05 -0.0034665057463635187 0.004079570635882916 -0.0019638458214886927 0.0052496609041897463 0.003780256165741 0.0039650352274651305 -0.0068526986637292 -0.0013999048574310339
leaf_weight=64.755613505840302 526.16595895588398 35.924538061022758 83.683054149150848 355.13746812939644 68.700973853468895 28.93081770837307 86.36877104640007 81.509455278515816 322.76558543741703 54.062708169221878 35.618853211402893 21.724902212619781 23.99756932258606 304.85720299184322 34.22279579937458 48.09327307343483 87.702482402324677
leaf_count=273 2233 161 351 1473 285 128 364 339 1345 227 156 91 101 1301 142 204 368
internal_value=-0.000110668 -0.00119252 0.000406577 -0.000650183 -0.00150695 0.00109103 9.59339e-05 0.00232182 -0.000969911 0.0018301 -0.000461488 0.00408516 -0.000793309 0.00327273 -0.000883735 -0.00113813 -0.00335496
internal_weight=2264.22 732.109 1532.11 602.273 447.836 929.84 514.542 415.297 406.449 154.437 89.6816 108.094 379.135 333.788 696.185 661.962 135.796
internal_count=9542 3108 6434 2515 1859 3919 2151 1768 1696 656 383 455 1574 1429 2947 2805 572
is_linear=0
shrinkage=0.011451


Tree=283
num_leaves=18
num_cat=0
split_feature=0 2 6 2 4 5 4 28 19 27 7 6 0 1 30 5 8
split_gain=9.4515 8.28189 7.51919 6.57566 6.21451 9.8086 6.64716 6.06313 9.15273 5.46118 5.27303 4.93247 7.17568 4.83409 4.64727 3.54475 6.05095
threshold=2.2956878850102673 7.7000000000000037 1.7167197703807957 10.10000000000001 -3.6739327073988419 -1.9999820682386484 -0.4770178218261511 -0.1268312198702358 0.12916666666666668 0.13312140237628386 1.934631768904894 -0.51759758394170763 4.3613963039014392 -7.700000000000002 0.17296694318753142 -0.25064354320406518 0.020043049897431473
decision_type=10 10 10 10 8 8 8 8 10 10 10 10 10 10 8 10 10
left_child=1 4 10 -3 -1 14 -7 -5 -9 -4 11 12 -2 -13 -6 16 -11
right_child=2 3 9 7 5 6 -8 8 -10 15 -12 13 -14 -15 -16 -17 -18
leaf_value=-0.0047627373538190612 -0.0025488697360416721 0.0082348655980343816 0.0070392264170242693 0.0072684703334873245 0.0066631401167895708 -0.0016499613302243291 0.00038126168093885883 0.0022970961806062559 -0.0050837913178609631 -0.0024573358211244078 -0.0075834680818228006 0.0013665340125624112 0.00064715305232344118 -0.0033441095819814583 0.0016080516283099549 -0.0031428262676487686 0.0060193441961223998
leaf_weight=33.165971592068672 151.77011929452419 23.365617960691452 20.426717221736908 22.439978733658791 39.622326329350471 272.17389877140522 935.35698601603508 119.54992647469044 26.327355325222015 19.285880371928215 18.172691375017166 32.696676850318909 232.28861133754253 209.18595378100872 59.885948985815048 23.806478068232536 24.310661792755127
leaf_count=138 642 99 85 100 174 1132 3910 504 110 79 79 139 1002 882 267 99 101
internal_value=-0.000109446 0.000402004 -0.00117926 0.00262402 8.30594e-05 0.000208372 -7.72239e-05 0.00181589 0.000948057 0.00195332 -0.00160797 -0.00142665 -0.000618048 -0.00270535 0.00365166 0.000358485 0.00228885
internal_weight=2263.83 1531.89 731.944 191.683 1340.21 1307.04 1207.53 168.317 145.877 87.8297 644.114 625.941 384.059 241.883 99.5083 67.403 43.5965
internal_count=9542 6434 3108 813 5621 5483 5042 714 614 364 2744 2665 1644 1021 441 279 180
is_linear=0
shrinkage=0.011451


Tree=284
num_leaves=18
num_cat=0
split_feature=24 8 21 23 27 3 15 0 21 14 20 30 22 25 20 5 2
split_gain=9.6776 14.2269 11.1428 9.07329 9.00583 7.9608 7.66686 8.35895 7.83637 7.58729 7.81915 7.46299 7.45732 7.44806 9.37216 6.90804 6.57381
threshold=1.0000000180025095e-35 0.11499486888877773 9.5000000000000018 -131.74444444444447 0.053854388179074432 0.013823309270554087 -0.22967032967032969 -8.3586584531143018 1.0000000180025095e-35 -0.21553544494720958 0.51190476190476197 0.35151815776815781 119.50000000000001 -1.0000000180025095e-35 0.098076923076923075 -0.45357009736631876 -1.0000000180025095e-35
decision_type=2 8 2 8 10 10 8 8 2 10 8 8 10 2 10 10 8
left_child=3 2 12 4 5 -1 13 -8 -9 10 -6 -7 -2 -5 -15 -11 -3
right_child=1 16 -4 6 9 11 7 8 -10 15 -12 -13 -14 14 -16 -17 -18
leaf_value=-0.0043340055262161871 0.0030601497755147343 0.0017081223434726785 -0.0041575462188588085 0.0081057940911439391 -0.0013718292802350832 -0.0031604063365566742 0.0036962035661770609 -0.00096767238284312617 0.00082404275096683037 0.0010958495684616316 0.006629637859831599 0.0032336908335990813 -0.0024000543355656451 -0.0017836859983040036 0.007678830047542648 -0.0046806992087475166 0.0091821740334422051
leaf_weight=185.0254350155592 149.1989481151104 24.363648667931557 50.2945856153965 28.811480432748795 26.492999017238617 52.075350537896156 73.369863972067833 805.87143711745739 530.07962177693844 60.164358466863632 39.088662371039391 43.167680814862251 41.452236413955688 44.224235892295837 19.126805022358894 48.506799876689911 43.178836524486542
leaf_count=789 632 103 214 125 111 219 318 3360 2229 258 165 181 175 189 81 204 190
internal_value=2.88693e-05 0.0019116 0.000602892 -0.000268609 -0.00168486 -0.00295344 0.000160664 -4.9268e-05 -0.000256698 0.000358995 0.0034159 -0.000260045 0.00186877 0.00334831 0.00112313 -0.00149533 0.00652896
internal_weight=2264.49 308.488 240.946 1956 454.521 280.268 1501.48 1409.32 1335.95 174.253 65.5817 95.243 190.651 92.1625 63.351 108.671 67.5425
internal_count=9543 1314 1021 8229 1927 1189 6302 5907 5589 738 276 400 807 395 270 462 293
is_linear=0
shrinkage=0.011451


Tree=285
num_leaves=18
num_cat=0
split_feature=24 9 8 12 21 23 12 29 1 20 4 22 27 10 22 5 11
split_gain=9.46188 14.3644 9.59598 16.0592 12.1471 8.86985 11.1906 8.02697 7.47704 9.02964 8.90185 7.70203 7.05839 8.20996 6.90953 6.85777 6.08173
threshold=1.0000000180025095e-35 -0.32315462315462312 0.012100240021450799 -0.14738898840914536 10.500000000000002 -131.74444444444447 0.33257575757575764 6.6684263448969343 5.049999999999998 0.42083333333333339 2.6154691321447516 -230.49999999999997 0.20043669174677028 -0.27885714955542112 -55.499999999999993 -0.32554198314369115 -0.095343094525570202
decision_type=2 10 10 8 2 8 10 10 8 10 10 8 10 8 8 10 10
left_child=5 -2 4 -4 7 6 12 -3 9 11 14 -7 13 -1 -10 -8 -14
right_child=1 2 3 -5 -6 8 15 -9 10 -11 -12 -13 16 -15 -16 -17 -18
leaf_value=-0.0092369858436464787 0.0059289785009125793 0.001486897553289992 -0.0041596198897232576 0.0059945434432718738 -0.0092179658570769128 0.0039482722744995213 0.0083724679521653446 -0.0065654448271906104 -0.001328451783875158 0.0042565113631242279 -0.005673402594352615 -0.00072794155953457727 -0.0036861663368196241 -0.0025091959973063244 0.0028350149436496188 -3.6987494308415919e-05 0.0030942939208050968
leaf_weight=25.323273569345474 83.415784001350403 85.223637595772743 28.221854001283646 69.758813694119453 22.392273142933846 47.673655062913895 20.299532666802406 19.353419914841652 64.127344906330109 53.808033004403114 20.168238446116447 1041.4831731617451 25.535524234175682 300.20839728415012 274.07578738033772 32.307312086224556 50.755633488297462
leaf_count=108 357 359 118 302 96 205 88 82 271 227 85 4371 107 1271 1143 136 217
internal_value=2.86212e-05 0.00189065 0.000380146 0.00306149 -0.00169417 -0.000265506 -0.00166594 -3.52575e-05 0.000158931 -0.000293733 0.0016005 -0.000520982 -0.00231671 -0.00305026 0.00204452 0.00327178 0.000812596
internal_weight=2264.13 308.366 224.95 97.9807 126.969 1955.77 454.43 104.577 1501.34 1142.96 358.371 1089.16 401.823 325.532 338.203 52.6068 76.2912
internal_count=9543 1314 957 420 537 8229 1927 441 6302 4803 1499 4576 1703 1379 1414 224 324
is_linear=0
shrinkage=0.011451


Tree=286
num_leaves=18
num_cat=0
split_feature=21 3 13 31 13 3 31 31 31 19 31 20 26 28 3 0 14
split_gain=7.76831 26.6802 16.0475 14.8025 10.3025 15.7719 9.71133 7.79598 10.7629 7.77789 7.61523 11.5948 7.63913 7.55302 6.38399 6.14665 6.02394
threshold=1.0000000180025095e-35 0.086934618424598778 0.39696969696969703 -36.01420639670652 -0.38214285714285706 0.082256325722200943 86.348826244443799 29.266841744174034 40.005520012981499 0.80909090909090919 -23.504672227775469 -0.32738095238095227 0.65783363972957287 0.22439702415758697 0.00064702514104442177 5.0253251197809723 0.58368347338935589
decision_type=2 8 10 2 8 8 2 2 2 8 2 10 10 10 10 8 10
left_child=4 2 7 -3 5 9 -4 -2 -9 13 11 14 -13 -1 -6 16 -12
right_child=1 3 6 -5 10 -7 -8 8 -10 -11 15 12 -14 -15 -16 -17 -18
leaf_value=0.0099584546626141184 -0.00035511727056914875 -0.0024925928755820635 -0.0090117353729885861 0.0088893651664968491 -0.0057896959659617586 -0.0071814179288352126 0.00031645059341111242 0.0057339542611241018 0.00067688010338768712 -0.00074724894127620189 0.00020220527911005891 -0.001074253949698989 0.006203190057631011 0.0012129342879945509 -0.001537355902606104 -0.0032045345199679942 -0.0045382972785892638
leaf_weight=39.298700615763664 525.00915519893169 18.562922939658165 38.666431203484535 71.950023926794529 125.53316584229469 16.416288688778877 23.237221226096153 73.92772088944912 212.98010104894638 22.733246982097626 704.46821835637093 151.20558409392834 20.942067503929138 19.45690256357193 74.091174587607384 89.258720070123672 36.331138268113136
leaf_count=166 2202 77 162 322 546 79 103 308 902 99 2935 635 88 83 314 372 155
internal_value=-0.00011904 0.000659414 4.43381e-05 0.00655394 -0.000696653 0.00286324 -0.00554388 0.000474579 0.00199015 0.00492839 -0.000988072 -0.00234856 -0.000168547 0.00710821 -0.00422174 -0.00037734 -3.41323e-05
internal_weight=2264.07 964.334 873.821 90.5129 1299.74 97.9051 61.9037 811.917 286.908 81.4889 1201.83 371.772 172.148 58.7556 199.624 830.058 740.799
internal_count=9548 4076 3677 399 5472 427 265 3412 1210 348 5045 1583 723 249 860 3462 3090
is_linear=0
shrinkage=0.011451


Tree=287
num_leaves=18
num_cat=0
split_feature=11 19 23 2 24 14 2 6 16 31 23 14 4 22 4 6 12
split_gain=7.96966 8.56397 10.9547 9.88981 11.3155 8.22104 8.21871 7.85653 9.24152 11.278 8.68975 7.07942 8.42561 6.93927 6.28388 6.07247 6.01877
threshold=0.042337697068966458 0.27386363636363642 256.91776094276105 -5.1000000000000076 1.0000000180025095e-35 -0.022474747474747449 -2.5499999999999967 -1.1601212448902483 -1.0000000180025095e-35 -58.916211535201903 210.34671052631583 -0.2851648351648351 -1.4220600162206003 -105.49999999999999 1.2963390725689483 -2.130037482087483 0.12978300768998444
decision_type=10 8 10 8 2 8 8 8 2 2 10 8 8 10 10 10 8
left_child=7 2 5 -3 -5 14 -4 8 -1 -10 11 -9 -13 -12 -2 -11 -15
right_child=1 3 6 4 -6 -7 -8 10 9 15 13 12 -14 16 -16 -17 -18
leaf_value=-0.0051492103614525653 0.0021635458162374255 -0.0044351075603730672 0.0012196712331234679 -0.00042017957504166307 0.0066391057463723356 -0.00031695621805423615 0.0091378544695596316 0.0018832496690734076 0.005815708058898637 0.00017429276393652484 -0.0025978883316023329 -0.0037262713808419163 -0.00046074908447260978 0.0011312794051373594 0.0095415707936720214 -0.0043800972834717533 0.0061573703689179202
leaf_weight=95.628904074430466 54.948382392525673 62.120946437120438 27.73959419131279 184.3773365020752 34.830912828445435 163.45843245089054 45.533461466431618 144.67572346329689 28.198001876473427 80.850473135709763 29.215578466653824 115.25049924850464 978.75662090629339 65.35637329518795 20.546519130468369 72.345960319042206 59.844027131795883
leaf_count=417 230 261 117 786 151 693 195 612 129 343 122 486 4089 275 88 303 251
internal_value=-0.000117706 0.00102132 0.00232492 -0.000427517 0.000718129 0.00112959 0.006178 -0.000522756 -0.00228156 -0.000756534 -0.000172091 -0.000491777 -0.00080681 0.00238349 0.00423709 -0.00198609 0.00355345
internal_weight=2263.68 593.556 312.226 281.329 219.208 238.953 73.2731 1670.12 277.023 181.394 1393.1 1238.68 1094.01 154.416 75.4949 153.196 125.2
internal_count=9548 2521 1323 1198 937 1011 312 7027 1192 775 5835 5187 4575 648 318 646 526
is_linear=0
shrinkage=0.011451


Tree=288
num_leaves=18
num_cat=0
split_feature=25 2 3 4 10 21 5 19 2 2 9 22 25 21 29 13 4
split_gain=10.2214 13.4314 14.6424 14.1036 10.9918 12.2011 8.90616 8.44419 8.47608 7.97726 7.928 7.84378 8.84718 7.55524 6.12081 10.9606 6.33682
threshold=1.0000000180025095e-35 -11.450000000000001 -0.057823694003397368 0.62009875375050749 -0.15743692224603881 1.0000000180025095e-35 -0.071164458810124329 -0.86190476190476184 -11.450000000000001 7.6500000000000066 0.19057707828894271 -166.99999999999997 -2.4999999999999996 2.5000000000000004 7.654761904761906 -0.02857142857142855 -0.98508957344949144
decision_type=2 8 10 8 10 2 10 8 8 10 8 8 2 2 8 10 8
left_child=4 -2 3 -3 5 11 -7 -6 10 -10 -9 -1 -13 -5 16 -16 -4
right_child=1 2 14 13 7 6 -8 8 9 -11 -12 12 -14 -15 15 -17 -18
leaf_value=0.0046899499887578236 -0.0069259072907617318 -0.0031465346428111952 -0.0031179135005312678 0.0031949274273688996 0.0063792106791839857 0.0023339251540166099 -0.0043867623124745165 0.0082475822671743519 8.8791957496607755e-05 0.0033223731517260683 -5.3560378802993749e-05 0.0028936105092198967 -0.0023305831636787058 0.013371160662882698 -0.0011813708316769586 -0.0067318904973072483 0.0005310651604375073
leaf_weight=24.334267184138298 52.484753116965294 20.580991879105568 86.159614071249962 19.195014789700508 38.919294402003288 208.79892235994339 28.877073764801025 37.692831352353096 617.78436033427715 118.71730120480061 24.852808177471161 45.992027878761292 488.46301344037056 19.555322073400021 140.69794787466526 69.406070396304131 221.38883048295975
leaf_count=103 225 90 363 82 164 882 122 160 2609 506 105 194 2034 87 592 288 935
internal_value=-0.000177538 -0.00141658 -0.000908059 0.00444941 0.000300034 -0.000662916 0.00150745 0.00121509 0.000958487 0.000612534 0.0049831 -0.00158675 -0.00187799 0.00846883 -0.00152702 -0.00303034 -0.000495701
internal_weight=2263.9 629.469 576.984 59.3313 1634.43 796.465 237.676 837.967 799.047 736.502 62.5456 558.789 534.455 38.7503 517.652 210.104 307.548
internal_count=9541 2662 2437 259 6879 3335 1004 3544 3380 3115 265 2331 2228 169 2178 880 1298
is_linear=0
shrinkage=0.011451


Tree=289
num_leaves=18
num_cat=0
split_feature=25 2 3 21 7 28 21 2 3 13 23 29 13 3 11 11 3
split_gain=9.99205 13.164 14.3329 10.083 12.5348 9.59675 9.53655 11.6373 9.33916 13.9706 9.26771 7.89119 12.968 7.68033 7.48208 7.0368 6.50705
threshold=1.0000000180025095e-35 -7.700000000000002 -0.042870219414644077 1.0000000180025095e-35 0.99150028239725196 -0.13981721987341897 1.5000000000000002 10.10000000000001 0.082256325722200943 0.30860805860805868 -197.41974789915966 7.3639880952380965 -0.02857142857142855 -0.08680365365585567 0.073590500314638277 0.17581682565679649 -0.027265032107618211
decision_type=2 8 10 2 8 10 2 8 8 10 10 8 10 10 10 8 10
left_child=3 5 6 4 10 -2 -3 -8 9 14 16 -4 -13 -12 -5 -10 -1
right_child=1 2 11 8 -6 -7 7 -9 15 -11 13 12 -14 -15 -16 -17 -18
leaf_value=-0.00034134751778020259 -0.00069802523091643768 -0.00092474198721206045 -0.00025241398443403797 0.0010506431509832489 -0.0016664456552799379 -0.0086234835949649015 0.0016477508404475082 0.013251168470272022 0.011840182009614153 -0.0049399988079025193 -0.0054985818403082698 -0.0011716018059244641 -0.0074595143270607261 0.00039502022105338095 0.0052075707927642509 0.0031780386986180516 0.0050263419134251178
leaf_weight=42.663779109716415 32.615134477615356 32.73611506819725 273.66921691596508 324.67788755893707 494.48443651199341 51.794195264577866 24.228104919195175 20.997118957340717 17.834790021181107 44.57675276696682 30.204953148961067 129.29966427385807 64.017830356955528 477.01579029858112 68.294775500893593 38.975945368409157 95.563574656844139
leaf_count=184 137 141 1154 1360 2056 225 101 95 80 194 133 544 265 2008 289 171 404
internal_value=-0.000175467 -0.00140065 -0.000745675 0.000296722 -0.000295718 -0.00559044 0.00377933 0.00714854 0.00166138 0.00108951 0.000755043 -0.00150539 -0.00327224 3.734e-05 0.00178063 0.00600254 0.00337588
internal_weight=2263.65 629.357 544.948 1634.29 1139.93 84.4093 77.9613 45.2252 494.36 437.549 645.448 466.987 193.317 507.221 392.973 56.8107 138.227
internal_count=9541 2662 2300 6879 4785 362 337 196 2094 1843 2729 1963 809 2141 1649 251 588
is_linear=0
shrinkage=0.011451


Tree=290
num_leaves=18
num_cat=0
split_feature=0 5 28 31 9 26 11 11 15 3 25 27 26 28 21 3 0
split_gain=11.0846 8.63498 9.95272 9.9216 9.97621 7.53133 7.51334 9.53785 8.75164 8.19768 7.41973 7.29589 7.23269 6.99964 8.67393 13.3505 6.07306
threshold=-2.431211498973306 -0.071164458810124329 -0.22595705350779435 -42.300116112241646 -0.01723526348713755 -1.0000000180025095e-35 0.041106836501573325 0.055656705099693289 0.077097902097902113 0.027508090614886686 -4.4999999999999991 0.051803647636873694 0.34989549852242091 -0.32612506768338129 -1.0000000180025095e-35 -0.044484491780988338 -8.524298425735795
decision_type=10 10 8 2 8 10 8 10 10 10 2 10 10 8 2 8 10
left_child=10 2 5 4 -4 -2 8 -8 -3 -10 -1 -9 -5 -12 15 -15 -16
right_child=1 6 3 12 -6 -7 7 11 9 -11 13 -13 -14 14 16 -17 -18
leaf_value=0.0069250906298326245 0.010462508618648314 -0.0035357298919498157 0.0023409904880751877 0.00017974516322926621 -0.004707974559478619 0.0019436367306347332 0.0067653188966213191 0.00065116751172218234 0.001155263942501158 -0.0047498925152576052 0.0063691260785409603 -0.0063842196316023277 0.0037439400532075671 0.0067523798045354003 0.0063823882140900149 -0.00093346290853486683 0.0017002174117570828
leaf_weight=30.101883187890053 20.059725388884544 253.7370228767395 35.604048281908035 655.34003134071827 96.808643743395805 40.819807484745979 27.525359019637108 112.20351392030716 133.9242085814476 39.322650343179703 31.764962941408157 22.665466770529747 83.603912159800529 31.843125730752945 42.064379706978798 334.97588263452053 249.63227714598179
leaf_count=129 85 1082 154 2707 423 174 115 466 585 168 144 93 347 134 184 1405 1058
internal_value=0.000250686 -0.000303376 0.000382512 6.81292e-05 -0.00281038 0.00483303 -0.00138748 0.000706893 -0.00218389 -0.000198049 0.0014202 -0.000556602 0.00058599 0.00117373 0.000916963 -0.00025529 0.00238835
internal_weight=2242 1521.61 932.236 871.357 132.413 60.8795 589.378 162.394 426.984 173.247 720.383 134.869 738.944 690.281 658.516 366.819 291.697
internal_count=9453 6399 3890 3631 577 259 2509 674 1835 753 3054 559 3054 2925 2781 1539 1242
is_linear=0
shrinkage=0.011451


Tree=291
num_leaves=15
num_cat=0
split_feature=0 23 8 11 31 11 25 28 16 7 15 8 28 31
split_gain=10.8387 9.05707 8.97376 7.79477 8.32647 7.78657 7.26536 6.8595 6.46453 7.0078 6.43759 5.44811 9.66043 7.63002
threshold=-2.431211498973306 667.16666666666686 -0.076656568499487279 0.042337697068966458 -42.300116112241646 0.056877920150231416 -4.4999999999999991 -0.32612506768338129 -1.0000000180025095e-35 0.71454226456360004 -0.063599313599313589 -0.13568040119273508 -0.098890122246156703 -68.392686506746699
decision_type=10 10 8 10 2 10 2 8 2 10 10 10 10 2
left_child=6 2 11 4 -4 -5 -1 -8 10 -10 -9 13 -13 -2
right_child=1 -3 3 5 -6 -7 7 8 9 -11 -12 12 -14 -15
leaf_value=0.0068550507290796548 0.0052947838104757255 0.0074973870485934837 -0.0028017073065042448 0.006431616122156176 4.3799752204284637e-05 0.00094059284570076264 0.0063085214140946059 -0.0030384478022759905 0.0023308767041392664 -0.0010585146615651833 0.001247646382083504 0.00033577737188718006 -0.0058546949361418825 -0.0017205892120095213
leaf_weight=30.068187460303307 23.228655621409416 18.625356271862984 163.76291052997112 38.687444806098938 749.40482744574547 245.50061491131783 31.709571920335293 92.321130990982056 374.53240546584129 101.24060335755348 90.299839586019516 50.107384666800499 96.077584594488144 135.95120991766453
leaf_count=129 107 79 726 161 3104 1026 144 390 1582 432 377 208 412 576
internal_value=0.000247988 -0.000299919 -0.000399824 4.74156e-05 -0.000468161 0.00170133 0.00140464 0.00116081 0.000906796 0.00160917 -0.000922272 -0.00214979 -0.00374087 -0.000679149
internal_weight=2241.52 1521.35 1502.72 1197.36 913.168 284.188 720.172 690.104 658.394 475.773 182.621 305.365 146.185 159.18
internal_count=9453 6399 6320 5017 3830 1187 3054 2925 2781 2014 767 1303 620 683
is_linear=0
shrinkage=0.011451


Tree=292
num_leaves=18
num_cat=0
split_feature=31 28 14 15 10 28 21 3 2 29 21 23 29 31 15 28 14
split_gain=11.5591 10.1286 9.41748 8.13435 9.93755 7.48577 7.37889 6.37578 6.01085 7.68946 6.38715 5.61915 5.51882 5.51685 8.58047 6.72207 4.69186
threshold=23.182160606342453 -0.065099173799445867 0.60158730158730178 0.13159063159063158 -0.35595599019372637 -0.084763990494284236 -14.499999999999998 0.042722275586591925 5.1000000000000094 2.5976190476190477 -8.4999999999999982 -33.551190476190463 15.599025974025976 93.958121973821008 -0.59761904761904749 -0.19376579372089717 -0.54356060606060586
decision_type=2 8 10 10 10 10 2 10 10 8 2 10 10 2 8 10 10
left_child=1 5 12 6 -5 8 -3 -8 10 -10 -1 -7 13 14 -2 -15 -6
right_child=2 3 -4 4 16 11 7 -9 9 -11 -12 -13 -14 15 -16 -17 -18
leaf_value=0.0046493337082677208 -0.0052721097147949928 0.0040026362705367809 -0.0045974669518337365 -0.0063236572201917658 0.0058898147075818726 0.0098633264471783746 -0.0014579234623327991 -0.0045910213992625412 0.0091048837259820447 0.00016924063832895699 -0.00083062612971880015 0.0014692659198590242 -0.0045142944087924221 0.0089639400030584945 0.0015744435904478681 0.0019306165026253053 0.00078772447553695569
leaf_weight=30.962106570601463 24.430658996105194 29.03032360970974 34.401504844427109 23.738296464085579 25.852637529373169 20.238819301128387 765.58258301019669 95.43452875316143 21.872780621051788 28.781858116388321 235.52457961440086 21.475366607308388 18.890844762325287 27.864689722657204 564.10134243965149 48.799672439694405 220.74219147861004
leaf_count=131 102 122 148 102 111 84 3201 397 92 121 985 90 80 130 2387 217 939
internal_value=-2.17034e-06 -0.000568121 0.00119395 -0.00108798 0.000650464 0.00111177 -0.00161608 -0.00180846 0.000506655 0.00409542 -0.000183976 0.00563244 0.00148935 0.00166417 0.00128462 0.00454189 0.00133697
internal_weight=2237.72 1519.24 718.489 1160.38 270.333 358.856 890.047 861.017 317.141 50.6546 266.487 41.7142 684.087 665.196 588.532 76.6644 246.595
internal_count=9439 6375 3064 4872 1152 1503 3720 3598 1329 213 1116 174 2916 2836 2489 347 1050
is_linear=0
shrinkage=0.011451


Tree=293
num_leaves=18
num_cat=0
split_feature=11 31 10 6 15 4 14 15 24 29 30 9 31 21 15 29 3
split_gain=12.1002 11.1153 8.91315 9.74404 7.92096 7.85328 10.3713 6.70842 6.28722 6.12291 11.926 7.84468 5.40025 7.8517 6.48168 5.11673 4.26043
threshold=-0.017558908586791429 23.182160606342453 -0.28288029036230472 2.8286504698487649 -0.16575091575091572 2.8040986710539868 -0.56696428571428559 -0.22263993316624894 -1.0000000180025095e-35 -5.424999999999998 -0.13332369385000956 0.11773005498495696 -98.558290782262802 -14.499999999999998 0.13899331662489559 0.20205835830835819 0.012985786782967136
decision_type=10 2 10 10 8 10 8 10 2 8 8 8 2 2 10 10 8
left_child=1 12 4 5 -2 6 -4 -7 -3 11 -11 -10 -1 -14 -15 16 -6
right_child=2 8 3 -5 15 7 -8 -9 9 10 -12 -13 13 14 -16 -17 -18
leaf_value=-0.0051883648714953941 -0.0079864575650776953 -0.0048445331837658999 0.0095173581550605096 0.0061152898860390853 -0.0055022274854980907 -0.0076646298101794427 0.0011806192918456596 -0.00027392308511568888 -0.0067988343356988013 0.0077653478232312693 0.0010562236151666622 0.0027467447623301128 0.0052691601565815161 -0.0018259867370128231 0.00073091071383877344 0.0043563175575975777 0.0011039362275905961
leaf_weight=45.749505296349525 23.617355167865753 22.083620220422745 19.489008173346519 52.280853807926178 26.153617098927498 21.920393958687782 697.43534138798714 56.315505981445312 24.612581476569176 39.640562504529953 254.16455587744713 19.891941279172897 23.462239608168602 707.25381803512573 158.86357392370701 20.361057475209236 24.137431368231773
leaf_count=213 101 92 81 231 111 93 2948 239 103 165 1072 84 97 2946 675 85 103
internal_value=-2.07302e-06 -0.000719839 0.00098533 0.0013572 -0.00234375 0.00103953 0.00141583 -0.00239166 0.000987504 0.00137692 0.00197687 -0.0025546 -0.00137793 -0.00117825 -0.0013568 -0.000400836 -0.00235845
internal_weight=2237.43 1295.72 941.711 847.441 94.2695 795.16 716.924 78.2359 360.393 338.31 293.805 44.5045 935.329 889.58 866.117 70.6521 50.291
internal_count=9439 5447 3992 3592 400 3361 3029 332 1516 1424 1237 187 3931 3718 3621 299 214
is_linear=0
shrinkage=0.011451


Tree=294
num_leaves=18
num_cat=0
split_feature=0 4 4 28 8 2 22 28 8 0 17 23 30 23 29 20 30
split_gain=10.8496 11.8877 12.71 11.6112 11.5941 8.75841 7.96671 8.17019 7.03362 8.16933 8.06513 7.00901 6.85328 6.30601 5.26722 5.12044 3.9772
threshold=-2.5503080082135514 1.4220600162206007 1.9207327325565142 -0.2806821687130977 -0.018867533847203213 2.5499999999999976 -313.49999999999994 0.18694582765657222 -0.027631713846700014 -9.4072553045858989 -0.11396103896103897 -45.225000000000016 -1.23030303030303 -95.897817460317427 7.3639880952380965 -0.20416666666666664 0.11932773109243704
decision_type=8 10 10 8 8 8 8 10 8 10 8 10 8 8 8 10 8
left_child=6 3 15 14 -4 -6 -1 8 10 -10 -8 -9 -5 -14 -2 -3 -17
right_child=1 2 4 12 5 -7 7 11 9 -11 -12 -13 13 -15 -16 16 -18
leaf_value=0.0065942688340488529 0.0077599733687354353 0.0022644862318106757 -0.0054777493645121874 -0.006185780479384252 -0.00055422230848393267 0.0058737912738677451 -0.0065896516026334884 -0.0061271373769409875 0.0065740958817940799 0.0015164602778858596 0.00038680429675031972 0.0008453974133199345 -0.0026019088655238522 -0.0006588026394619233 0.00062428378341010903 0.0046497871373698046 0.012075653738132911
leaf_weight=32.505176812410355 26.233174502849579 31.678228035569191 38.069782540202141 35.151935920119286 78.436964228749275 42.301838710904121 25.046836867928505 37.832411140203476 46.781757801771164 364.71326866745949 139.93711465597153 36.868944197893143 283.25640001893044 961.28226105868816 27.620565861463547 20.102009326219559 19.799042865633965
leaf_count=145 110 134 161 151 326 179 104 156 211 1543 590 154 1207 4031 116 83 83
internal_value=-8.40062e-05 -0.000609999 0.0017885 -0.00102506 -2.2831e-05 0.00171765 0.00111863 0.000838875 0.00130115 0.00210109 -0.000694443 -0.00270866 -0.00124497 -0.0011022 0.00415229 0.00577055 0.00847161
internal_weight=2247.62 1563.93 230.388 1333.54 158.809 120.739 683.686 651.18 576.479 411.495 164.984 74.7014 1279.69 1244.54 53.8537 71.5793 39.9011
internal_count=9484 6581 966 5615 666 505 2903 2758 2448 1754 694 310 5389 5238 226 300 166
is_linear=0
shrinkage=0.011451


Tree=295
num_leaves=18
num_cat=0
split_feature=0 4 4 28 5 2 30 23 14 14 5 27 0 27 28 7 13
split_gain=10.6046 11.6237 12.4266 11.3543 9.77809 9.61059 9.08715 8.71353 8.31645 8.30916 7.45768 7.86674 6.28086 7.5908 6.16934 6.06707 6.6923
threshold=-2.5503080082135514 1.4220600162206007 1.9207327325565142 -0.2806821687130977 0.31268212483416141 5.049999999999998 -1.1217903828197942 296.23809523809524 -0.33806193806193802 -0.50691121743753309 0.055019569734382941 -0.15988498208817606 -9.6522929500342212 -0.045719107181886737 -0.13696455124684859 0.99150028239725196 0.071699134199134276
decision_type=8 10 10 8 10 8 8 10 8 10 10 10 10 8 10 10 8
left_child=8 3 10 -2 6 -4 -5 -6 9 -1 -3 -12 13 -10 -7 -14 -17
right_child=1 2 5 4 7 14 -8 -9 12 -11 11 -13 15 -15 -16 16 -18
leaf_value=0.0028117033599364604 0.0041069857399574639 0.011138880722274046 -0.001827842294060953 -0.0073164489018170426 -0.0037169414648025429 0.0090693927173412688 -0.00045890494863199722 0.0015908489861664538 -0.0013523811870739509 -0.0060964930315918668 0.0087318615494111837 -0.00052652402583573416 0.0015617935952549609 0.0072857228963142109 0.00067255806773286811 -0.0059509712413731248 0.00102323784710511
leaf_weight=20.692709982395172 53.839582517743111 22.157451719045639 112.55603170394897 25.391629591584206 277.61560866236687 19.746169418096542 929.43585933744907 47.091747492551804 18.345636814832687 38.368595272302628 19.295324191451073 30.134381130337715 486.96028020977974 46.482623174786568 26.471464544534683 30.925753638148308 41.693752586841583
leaf_count=86 226 93 470 106 1206 84 3873 204 80 159 81 126 2058 211 112 128 181
internal_value=-8.29867e-05 -0.000603005 0.00176885 -0.00101345 -0.00123092 -2.25839e-05 -0.000646215 -0.00294549 0.00110622 -0.00297885 0.00570584 0.00315527 0.00149536 0.00485229 0.00433754 0.00110118 -0.00197376
internal_weight=2247.2 1563.74 230.361 1333.37 1279.53 158.774 954.827 324.707 683.469 59.0613 71.5872 49.4297 624.408 64.8283 46.2176 559.58 72.6195
internal_count=9484 6581 966 5615 5389 666 3979 1410 2903 245 300 207 2658 291 196 2367 309
is_linear=0
shrinkage=0.011451


Tree=296
num_leaves=18
num_cat=0
split_feature=24 21 6 23 11 0 6 14 31 11 21 3 6 31 15 10 30
split_gain=10.8867 19.5051 9.54137 11.4769 8.69004 8.66546 10.4889 8.86063 8.09241 6.84646 7.67581 6.78957 6.70539 5.1029 5.86133 7.31712 4.99556
threshold=-1.0000000180025095e-35 -9.4999999999999982 -1.6787360901965462 -380.24999999999994 0.081420935910416117 -8.3586584531143018 3.2224193926853464 -0.31782106782106773 -29.628924282612612 -0.041106836501573311 -13.499999999999998 0.030892405330573917 -0.81563386689616013 -93.525895401715147 0.0095238095238095333 0.13454863361920164 -0.083863504916136478
decision_type=2 2 8 10 8 8 8 8 2 8 2 10 10 2 10 10 8
left_child=1 9 3 -2 11 6 -4 12 -9 -1 -11 -5 -7 -3 16 -16 -15
right_child=2 13 5 4 -6 7 -8 8 -10 10 -12 -13 -14 14 15 -17 -18
leaf_value=-0.0018014593642713052 -0.0090332324677071113 -0.0094740021942913335 0.007802507938875429 -0.0032618189830397014 0.0027354966950783781 0.0075492261328934723 -0.00093135962504535476 -0.0014228224927063274 0.00060897108031197716 0.011365255321988562 0.0014004134175602911 0.0032263949766880595 0.0017745184228793911 -0.0011188577689161081 -0.0025044260874809597 0.0057346856245514208 -0.005626728731315301
leaf_weight=19.157927259802818 25.051565855741501 16.874703660607338 45.474048264324665 142.23846936225891 60.612620651721954 32.231324836611748 29.385710865259171 334.97887054085732 1097.0776642560959 19.963710784912109 20.34835721552372 24.274501636624336 136.55427485704422 46.558925569057465 51.612447515130043 18.710656493902206 107.03277285397053
leaf_count=81 107 79 205 612 254 138 129 1415 4583 87 87 103 576 197 219 79 455
internal_value=-2.34251e-05 -0.00204915 0.000292669 -0.00178107 -0.000957214 0.000605327 0.004396 0.000426319 0.000133267 0.00379398 0.00643929 -0.00230692 0.00290247 -0.00349873 -0.00302179 -0.000279199 -0.00427092
internal_weight=2228.14 300.26 1927.88 252.177 227.126 1675.7 74.8598 1600.84 1432.06 59.47 40.3121 166.513 168.786 240.79 223.915 70.3231 153.592
internal_count=9406 1284 8122 1076 969 7046 334 6712 5998 255 174 715 714 1029 950 298 652
is_linear=0
shrinkage=0.011451


Tree=297
num_leaves=16
num_cat=0
split_feature=25 28 21 3 5 30 11 0 27 14 21 12 0 30 12
split_gain=12.7647 10.4924 12.034 24.6076 10.7978 10.5083 8.95599 8.76698 9.8858 7.63045 7.44875 7.16599 6.8932 6.7197 6.00573
threshold=-5.4999999999999991 0.04680861079511308 -2.4999999999999996 -0.071070830145867667 -1.5662160628670316 -0.17337183888908023 -0.18199747601985591 0.75975359342915827 0.095295452227995334 -0.11111111111111106 -9.4999999999999982 -0.20973381457252424 -1.8193018480492797 -0.93118686868686862 -0.2339122440866627
decision_type=2 10 2 10 10 10 10 10 10 8 2 10 8 8 8
left_child=-1 2 3 -2 7 13 -7 14 -9 11 -5 -4 -11 -6 -3
right_child=1 4 9 10 5 6 -8 8 -10 12 -12 -13 -14 -15 -16
leaf_value=0.0084342637727221458 -0.011304737349117792 -0.00082606389546779067 -0.00052623234886022268 0.0023833233058683291 -0.0049629185021757803 0.0028345080224697443 -0.0045836455260210235 0.0025727410400678778 -0.0070157526310115417 0.0020795708954518006 -0.0013851348907429721 0.0044958540716588911 -4.107339642933467e-05 0.00014726836414608637 0.0063914803224398506
leaf_weight=22.494816973805428 29.154422670602798 21.259530052542686 51.223665967583656 89.195259094238281 38.586730867624283 23.258358642458916 213.61758908629417 30.732177928090096 25.003546953201294 284.5520778670907 292.7218479514122 134.71968927979469 680.54293030500412 240.20652393996716 50.502307236194611
leaf_count=96 131 89 218 378 167 99 904 128 103 1227 1231 566 2826 1024 219
internal_value=-2.31376e-05 -0.000111915 0.000394945 -0.00128552 -0.0013421 -0.00207948 -0.0038494 0.00163556 -0.00176064 0.000995484 -0.000502422 0.00311541 0.000585183 -0.000570105 0.00426528
internal_weight=2227.77 2205.28 1562.11 411.072 643.167 515.669 236.876 127.498 55.7357 1151.04 381.917 185.943 965.095 278.793 71.7618
internal_count=9406 9310 6577 1740 2733 2194 1003 539 231 4837 1609 784 4053 1191 308
is_linear=0
shrinkage=0.011451


Tree=298
num_leaves=18
num_cat=0
split_feature=0 24 4 25 3 5 10 3 26 29 9 10 19 29 11 2 2
split_gain=7.61066 10.9324 8.05874 7.95438 15.3071 10.9962 8.62086 8.4854 7.80399 11.3908 7.80309 7.51827 6.75461 6.60784 11.0885 6.29598 5.26837
threshold=2.793976728268309 1.0000000180025095e-35 -1.4737938259331 -1.0000000180025095e-35 -0.059542832700326113 -0.38748416250503398 -0.049771966101756458 0.0012338829571868495 -0.39374385246254628 -0.58041549953314575 -0.19599839935974386 0.28275322922395313 -0.46190476190476182 7.8007936507936515 0.0019770709681392611 7.7000000000000037 -10.100000000000007
decision_type=10 2 8 2 10 10 8 8 10 10 10 8 8 10 10 10 8
left_child=1 3 -3 4 -1 7 -7 -5 9 10 -2 12 -10 14 -4 -6 -14
right_child=8 2 13 5 15 6 -8 -9 11 -11 -12 -13 16 -15 -16 -17 -18
leaf_value=-0.0048786162124715973 0.00017253679049678109 -0.0022276531931029 0.0020788478357983832 -0.0010262482934536388 0.0014843009516230612 -0.0046535892997327036 -0.00084214130285420398 0.0018272945482666826 0.0018159805653157697 0.0051792952766039424 -0.0059359802949234073 0.0021410367066722921 -0.0073092759776195882 -0.0015157992708507094 0.0088892144916839395 0.0053844098986896068 -0.0027141876058520546
leaf_weight=45.190773591399193 200.81889997422695 29.737949013710022 67.793636575341225 241.59277366101742 347.08795650303364 108.96458111703396 269.54584023356438 312.92702661454678 37.085377857089043 53.292441502213478 31.088634669780731 47.133015707135201 37.788389354944229 21.833359152078629 58.524913422763348 63.919060036540031 235.7406248152256
leaf_count=196 845 124 287 1009 1455 457 1129 1319 157 226 132 200 166 92 261 273 1014
internal_value=7.57394e-05 0.000506137 0.00317341 0.000163245 0.0014013 -0.000442659 -0.00194559 0.000584324 -0.000972752 0.000439852 -0.000660928 -0.00209763 -0.00274399 0.00426263 0.0052641 0.00209853 -0.00336514
internal_weight=2210.07 1567.12 177.89 1389.23 456.198 933.03 378.51 554.52 642.947 285.2 231.908 357.747 310.614 148.152 126.319 411.007 273.529
internal_count=9342 6602 764 5838 1924 3914 1586 2328 2740 1203 977 1537 1337 640 548 1728 1180
is_linear=0
shrinkage=0.011451


Tree=299
num_leaves=18
num_cat=0
split_feature=0 12 6 2 11 22 12 14 7 11 18 26 6 7 10 20 2
split_gain=7.44004 8.88429 10.8917 11.9871 9.68492 9.71101 9.35977 8.31971 8.97771 8.95042 9.43161 7.63101 10.3067 7.66416 10.0673 7.19768 6.52534
threshold=2.793976728268309 -0.11774125179519294 0.068780612188681492 -2.5499999999999967 -0.13810179297311428 21.500000000000004 -0.39971264367816089 0.21846590909090913 0.085279110679570294 -0.042337697068966444 0.36451048951048959 -0.39374385246254628 1.3546867438017454 -1.7347879384187863 0.28275322922395313 0.29285714285714293 -12.700000000000001
decision_type=10 10 8 10 8 8 8 8 10 10 10 10 10 10 10 8 10
left_child=1 2 3 -1 -4 -6 -5 9 -9 10 -3 -2 13 -13 -15 -10 -11
right_child=11 7 4 6 5 -7 -8 8 15 16 -12 12 -14 14 -16 -17 -18
leaf_value=-0.0051414568885984413 0.00043476793996022177 -0.0014602055044941494 -0.0048843904751367353 0.0046863585859068958 0.0040059714146855434 0.00026020584242692038 -0.0016656922479777831 -0.0022378876336158816 -0.00070810163295979389 -0.001876841011846331 0.0049811344886926479 0.0025521212329766741 0.0021230230127887448 -0.0044232545297364263 0.0022839951347220617 0.0081833431007928559 0.0038777090034489135
leaf_weight=105.50425072014332 285.2156463265419 123.74012909829617 38.833683699369431 38.352845013141632 111.46021641790867 476.80241857469082 137.39326572418213 125.77360574901104 24.502613246440887 27.91892359405756 38.537270024418831 29.208240926265717 62.73783016204834 232.49623362720013 33.152737617492676 22.440639421343803 295.56844975054264
leaf_count=449 1203 514 162 161 477 1990 573 540 106 121 160 126 262 1008 141 97 1252
internal_value=7.48798e-05 0.000500461 -0.000233756 -0.00210338 0.0006061 0.000973639 -0.000267095 0.0015125 -0.000644294 0.00227919 8.35067e-05 -0.000961907 -0.00207463 -0.00297054 -0.0035826 0.00359709 0.00337823
internal_weight=2209.64 1566.83 908.347 281.25 627.096 588.263 175.746 658.482 172.717 485.765 162.277 642.811 357.595 294.857 265.649 46.9433 323.487
internal_count=9342 6602 3812 1183 2629 2467 734 2790 743 2047 674 2740 1537 1275 1149 203 1373
is_linear=0
shrinkage=0.011451


Tree=300
num_leaves=9
num_cat=0
split_feature=14 0 23 27 27 19 16 8
split_gain=7.69521 7.47774 7.8706 6.96451 6.92785 6.36799 5.04991 3.6734
threshold=-0.60158730158730156 9.8165639972621523 -580.61904761904748 1.0000000180025095e-35 0.40660383537133765 -0.86190476190476184 1.0000000180025095e-35 0.031296258635920594
decision_type=8 10 8 10 10 8 2 8
left_child=3 2 -2 -1 5 -4 -6 -3
right_child=1 7 4 -5 6 -7 -8 -9
leaf_value=0.00049399857644807324 -0.0056004185992107195 -0.0069437805419782931 0.0032705414674870444 0.008383699187251124 0.0011270065770649512 -0.00027498832041464701 0.0077978726284216697 -0.0013414717035812997
leaf_weight=33.947079479694366 33.242767438292503 30.417759537696838 68.088483840227127 25.294276714324951 39.237586006522179 1963.5217988938093 23.580694779753685 31.095908388495445
leaf_count=144 142 138 290 106 169 8268 107 136
internal_value=-0.000131098 -0.000241827 -0.000127397 0.00391814 -3.87857e-05 -0.000155134 0.00368638 -0.00415623
internal_weight=2248.43 2189.18 2127.67 59.2414 2094.43 2031.61 62.8183 61.5137
internal_count=9500 9250 8976 250 8834 8558 276 274
is_linear=0
shrinkage=0.011451


Tree=301
num_leaves=18
num_cat=0
split_feature=24 0 6 6 2 19 22 1 0 19 30 6 9 17 21 11 1
split_gain=7.88825 8.78122 7.9372 8.36888 10.5216 7.85925 7.38734 9.78082 7.8363 8.18327 6.71143 7.53371 6.4721 5.44041 4.53762 11.8647 5.1653
threshold=1.0000000180025095e-35 8.3148528405201922 0.94528825783303361 -1.3360333738807324 -5.1000000000000076 -0.66190476190476188 104.50000000000001 5.1000000000000094 3.1786447638603712 -1.0000000180025095e-35 0.071543123982148418 0.019721189438631024 -0.23792456050520561 -0.099019607843137222 -13.499999999999998 -0.037497724790680635 1.0000000180025095e-35
decision_type=2 10 10 10 10 8 10 8 10 10 10 10 10 10 2 10 10
left_child=1 5 3 4 -3 13 7 8 9 -2 11 -8 -10 -1 15 -7 -16
right_child=6 2 -4 -5 -6 14 10 -9 12 -11 -12 -13 -14 -15 16 -17 -18
leaf_value=0.004573294123055658 0.0006569176932798718 -0.0087724990854711072 0.0024787790986380309 -0.010407852098255295 0.0025310155513568258 -0.0023616771290812799 -0.0040473380768683989 0.0077418133329929181 0.0032250068692380326 0.0063992082144288288 -0.0065933362283584858 0.0058821543239971734 -0.0038098666541279682 -0.0017275722955595475 -0.0010594839319297959 0.007247583258430044 0.00022230730966686746
leaf_weight=70.311563909053802 75.276660963892937 18.382398754358292 19.837327003479004 28.242151364684105 24.428836360573769 32.742199242115021 19.007370159029961 38.151822134852409 25.204107314348221 56.891586795449257 24.009718179702759 19.788427457213402 50.464494064450264 23.663359045982361 974.6788042485714 33.51697401702404 713.69954083859921
leaf_count=298 325 83 85 127 108 137 82 164 107 243 101 84 214 101 4100 144 2997
internal_value=-0.000129581 -0.000400352 -0.0038621 -0.00563895 -0.00238225 -0.000228825 0.00156832 0.00246224 0.00147156 0.00314827 -0.00192204 0.00103109 -0.001459 0.00298572 -0.000402052 0.00252277 -0.000517779
internal_weight=2248.3 1939.5 90.8907 71.0534 42.8112 1848.61 308.794 245.989 207.837 132.168 62.8055 38.7958 75.6686 93.9749 1754.64 66.2592 1688.38
internal_count=9500 8180 403 318 191 7777 1320 1053 889 568 267 166 321 399 7378 281 7097
is_linear=0
shrinkage=0.011451


Tree=302
num_leaves=18
num_cat=0
split_feature=0 5 22 10 21 2 0 30 6 12 5 30 10 10 5 28 21
split_gain=14.1136 10.8621 11.4741 12.1158 10.0871 16.2409 7.98139 6.36587 5.55613 7.58853 8.25317 5.2021 11.6539 9.4118 4.39175 4.04812 1.79024
threshold=-8.3586584531143018 -2.7797511252510829 217.50000000000003 -0.040653143006414476 1.0000000180025095e-35 -15.200000000000001 6.9541409993155385 -0.73079814921920183 -0.73673493440185045 0.10380563708737085 -3.7286343108672035 0.80036764705882368 0.15988402176877886 0.14968218054660051 -0.59355277387072714 0.063021341714618193 -1.4999999999999998
decision_type=8 8 10 10 2 10 8 10 10 8 10 8 8 10 10 10 2
left_child=11 8 4 7 6 -6 -3 -4 -2 -10 -11 13 -13 14 -1 -5 -14
right_child=1 2 3 15 5 -7 -8 -9 9 10 -12 12 16 -15 -16 -17 -18
leaf_value=0.013574725429713273 0.0087969065378668502 -0.00050547025699933593 -0.0049836815677126748 -0.0049924286430723845 0.0054953824241944556 0.00035960443508501817 -0.0046314855396072654 0.0030039929836966372 -0.0016946457678770376 0.0010608285805252657 0.010897625581754958 -0.0058125166455505247 0.0023574001787079629 -0.00065437987701379304 0.0059629182194379455 -0.011324992798296308 0.0074405231320401003
leaf_weight=17.021116957068443 20.536778748035431 1015.4602505862713 19.06647901237011 50.538298666477203 90.143521621823311 729.42714181542397 64.797546416521072 38.183334097266197 36.383370697498322 26.327876269817352 18.990600869059563 18.815304815769196 18.172038003802299 18.442928910255432 27.471764758229256 18.588590547442436 19.480625107884407
leaf_count=81 86 4236 85 216 392 3064 285 163 155 117 86 83 77 81 120 82 88
internal_value=0.000147824 -6.76302e-05 -0.000251871 -0.00358368 -2.9066e-05 0.000928466 -0.00075565 0.00031719 0.00356182 0.00218573 0.00528057 0.0039676 0.00141888 0.00621577 0.00903136 -0.00678666 0.00507049
internal_weight=2247.85 2128.44 2026.21 126.377 1899.83 819.571 1080.26 57.2498 102.239 81.7018 45.3185 119.404 56.468 62.9358 44.4929 69.1269 37.6527
internal_count=9497 8967 8523 546 7977 3456 4521 248 444 358 203 530 248 282 201 298 165
is_linear=0
shrinkage=0.011451


Tree=303
num_leaves=16
num_cat=0
split_feature=0 9 5 13 3 31 0 8 6 6 12 5 20 31 8
split_gain=13.8203 11.5916 10.6305 10.3119 12.8397 11.4901 10.0549 7.6916 6.66953 5.43946 7.43183 8.10927 5.406 5.31626 3.09816
threshold=-8.3586584531143018 0.16018993925970676 -2.7797511252510829 0.31503759398496245 0.053822656232187967 65.914637130072506 -0.85557837097878131 -0.0073884595011078627 -1.1601212448902483 -0.73673493440185045 0.10380563708737085 -3.7286343108672035 1.0000000180025095e-35 -9.4738000595549448 0.021300026304243633
decision_type=8 8 8 10 8 2 8 8 8 10 8 10 8 2 10
left_child=1 14 9 5 6 8 -5 -3 -4 -2 -11 -12 -7 -9 -1
right_child=2 7 3 4 -6 12 -8 13 -10 10 11 -13 -14 -15 -16
leaf_value=0.010570730743760923 0.0087074082156727572 -0.0053553383047031345 -0.0016845810476749548 -0.001171755271000703 0.0038201789544297774 0.00053212754496037421 -0.0069759925032080771 -0.0016546810468825628 0.00012120989271553225 -0.0016752488028337238 0.0010492228859141481 0.010808345208621131 0.0054368752623525788 0.0059281567240650115 0.0045753652246869388
leaf_weight=28.550088286399841 20.517203137278557 18.332580864429474 331.92573063075542 77.033498987555504 31.449140354990959 50.42127700150013 79.567875251173973 18.754397034645081 1384.8305839449167 36.390815615653992 26.32163992524147 18.934010699391365 70.77696667611599 32.43397781252861 21.184220887720585
leaf_count=126 86 79 1422 334 139 214 329 79 5772 155 117 86 313 149 97
internal_value=0.000146246 0.00392856 -6.68593e-05 -0.000249079 -0.00279819 1.26481e-05 -0.00413781 0.000888341 -0.000228446 0.00352506 0.00216315 0.00522929 0.00341038 0.00316432 0.00811076
internal_weight=2247.42 119.255 2128.17 2026.01 188.051 1837.95 156.601 69.521 1716.76 102.164 81.6465 45.2557 121.198 51.1884 49.7343
internal_count=9497 530 8967 8523 802 7721 663 307 7194 444 358 203 527 228 223
is_linear=0
shrinkage=0.011451


Tree=304
num_leaves=17
num_cat=0
split_feature=14 5 28 10 17 0 8 12 7 12 3 26 21 12 21 11
split_gain=10.4082 11.2357 12.8248 10.6805 9.97097 7.5732 7.47379 7.46583 7.26049 7.19963 6.89507 7.91459 7.79594 5.70085 5.39202 4.32116
threshold=0.60158730158730178 -1.6686247980868558 0.04680861079511308 0.26942541905099515 0.29772727272727278 3.8234086242299807 0.010834090561766098 0.17203889860139862 0.24285251336288829 -0.1818181818181818 -0.046168551041502297 0.015464989146001641 5.5000000000000009 0.037037037037037042 -1.0000000180025095e-35 0.034255145186017529
decision_type=10 8 10 10 10 8 10 10 10 8 10 8 2 8 2 8
left_child=1 5 3 6 -5 9 -3 15 -7 14 11 -4 -12 -11 -1 -2
right_child=7 2 10 4 -6 8 -8 -9 -10 13 12 -13 -14 -15 -16 -17
leaf_value=-0.0041957321596616734 -0.011175273737271334 -0.00027283607898737132 -0.0074297590737424785 0.0044788181304430998 -0.0042727461732462359 0.0022612026349660874 0.001812204393902876 0.00088917970142175513 -0.0060490699831600887 0.0089596039855250331 -0.00033774361413750587 0.0015024493125857055 -0.0041908763352870668 0.0036232241690441142 0.0033371404402756069 -0.0033967071628582144
leaf_weight=21.921014904975891 19.753693655133247 985.57658791542053 47.326678894460201 135.26825632154942 18.989384770393372 33.926547229290009 291.56486006826162 21.340383842587471 22.287761926651001 35.983293995261192 374.50087930262089 17.57418954372406 83.742322877049446 99.736518979072571 27.133132517337799 18.825190961360931
leaf_count=93 82 4132 210 570 80 141 1231 93 93 155 1584 78 359 445 115 80
internal_value=0.000146468 0.000275584 -1.24046e-05 0.000548395 0.00338782 0.00260496 0.000203861 -0.00453582 -0.00106573 0.00372152 -0.00154559 -0.00502031 -0.00104693 0.00507472 -4.01596e-05 -0.00750106
internal_weight=2255.45 2195.53 1954.54 1431.4 154.258 240.988 1277.14 59.9193 56.2143 184.774 523.144 64.9009 458.243 135.72 49.0541 38.5789
internal_count=9541 9286 8244 6013 650 1042 5363 255 234 808 2231 288 1943 600 208 162
is_linear=0
shrinkage=0.011451


Tree=305
num_leaves=13
num_cat=0
split_feature=14 31 25 22 12 0 0 0 22 12 20 11
split_gain=10.1784 8.7872 8.04963 8.48516 7.29951 7.17986 6.92841 5.28183 6.32666 5.98084 4.34882 4.22808
threshold=0.60158730158730178 -89.908172364507877 4.5000000000000009 -203.49999999999997 0.17203889860139862 -9.4072553045858989 2.6721423682409307 4.9541409993155385 -17.499999999999996 -0.090970849802371564 0.18465909090909094 0.034255145186017529
decision_type=10 2 2 8 10 8 8 10 8 10 8 8
left_child=1 7 3 6 11 -5 -3 8 -1 -10 -4 -2
right_child=4 2 10 5 -6 -7 -8 -9 9 -11 -12 -13
leaf_value=-0.0059944242305725584 -0.011051814360932367 0.0020311317286021077 -0.0010278662358414227 0.0041062064773409179 0.00087943929025486331 0.00021323515584173179 0.0086425056653239036 -0.0087614853838435119 -0.0022702103185100195 0.005411929238750543 -0.008279979255942942 -0.0033581634409275219
leaf_weight=30.060000762343407 19.753039762377739 106.72165132313967 23.553048700094223 63.619114279747009 21.337024092674255 1852.6114425212145 25.369168549776077 16.632880352437496 36.934468030929565 19.896351516246796 19.777937933802605 18.83079169690609
leaf_count=130 82 464 99 286 93 7779 106 86 166 85 85 80
internal_value=0.000144766 0.000272471 0.000434013 0.00053794 -0.00448547 0.000343857 0.00333771 -0.00297341 -0.00180751 0.00045067 -0.00441287 -0.00741704
internal_weight=2255.1 2195.18 2091.65 2048.32 59.9209 1916.23 132.091 103.524 86.8908 56.8308 43.331 38.5838
internal_count=9541 9286 8819 8635 255 8065 570 467 381 251 184 162
is_linear=0
shrinkage=0.011451


Tree=306
num_leaves=18
num_cat=0
split_feature=5 4 2 9 5 28 0 3 4 23 10 29 6 8 3 1 8
split_gain=9.61085 10.0768 8.18847 7.59075 15.1635 13.906 7.88564 7.3925 7.36313 9.03456 6.58089 6.48529 8.92302 6.43086 5.49925 5.45301 5.34139
threshold=1.6691272031037305 -0.12761386621135748 13.950000000000005 -0.039655541292255007 -1.6020040422154045 -0.063021341714618165 2.120465434633815 -0.032293208056884508 4.2523889378893589 -147.3833333333333 -0.35595599019372637 -6.8850621600621578 -1.6787360901965462 -0.092613296384047569 -0.00039720139177878972 2.5499999999999976 0.11076113863008587
decision_type=10 10 8 10 10 8 10 10 10 10 8 8 10 10 8 10 10
left_child=1 3 11 5 16 7 -7 -1 9 -2 -6 15 -13 14 -11 -3 -5
right_child=8 2 -4 4 10 6 -8 -9 -10 13 -12 12 -14 -15 -16 -17 -18
leaf_value=-0.0014269928826163201 -0.0057567511812846072 6.1891912925602254e-07 0.0052485382291514544 0.00058682974472731853 -0.0093046939627145671 0.00064730122583123086 -0.0016530134221870408 0.0060454970947818069 0.0045447189212394993 -0.0078451481225478101 -0.002632936242363504 -0.001427803230705416 0.0022447926564753574 0.00085234483076695241 -0.00062507411298055318 -0.0064577131390787888 0.0068246207285028362
leaf_weight=22.146042540669441 77.624040067195892 56.965512931346893 67.734087228775024 73.293750286102295 20.774592563509941 547.25974334776402 303.08497500419617 76.109203904867172 20.007328346371651 25.659504756331444 220.29139813780785 107.57773469388485 439.0936685949564 95.055901885032654 29.417829588055611 23.859943024814129 23.262002304196358
leaf_count=94 340 241 301 313 87 2281 1282 317 84 113 925 450 1859 405 129 101 101
internal_value=0.000108713 0.000374789 0.00148482 -0.000225662 -0.00169842 0.000299336 -0.00017324 0.00436297 -0.0020145 -0.00260221 -0.00323183 0.00107344 0.00152122 -0.000953068 -0.00404205 -0.00194291 0.0021259
internal_weight=2229.22 1981.45 695.231 1286.22 337.622 948.6 850.345 98.2552 247.765 227.757 241.066 627.497 546.671 150.133 55.0773 80.8255 96.5558
internal_count=9423 8352 2952 5400 1426 3974 3563 411 1071 987 1012 2651 2309 647 242 342 414
is_linear=0
shrinkage=0.011451


Tree=307
num_leaves=18
num_cat=0
split_feature=5 4 25 24 2 14 9 5 2 18 7 4 23 8 30 31 6
split_gain=9.39818 9.84941 9.2503 12.3706 8.90712 8.88004 8.75236 15.0317 8.15792 8.03386 7.45987 7.202 8.84451 6.29329 5.51525 5.20919 5.08759
threshold=1.6691272031037305 -0.12761386621135748 -1.0000000180025095e-35 -1.0000000180025095e-35 -17.799999999999994 -0.66287878787878773 -0.039655541292255007 -1.6020040422154045 7.7000000000000037 -0.20808823529411763 -1.7830613586631208 4.2523889378893589 -147.3833333333333 -0.092613296384047569 -0.19675938096990728 -59.958718295102351 -2.0837353660105489
decision_type=10 10 2 2 10 8 10 10 10 8 8 10 10 10 8 2 10
left_child=1 5 8 14 -5 -1 10 -8 9 -3 -7 12 15 16 -4 -2 -14
right_child=11 2 3 4 -6 6 7 -9 -10 -11 -12 -13 13 -15 -16 -17 -18
leaf_value=0.006793707110929777 -5.2865593097918105e-05 -0.0015740486015673935 0.0014189561490682314 0.0073360472524596192 0.00082356200693140837 0.0064392905285942598 0.0018887296723465294 -0.0035140629456337034 0.0081842553312970086 0.0036843426913588319 4.4913489600352903e-05 0.0044938360467583404 -0.0089238100649633653 0.00084255711153734801 -0.005689289486608717 -0.0072455309544301027 -0.0015342971515730115
leaf_weight=22.561732217669487 16.835147619247437 50.447660759091377 19.181588396430016 29.219987578690052 354.86295802146196 23.905913919210434 94.364901974797249 233.68655063211918 37.106026843190193 151.07507815957069 911.54545137286186 20.009658202528954 17.785933285951614 95.066633731126785 53.200959399342537 60.704507753252983 37.242883190512657
leaf_count=95 79 215 81 131 1496 100 405 981 162 642 3819 84 81 405 225 261 161
internal_value=0.000107453 0.000370549 0.0014681 0.000511302 0.0013308 -0.00022311 -0.000351901 -0.00195926 0.00329185 0.00236715 0.000212768 -0.00199268 -0.00257425 -0.000942788 -0.0038098 -0.00569757 -0.00400044
internal_weight=2228.8 1981.16 695.094 456.465 384.083 1286.06 1263.5 328.051 238.629 201.523 935.451 247.645 227.635 150.095 72.3825 77.5397 55.0288
internal_count=9423 8352 2952 1933 1627 5400 5305 1386 1019 857 3919 1071 987 647 306 340 242
is_linear=0
shrinkage=0.011451


Tree=308
num_leaves=17
num_cat=0
split_feature=0 24 25 11 8 19 25 12 15 14 5 8 8 4 12 2
split_gain=11.1595 9.39864 9.18716 9.24277 8.15306 7.74242 7.16316 6.66973 12.7496 8.9108 6.44048 6.35651 4.81916 5.43329 4.37116 0.389786
threshold=8.4654346338124569 1.0000000180025095e-35 3.5000000000000004 0.039906377711465053 -0.028649509216288168 0.57738095238095244 1.5000000000000002 0.056450702729258402 -0.27638888888888885 0.58368347338935589 -0.45357009736631876 -0.11076113863008584 0.11691830337850036 0.5471836050219715 -0.068589248589248628 -5.0499999999999963
decision_type=10 2 2 8 10 10 2 10 8 10 10 10 8 10 10 10
left_child=1 5 3 11 -5 7 10 9 -9 -1 15 -3 13 -7 -8 -2
right_child=6 2 -4 4 -6 12 14 8 -10 -11 -12 -13 -14 -15 -16 -17
leaf_value=-0.00034234924907133033 -0.0070994507463043961 0.0061529227230575495 -0.0045729513706006088 0.0026691838823372058 0.0095947573129793948 -0.0044325469970952699 0.0039896210190015326 0.0061453880256039381 0.0003812296060956619 -0.0065101377641664515 -0.0020274736410169263 -0.00013531272751545051 -0.00852373507227174 0.0018776019516744038 -0.0035301305257083408 -0.010251946850244685
leaf_weight=1282.1605734974146 19.69316191971302 24.793229922652245 24.280629962682724 54.473525851964951 37.963413543999195 47.657560557126999 20.02882619202137 57.212403237819672 386.14594101905823 30.80994701385498 34.209397792816162 122.44046638906002 18.829476729035378 27.936177402734756 19.211933344602585 20.019929856061935
leaf_count=5384 86 104 103 234 169 203 88 248 1631 129 156 516 80 117 83 85
internal_value=-0.000152005 3.59822e-05 0.00205463 0.00273681 0.00556153 -0.000252546 -0.00364472 -8.02149e-05 0.00113312 -0.000490293 -0.00572841 0.000946412 -0.00343511 -0.00210454 0.000310532 -0.00883085
internal_weight=2227.87 2114.7 263.951 239.671 92.4369 1850.75 113.163 1756.33 443.358 1312.97 73.9225 147.234 94.4232 75.5937 39.2408 39.7131
internal_count=9416 8918 1126 1023 403 7792 498 7392 1879 5513 327 620 400 320 171 171
is_linear=0
shrinkage=0.011451


Tree=309
num_leaves=17
num_cat=0
split_feature=31 23 12 18 9 4 21 3 14 9 21 21 29 14 30 27
split_gain=9.58206 8.65064 11.0492 9.62119 8.03662 6.91214 10.3155 11.739 9.28455 7.51367 7.27279 6.88364 6.148 5.91147 5.8546 3.96878
threshold=-88.066844955317933 -238.41666666666666 0.33257575757575764 0.25000000000000006 -0.039655541292255007 -1.4220600162206003 -1.0000000180025095e-35 0.044010118311870412 0.58368347338935589 0.34217562623135384 -9.4999999999999982 -1.0000000180025095e-35 3.1402777777777779 -0.18715659340659335 0.74376293995859222 0.01001003732323703
decision_type=2 8 10 8 10 10 2 8 8 8 2 2 10 10 8 8
left_child=11 2 3 12 -5 6 7 -3 10 -8 -7 13 -2 15 -10 -1
right_child=1 5 -4 4 -6 8 9 -9 14 -11 -12 -13 -14 -15 -16 -17
leaf_value=0.00092974829159535072 -0.0089720626574194169 -0.00078542663289398373 0.0041607647290024391 -0.0033432540284652006 0.0012084003219442149 0.0048279400999924312 -0.0021649388513334854 -0.005908566351530367 -0.0063845541291690702 0.001226541963320075 0.00094276264516476155 0.0010035726942080785 -0.0013634056807239558 -0.0090346085589557163 0.001203692541570539 -0.0059870768645754269
leaf_weight=21.629154048860073 41.805428445339203 220.41429358720779 35.756001591682434 115.69608680903912 89.893268585205078 67.485127463936806 107.71863742172718 79.376218065619469 34.922533586621284 408.22229588031769 878.26316730678082 31.190371319651604 21.120574787259102 32.166442200541496 21.026659712195396 20.911405071616173
leaf_count=99 177 919 152 488 381 285 455 338 150 1693 3719 141 89 145 90 95
internal_value=-0.000150338 1.79417e-05 -0.00176689 -0.00256453 -0.00135557 0.000317291 -0.000465069 -0.00215193 0.000954291 0.000516597 0.00122318 -0.00350104 -0.00645911 -0.00537402 -0.00355205 -0.00251
internal_weight=2227.6 2121.7 304.271 268.515 205.589 1817.43 815.731 299.791 1001.7 515.941 945.748 105.897 62.926 74.707 55.9492 42.5406
internal_count=9416 8936 1287 1135 869 7649 3405 1257 4244 2148 4004 480 266 339 240 194
is_linear=0
shrinkage=0.011451


Tree=310
num_leaves=13
num_cat=0
split_feature=3 24 9 9 15 22 23 22 5 23 28 12
split_gain=10.9084 9.98629 12.1504 8.40827 7.34953 8.14231 7.16615 6.86507 7.84563 5.96805 5.16928 4.12228
threshold=0.082256325722200943 -1.0000000180025095e-35 0.29664744051910602 -0.63564213564213545 -0.25760368663594463 -118.49999999999999 -14.40277777777777 210.50000000000003 -0.32554198314369115 132.47222222222226 -0.010661651183523999 -0.16688596491228067
decision_type=10 2 8 8 10 10 10 10 10 10 8 10
left_child=1 2 4 11 -1 -6 10 9 -9 -5 -4 -3
right_child=-2 3 6 7 5 -7 -8 8 -10 -11 -12 -13
leaf_value=0.0065511548284324112 0.0070623867126303726 0.001822784698509265 0.0016709703767121334 9.4453764197099303e-05 0.0030826725060045905 -0.0023212032487938297 -0.010398982869328803 0.0013365053450172535 -0.0048270707842482195 0.0017040187587982183 -0.0055372544408386322 0.0093653864296529745
leaf_weight=17.538254857063293 29.025872617959976 19.24266853928566 18.933668538928032 1375.9900459051132 47.255787432193756 154.04803209006786 26.414223402738571 43.717107906937599 69.499204337596893 386.40219690650702 39.549938544631004 18.906176641583443
leaf_count=76 123 84 81 5784 199 659 113 185 302 1640 171 79
internal_value=0.000167233 7.48957e-05 -0.00185168 0.000381205 -0.000419858 -0.0010467 -0.00551066 0.00027194 -0.00245315 0.000447857 -0.00321107 0.00565691
internal_weight=2246.52 2217.5 303.74 1913.76 218.842 201.304 84.8978 1875.61 113.216 1762.39 58.4836 38.1488
internal_count=9496 9373 1299 8074 934 858 365 7911 487 7424 252 163
is_linear=0
shrinkage=0.011451


Tree=311
num_leaves=15
num_cat=0
split_feature=24 9 15 21 15 9 23 23 31 7 13 31 0 12
split_gain=9.47865 12.1381 7.71411 8.43325 8.9054 7.54719 7.26361 5.62773 5.27658 6.17075 5.17925 7.37025 5.17864 3.25588
threshold=-1.0000000180025095e-35 0.29664744051910602 -0.25760368663594463 -10.499999999999998 -0.082843137254901944 -0.63564213564213545 -14.40277777777777 636.17647058823547 88.455892247709144 0.050816421352579445 0.083472686733556303 -39.993534015473863 -9.4072553045858989 -0.16688596491228067
decision_type=2 8 8 2 10 8 10 10 2 8 10 2 8 10
left_child=1 2 -1 -4 -5 13 10 8 12 -10 11 -3 -7 -2
right_child=5 6 3 4 -6 7 -8 -9 9 -11 -12 -13 -14 -15
leaf_value=0.0067135347448437754 0.0020056623510331028 -0.00036305994673869243 0.0048632327922493567 -0.006499211647302992 -0.00043354135622642354 0.0036356687394865782 -0.010282799942652609 0.0053176788764891748 0.0068925415496316643 0.00075995017053620583 0.0017751246191305566 -0.010195345071671665 2.9091963605900838e-05 0.008606290455441425
leaf_weight=18.235727950930595 19.95477981865406 19.581488400697708 27.729429572820663 40.876573070883751 134.98125547915697 53.173721671104431 26.414269536733627 28.864711761474609 32.524150028824806 61.724013358354568 19.243268549442291 19.869652360677719 1723.5365644097328 19.643393158912659
leaf_count=79 87 87 118 173 577 238 113 122 148 280 82 84 7226 82
internal_value=0.000165362 -0.00170225 -0.000286882 -0.000933671 -0.00186256 0.000461409 -0.00536048 0.000357309 0.000278926 0.0029096 -0.00305521 -0.00540173 0.000138346 0.00536779
internal_weight=2246.35 306.932 221.823 203.587 175.858 1939.42 85.1087 1899.82 1870.96 94.2482 58.6944 39.4511 1776.71 39.5982
internal_count=9496 1313 947 868 750 8183 366 8014 7892 428 253 171 7464 169
is_linear=0
shrinkage=0.011451


Tree=312
num_leaves=17
num_cat=0
split_feature=31 21 24 4 4 6 14 6 18 30 8 31 11 31 5 18
split_gain=12.3508 8.81652 8.04149 12.7866 8.65168 7.39046 9.35397 8.73312 6.53154 5.65218 5.39852 6.4055 6.01483 2.83241 5.24605 1.85747
threshold=-89.908172364507877 10.500000000000002 1.0000000180025095e-35 -0.16154120358412535 0.28672276747520825 -1.6787360901965462 -0.19999999999999998 -1.9590463536426688 0.083974358974358967 0.17296694318753142 -0.083869772962587283 -0.40188987912858914 -0.047221227642505907 -108.62969166908486 0.76621603624674128 0.37631118881118891
decision_type=2 2 2 8 10 8 8 8 10 10 8 2 10 2 8 8
left_child=9 2 5 8 -5 7 -7 -2 -4 13 -3 -12 -13 15 -15 -1
right_child=1 10 3 4 -6 6 -8 -9 -10 -11 11 12 -14 14 -16 -17
leaf_value=-0.0048441957296605186 -0.00081448951299590362 -0.0075892135021994704 -0.002459116515283299 0.0086745297385318852 0.0025627392445020862 0.0025076393516666475 -7.8973710637346272e-06 -0.0067166290821678671 0.0033858346933003246 0.0014319358031898654 -0.0074438139618801854 -0.0036702395330338129 0.0034179408512863886 -0.0074979830054213463 0.0001256550069643863 -0.010530194326098819
leaf_weight=17.167306907474995 188.28414222598076 25.255424112081528 77.355949595570564 45.145986467599869 92.817652009427547 226.12306062877178 1333.8945029824972 39.229384139180183 36.290374264121056 20.485852614045143 17.970624849200249 28.028843909502029 34.003372475504875 21.157719045877457 25.819186463952065 16.524826802313328
leaf_count=80 800 107 325 194 402 953 5604 165 154 90 77 120 143 94 116 79
internal_value=-5.81462e-06 0.000179154 0.000346365 0.00226023 0.00459461 7.62344e-05 0.000357637 -0.00184873 -0.000583856 -0.00390265 -0.00304207 -0.00155607 0.000210252 -0.00525799 -0.00336446 -0.00778231
internal_weight=2245.55 2144.4 2039.14 251.61 137.964 1787.53 1560.02 227.514 113.646 101.155 105.258 80.0028 62.0322 80.669 46.9769 33.6921
internal_count=9503 9044 8597 1075 596 7522 6557 965 479 459 447 340 263 369 210 159
is_linear=0
shrinkage=0.011451


Tree=313
num_leaves=13
num_cat=0
split_feature=25 24 21 13 4 10 29 0 12 16 23 4
split_gain=11.3417 8.37203 13.0446 9.80664 8.23447 10.4392 7.4169 6.95116 6.38717 9.03278 5.98751 4.04966
threshold=5.5000000000000009 -1.0000000180025095e-35 -10.499999999999998 0.065076228119706384 1.3904745562333451 0.14042817175496161 -8.4615569327471416 -9.6522929500342212 0.12370543672014268 -1.0000000180025095e-35 100.11428571428571 1.8003204235474317
decision_type=2 2 2 10 10 10 10 8 10 2 10 8
left_child=1 2 3 -1 5 -4 -6 11 9 -9 -10 -3
right_child=-2 7 4 -5 6 -7 -8 8 10 -11 -12 -13
leaf_value=-0.0014498990066314252 -0.0080779156910242827 0.0012841460199721499 -0.0050536416118233587 0.008601186949552966 -0.0043818414578294376 0.0016042430330197172 0.0043470447459961984 -0.0019202356144416106 0.00040536036190576421 0.00033885483284610586 0.0033125231134682972 0.00779989849234495
leaf_weight=24.909194633364677 21.932206884026527 25.459553442895412 162.92590520530939 25.022462353110313 19.305157750844955 37.731216117739677 34.816896066069603 287.50926199555397 237.05843690037727 1191.7710183411837 152.32560570538044 24.534234121441841
leaf_count=107 93 114 703 108 82 160 147 1218 1004 5003 652 112
internal_value=-5.85093e-06 7.61584e-05 -0.00168496 0.00363373 -0.00273405 -0.00380054 0.00121814 0.000356335 0.000242785 -0.00010088 0.00154633 0.00454193
internal_weight=2245.3 2223.37 304.711 49.9317 254.779 200.657 54.1221 1918.66 1868.66 1479.28 389.384 49.9938
internal_count=9503 9410 1307 215 1092 863 229 8103 7877 6221 1656 226
is_linear=0
shrinkage=0.011451


Tree=314
num_leaves=17
num_cat=0
split_feature=1 0 19 2 15 2 4 23 9 27 9 0 31 12 0 31
split_gain=11.4776 9.9158 8.87358 8.12156 7.79829 7.67558 7.62511 6.78444 5.46231 6.45866 5.12175 5.07355 4.9269 5.27897 5.10134 3.08315
threshold=-5.1000000000000076 9.5154004106776195 -0.28403361344537809 -15.200000000000001 -0.082843137254901944 7.7000000000000037 -0.90444073383020862 -282.13928571428568 -0.11463799350324834 -0.053854388179074418 -0.1581401628447989 3.314168377823409 -52.877626311262581 -0.16688596491228067 6.6119096509240256 -73.529875177712924
decision_type=8 10 10 8 10 10 8 10 10 10 10 10 2 8 10 2
left_child=2 3 12 -2 6 -6 -5 -4 9 -9 -3 -10 15 -14 -15 -1
right_child=1 10 7 4 5 -7 -8 8 11 -11 -12 -13 13 14 -16 -17
leaf_value=-0.0036467776146953674 -0.00682177134297392 -0.0016586547126651713 -0.0057554466605510002 -0.0029680660415292949 0.00093928942812365995 0.0040194588950688065 0.00025168436742932417 -0.0011201026217654952 0.0013320914051138191 0.0069273247347114916 -0.0089046708715847384 -0.0050575585686830054 -0.0075050323588103443 -0.0024073859659055024 0.0035647897713051687 -0.010221995235787415
leaf_weight=20.980035528540611 18.841383308172226 34.422435566782951 19.568797364830971 109.50587092339993 749.30549122393131 123.07957741618156 773.83197899162769 20.128703445196152 51.867826655507088 35.817353412508965 20.072647973895073 22.974198043346405 22.842222228646278 162.86203792691231 20.59203639626503 18.102462530136108
leaf_count=95 80 152 83 465 3178 522 3256 85 216 152 91 98 96 680 87 80
internal_value=-3.49156e-06 0.00037922 -0.00177003 0.000527652 0.000609066 0.00137657 -0.000149388 0.000419878 0.0013682 0.00405274 -0.00440256 -0.000656509 -0.00310942 -0.00238841 -0.00172661 -0.00681198
internal_weight=2224.8 1829.06 395.736 1774.56 1755.72 872.385 883.338 150.357 130.788 55.9461 54.4951 74.842 245.379 206.296 183.454 39.0825
internal_count=9416 7744 1672 7501 7421 3700 3721 634 551 237 243 314 1038 863 767 175
is_linear=0
shrinkage=0.011451


Tree=315
num_leaves=17
num_cat=0
split_feature=1 0 17 22 15 6 2 23 19 0 0 23 15 16 25 5
split_gain=11.2226 9.70582 9.12064 8.04454 8.47206 9.82963 8.53527 7.70965 9.10068 8.05917 6.45259 4.96246 7.24833 4.7484 4.49983 4.14232
threshold=-5.1000000000000076 9.5154004106776195 -0.45119047619047614 224.50000000000003 -0.082843137254901944 -0.018974145369791914 7.6500000000000066 239.91666666666666 -0.28403361344537809 3.0609171800136914 4.8774811772758389 -322.44999999999993 -0.22182539682539679 -1.0000000180025095e-35 -1.0000000180025095e-35 -0.69677683389161527
decision_type=8 10 10 10 10 8 8 10 10 10 10 8 8 2 2 10
left_child=2 3 11 4 5 -2 -6 8 -4 -10 14 -1 -13 -14 -5 -3
right_child=1 15 7 10 6 -7 -8 -9 9 -11 -12 12 13 -15 -16 -17
leaf_value=-0.0083216275398720584 -0.0025252396862265433 -0.0070957055601450396 -0.0047046952643413926 0.0024974709257779434 0.00096385391128257108 0.00053317428425139399 0.0038997235282008445 0.0074970620957159409 0.0058044306491567711 -0.003223006712425341 -0.0086277512992266898 0.0038095386383034408 -0.0056354524083498175 -0.0020072557797175664 -0.0030549630233556381 -0.00073329426177715161
leaf_weight=19.555277928709984 171.65725207328796 30.654909878969193 37.126661032438278 28.080715343356133 650.76663475483656 687.11794053018093 161.7987589687109 19.181930437684059 35.386843591928482 19.719790458679199 18.229052856564522 21.938183203339577 64.459382221102715 178.2841280400753 56.898098826408386 23.771364122629166
leaf_count=83 723 134 157 118 2744 2893 698 81 147 84 83 93 276 751 242 109
internal_value=-3.58825e-06 0.00037483 -0.0017506 0.000521595 0.000713512 -7.9636e-05 0.00155115 0.001022 -0.000368511 0.00257407 -0.00257102 -0.00283725 -0.00241228 -0.00298343 -0.00121507 -0.00435909
internal_weight=2224.63 1828.97 395.652 1774.55 1671.34 858.775 812.565 111.415 92.2333 55.1066 103.208 284.237 264.682 242.744 84.9788 54.4263
internal_count=9416 7744 1672 7501 7058 3616 3442 469 388 231 443 1203 1120 1027 360 243
is_linear=0
shrinkage=0.011451


Tree=316
num_leaves=16
num_cat=0
split_feature=25 6 8 26 4 4 3 14 10 3 10 2 8 24 5
split_gain=9.17907 9.10224 10.8603 10.4353 9.18524 8.94131 8.32598 7.73161 9.87994 11.4298 8.68293 8.26616 6.29057 6.19398 4.88348
threshold=5.5000000000000009 -0.018974145369791914 -0.026749603861303591 0.46254534831568728 -2.5208956559590088 -0.59934790002675276 0.089651768694524916 -0.20806277056277053 -0.084983181341176342 -0.00023457944580307363 0.12920405700927531 2.5499999999999976 -0.088342067800797411 -1.0000000180025095e-35 0.94871929715576242
decision_type=2 8 10 10 10 10 8 8 8 8 8 8 10 2 10
left_child=1 7 3 5 -4 -3 -6 8 11 -10 13 -1 -5 -9 -12
right_child=-2 2 4 12 6 -7 -8 10 9 -11 14 -13 -14 -15 -16
leaf_value=0.0096722975719571672 -0.0072049087514570896 -0.00038937452271759122 0.0077088924135486001 -0.0091209197472259685 0.00107703098515758 0.0028603778375027155 0.0068194219798512418 -0.006414682467940914 0.002720780863021527 -0.0031912686468103181 0.0014720430454434035 0.00022003102909184209 -0.00051745328612070956 -0.00217485670852216 -0.0018301881245329818
leaf_weight=26.145439445972443 22.478389292955399 738.5820277929306 32.485365673899651 25.900176048278809 472.24971188604832 129.97391006350517 34.989178143441677 54.260323643684387 79.642248265445232 91.362710788846016 130.00270871818066 22.217484265565872 19.342278152704239 264.30389693379402 105.99143013358116
leaf_count=113 96 3088 137 108 2015 551 158 233 342 391 546 97 82 1120 451
internal_value=-3.01324e-05 4.43935e-05 0.000578467 -0.000182405 0.00186533 9.87404e-05 0.00148152 -0.000958296 0.00085963 -0.000437972 -0.00167758 0.00539168 -0.00550329 -0.00290883 -1.20512e-05
internal_weight=2249.93 2227.45 1453.52 913.798 539.724 868.556 507.239 773.926 219.368 171.005 554.558 48.3629 45.2425 318.564 235.994
internal_count=9528 9432 6139 3829 2310 3639 2173 3293 943 733 2350 210 190 1353 997
is_linear=0
shrinkage=0.011451


Tree=317
num_leaves=15
num_cat=0
split_feature=25 6 8 4 22 13 2 9 18 13 4 8 29 22
split_gain=8.98433 8.89618 10.6183 8.98472 8.45316 9.4592 8.54853 8.27312 7.27574 7.01675 9.19072 4.8082 4.99458 3.28721
threshold=5.5000000000000009 -0.018974145369791914 -0.026749603861303591 -2.5208956559590088 224.50000000000003 -0.33095238095238094 10.150000000000007 0.044444444444444432 0.1222943722943723 0.28660714285714289 0.44253686391376507 -0.092613296384047569 -1.0243421052631569 -14.499999999999998
decision_type=2 8 10 10 10 8 8 8 8 10 10 10 10 10
left_child=1 4 9 -4 5 6 -1 -7 -5 10 -3 -6 -13 -11
right_child=-2 2 3 8 11 7 -8 -9 -10 13 -12 12 -14 -15
leaf_value=0.0037027113306441904 -0.0071313210506631025 -0.00025768730561273514 0.0076249550992407329 0.00019299314303169481 -0.00012644804687436166 -0.00010381366079518058 -0.0039927613908886982 -0.0028804036871259474 0.0029425705282253986 -0.00064015648583845661 0.0044081018696625479 -0.0034503573255949805 -0.011388847594060302 -0.0066347348247255394
leaf_weight=100.99555975198746 22.457245603203773 804.78606732189655 32.474244624376297 272.94839378446341 18.645690932869911 357.03136332333088 22.683541789650917 231.63974593579769 234.20223373919725 19.776330262422562 58.782299607992172 23.918486461043358 18.958980455994606 30.438434526324272
leaf_count=440 96 3366 137 1167 85 1508 102 970 1006 86 248 104 84 129
internal_value=-2.97855e-05 4.39178e-05 0.000571934 0.00184453 -0.000947389 -0.000593346 0.00227755 -0.0011984 0.00146493 -0.000180378 6.30452e-05 -0.00499669 -0.00708041 -0.00431295
internal_weight=2249.74 2227.28 1453.41 539.625 773.873 712.35 123.679 588.671 507.151 913.783 863.568 61.5232 42.8775 50.2148
internal_count=9528 9432 6139 2310 3293 3020 542 2478 2173 3829 3614 273 188 215
is_linear=0
shrinkage=0.011451


Tree=318
num_leaves=18
num_cat=0
split_feature=5 10 20 0 21 3 21 10 30 9 0 4 4 4 18 9 6
split_gain=12.3126 7.77074 9.54348 7.74106 6.91121 16.9842 16.4636 11.9258 10.7666 8.02592 6.29447 6.23827 12.4632 8.59888 7.00381 6.56386 7.91284
threshold=0.31268212483416141 0.21796450675761023 0.2817460317460318 -8.3586584531143018 -1.0000000180025095e-35 -0.059061957151129212 -1.4999999999999998 0.079605298856928866 -0.68306451612903218 -0.12106357694592985 -8.1957563312799415 0.8661608708729126 2.9630028421303725 4.5171804034072975 -0.35634920634920625 0.240888298657223 -1.0000000180025095e-35
decision_type=10 10 10 8 2 10 2 10 8 8 10 10 10 10 8 10 10
left_child=1 4 -3 -2 5 6 -1 10 -7 -9 -6 15 14 -14 -13 16 -5
right_child=3 2 -4 11 7 8 -8 9 -10 -11 -12 12 13 -15 -16 -17 -18
leaf_value=-0.0093928589995650597 0.0036238175510758903 0.0052481375333624835 -0.0036709259357742595 -0.0034823261702310788 0.0062237438765774438 -0.0061526751859514155 0.00070468885228073522 0.0030531489516145501 0.00058897760706780246 -0.005420060778499775 0.0011941218171067128 -0.0038591177375534203 -0.0072608488471209865 0.0015411718324182127 0.0018017764335740505 -0.0066176480018615303 0.00015936669370491657
leaf_weight=51.344223439693451 38.797280758619308 82.599596485495567 18.893900364637375 192.08406139165163 33.568491414189339 32.499802067875862 35.565397590398788 19.108278557658195 489.97935608029366 57.544431246817112 720.57301665842533 33.059525519609451 47.530154377222061 20.559277027845383 191.03509785234928 45.813141375780106 131.59901334345341
leaf_count=229 167 354 80 844 151 138 150 80 2064 248 3015 138 199 86 802 196 555
internal_value=-4.9191e-05 0.000522792 0.00357473 -0.00130737 0.000306169 -0.000619661 -0.00528665 0.000985219 0.000162363 -0.00329976 0.00142327 -0.00159984 -0.000348154 -0.00461388 0.000957738 -0.00258724 -0.00200443
internal_weight=2242.15 1541.68 101.493 700.478 1440.18 609.389 86.9096 830.794 522.479 76.6527 754.142 661.68 292.184 68.0894 224.095 369.496 323.683
internal_count=9496 6509 434 2987 6075 2581 379 3494 2202 328 3166 2820 1225 285 940 1595 1399
is_linear=0
shrinkage=0.011451


Tree=319
num_leaves=18
num_cat=0
split_feature=5 22 18 25 21 0 23 7 28 4 28 11 0 0 29 20 23
split_gain=12.0371 7.6923 7.63557 9.04233 7.74999 7.57135 10.564 7.15331 6.80343 7.63722 7.43023 6.57077 5.7034 10.4027 5.6324 5.45463 5.18995
threshold=0.31268212483416141 -230.49999999999997 0.35912698412698418 2.5000000000000004 -1.0000000180025095e-35 -8.3586584531143018 -33.551190476190463 0.61824577017453064 -0.0045042809902102387 3.0642943301300813 -0.018274647339304211 0.12199577632604099 1.7645448323066388 -4.0191649555099227 3.2658780961412543 0.13611111111111115 407.22500000000008
decision_type=10 8 10 2 2 8 10 10 10 10 10 8 8 10 10 8 10
left_child=1 7 3 4 -3 6 -2 12 9 10 -7 16 13 -1 -5 -4 -10
right_child=5 2 15 14 -6 8 -8 -9 11 -11 -12 -13 -14 -15 -16 -17 -18
leaf_value=0.0064820918857569128 0.0095241789033423674 -0.00070157643964358172 0.00011558449720494495 -0.0052806290137244272 0.0011113749892504084 -0.00029688414975455384 -0.0022691371623705043 0.010042226435995234 -0.0036494083724024967 -0.0047954423031390117 0.0068540643180916181 0.0039728050206064942 0.0072474161310926207 -0.0047399490841028855 0.0017620206871132216 0.0049435968670505839 0.0019468499574401155
leaf_weight=17.411291249096394 19.039984837174416 553.3997408002615 51.387362167239189 62.039158999919891 699.00272266566753 282.80914080142975 19.726279228925705 18.625373840332031 272.6161470413208 45.937118366360664 19.763790935277939 17.16269189119339 18.445693626999855 26.370599314570427 19.164884299039841 75.619721606373787 23.200855329632759
leaf_count=82 82 2341 216 259 2935 1189 85 84 1184 192 83 73 78 113 81 320 99
internal_value=-4.87123e-05 0.000516839 0.000325627 6.94799e-05 0.000310338 -0.00129297 0.00358585 0.00394038 -0.00158219 -0.000480051 0.000184167 -0.00280584 0.00202746 -0.000247031 -0.00361769 0.00300091 -0.00320712
internal_weight=2241.72 1541.47 1460.61 1333.61 1252.4 700.256 38.7663 80.853 661.49 348.51 302.573 312.98 62.2276 43.7819 81.204 127.007 295.817
internal_count=9496 6509 6152 5616 5276 2987 167 357 2820 1464 1272 1356 273 195 340 536 1283
is_linear=0
shrinkage=0.011451


Tree=320
num_leaves=18
num_cat=0
split_feature=8 7 2 26 8 4 12 3 10 30 3 19 15 15 0 24 3
split_gain=9.59565 8.65006 8.32844 11.1766 10.1356 9.7216 9.50902 8.26618 7.87442 7.86182 7.76554 7.21573 6.13717 7.96694 7.79652 5.77042 5.31241
threshold=0.076656568499487307 -1.6940183763768439 -2.6000000000000081 -1.0299315500820807 0.093998988470923209 1.0087171168381455 0.19148550724637683 0.062433562526044602 -0.21049166033430389 -0.25390720390720384 0.014265691678895133 0.067424242424242456 -0.033333333333333333 -0.27638888888888885 8.3148528405201922 1.0000000180025095e-35 -0.044006948465547362
decision_type=8 10 8 8 8 10 10 10 8 10 8 8 10 8 10 2 8
left_child=1 10 6 -4 5 -5 8 12 -2 -9 11 -1 13 -3 -14 -6 -10
right_child=2 7 3 4 15 -7 -8 9 16 -11 -12 -13 14 -15 -16 -17 -18
leaf_value=0.00443007627743162 -0.0073393964420337991 -0.00022587096385577425 0.009608261327007088 0.0018306902865718021 0.00035412575002272308 0.01208458394531472 0.0045157482875225266 -0.0010065849048322582 0.0016657354516076389 0.0088457826954688162 0.0056056727897334478 -0.0038230388620731385 -0.00037237538239961657 -0.0037224867585243415 -0.0050688241763347684 0.0042164662894741698 -0.0022789656407526883
leaf_weight=22.173912853002548 29.534583389759064 130.49873460829258 19.853239506483078 30.560551017522812 627.34365285933018 19.755702540278435 34.402095124125481 21.472994521260262 63.798013240098953 20.118080779910088 48.531466573476791 34.821257025003433 651.80640622973442 247.32308185845613 49.24932724237442 54.539239600300789 146.39405451714993
leaf_count=93 125 555 84 130 2641 84 147 91 266 86 208 148 2763 1045 224 241 609
internal_value=-0.000169012 -0.000852633 0.000647744 0.00127031 0.00103575 0.00596144 -0.00105916 -0.0011481 -0.00186944 0.00382311 0.00227215 -0.00059816 -0.00134197 -0.00251727 -0.000706777 0.000666842 -0.00108019
internal_weight=2252.18 1226 1026.18 752.052 732.199 50.3163 274.129 1120.47 239.727 41.5911 105.527 56.9952 1078.88 377.822 701.056 681.883 210.192
internal_count=9540 5213 4327 3180 3096 214 1147 4764 1000 177 449 241 4587 1600 2987 2882 875
is_linear=0
shrinkage=0.011451


Tree=321
num_leaves=18
num_cat=0
split_feature=0 31 3 11 24 26 1 15 31 28 31 15 5 11 15 3 13
split_gain=9.25275 9.12486 13.3328 12.0286 8.76472 9.93897 8.72287 8.55539 8.43237 7.89851 8.41068 5.81101 10.1895 6.44634 5.87121 5.75992 4.92997
threshold=1.834360027378507 43.422259919755909 0.013915532082323325 0.13773514010650953 1.0000000180025095e-35 -0.04836779365688687 2.600000000000009 0.4188596491228071 96.177753248932518 -0.21857020075875852 73.984470962012452 0.39141414141414149 0.94871929715576242 -0.088110330187470651 0.21503759398496244 -0.012387602475290358 -0.34752415458937191
decision_type=10 2 10 8 2 8 8 10 2 10 2 10 10 8 8 10 8
left_child=1 2 4 9 6 -6 -1 16 11 -3 -11 13 -13 14 -2 -5 -4
right_child=8 3 7 15 5 -7 -8 -9 -10 10 -12 12 -14 -15 -16 -17 -18
leaf_value=-0.0022382372389098855 -0.0052766160860023333 -0.0050073319363076229 0.0069123098537628297 0.0090348756870723829 -0.0032589553717185409 0.0059026398107078744 0.00036895410204130678 -0.0043692917575529145 0.0044637683410978859 0.0037776060077280506 -0.0016936463797512676 0.0060509060820761237 -0.0038822537840786193 -0.0011914006939759037 0.001698843069199169 0.0028595368553832683 0.00177300785626359
leaf_weight=455.40656445920467 96.358955591917038 26.673402443528175 25.853987634181976 40.008228659629822 22.431162819266319 47.368059605360031 266.38683249056339 27.843363046646118 33.020146802067757 94.806696638464928 59.495260313153267 33.765922486782074 21.742450416088104 603.93684815615416 18.576096802949905 40.357388570904732 337.94698593020439
leaf_count=1899 432 120 108 186 93 201 1109 116 140 409 268 143 100 2540 84 186 1406
internal_value=-0.000166992 0.000381747 -4.63873e-05 0.00231536 -0.000901245 0.00295545 -0.00127657 0.00168006 -0.00114829 0.000670997 0.0016698 -0.0013912 0.00216022 -0.00166716 -0.00414595 0.00598254 0.00215014
internal_weight=2251.98 1444.58 1183.24 261.341 791.593 69.7992 721.793 391.644 807.4 180.975 154.302 774.38 55.5084 718.872 114.935 80.3656 363.801
internal_count=9540 6101 4932 1169 3302 294 3008 1630 3439 797 677 3299 243 3056 516 372 1514
is_linear=0
shrinkage=0.011451


Tree=322
num_leaves=18
num_cat=0
split_feature=22 10 12 14 23 18 31 15 15 23 31 7 1 9 28 17 9
split_gain=9.16377 8.3688 6.99107 9.66077 7.73403 9.89954 6.82228 6.02065 11.0849 10.9381 4.76879 4.96851 4.42102 6.36584 4.31767 4.03199 3.02814
threshold=-237.49999999999997 -0.06915505675954596 -0.20973381457252424 -0.60158730158730156 129.40865800865802 -0.17499999999999999 -43.819926509788722 0.25160256410256415 0.13159063159063158 132.47222222222226 -3.7687609489452139 -0.19293061579966159 1.0000000180025095e-35 -0.09403824997884401 0.041784986454357492 0.32411616161616169 -0.19044158361018823
decision_type=8 10 8 8 10 10 2 10 8 10 2 10 10 8 10 8 10
left_child=1 14 7 16 6 -6 -5 8 9 -2 -3 -12 13 -9 -1 -10 -4
right_child=2 10 3 4 5 -7 -8 12 15 -11 11 -13 -14 -15 -16 -17 -18
leaf_value=0.010719736229856081 -0.00092299577480593265 0.0042405509428772451 0.0024018266850569909 -0.0022823344719781328 0.00024141911517815866 0.0043759734453468072 -0.00010500963522286819 -0.0023593037955090394 0.00017326956147799949 -0.0075321480971013641 -0.0059672730587075609 0.0015052021193982161 -0.00089084697372948587 -0.011940967461364631 0.0036132843839828976 0.0067817741811202819 0.0089240630073883203
leaf_weight=20.036650508642197 182.91796940565109 28.728226765990257 19.234912887215614 225.39959824085236 275.77751345932484 104.17238537967205 1142.2008734792471 17.633046865463257 21.576325595378876 39.424979716539383 19.388189762830734 27.422892972826958 21.319411963224411 19.039810016751289 26.795693963766098 27.022915199398994 18.78722770512104
leaf_count=88 779 121 81 979 1173 443 4779 79 93 167 86 122 92 83 115 114 79
internal_value=-4.40367e-05 0.00299401 -0.000220739 6.2083e-05 -6.31891e-05 0.00138065 -0.000464795 -0.00175303 -0.0010301 -0.00211381 0.000620182 -0.00162984 -0.00508081 -0.00745756 0.00676084 0.00388963 0.00572221
internal_weight=2236.88 122.372 2114.51 1785.57 1747.55 379.95 1367.6 328.934 270.942 222.343 75.5393 46.8111 57.9923 36.6729 46.8323 48.5992 38.0221
internal_count=9473 532 8941 7534 7374 1616 5758 1407 1153 946 329 208 254 162 203 207 160
is_linear=0
shrinkage=0.011451


Tree=323
num_leaves=18
num_cat=0
split_feature=8 7 26 7 0 14 14 9 29 5 12 29 1 5 12 8 30
split_gain=10.7916 11.9443 9.16302 8.99479 8.86955 8.43895 7.57595 7.29215 12.0541 13.0459 6.83855 5.95342 5.70626 9.27807 7.095 5.58982 5.45064
threshold=-0.0037310444316009657 2.2467071927768174 -0.32983757972892641 -2.8661949020895592 3.1786447638603712 -0.37638888888888883 -0.60158730158730156 -0.44604037267080737 -5.424999999999998 0.4415268331617152 0.45037878787878788 -8.0142857142857125 5.1000000000000094 1.2876658283848275 -0.37499999999999989 -0.14073853120288482 1.0031250000000003
decision_type=10 10 8 8 8 10 8 10 10 10 10 10 10 10 10 8 8
left_child=2 4 7 -4 12 -6 -5 15 -9 -10 -8 -3 13 -2 -14 -1 -7
right_child=1 11 3 6 5 16 10 8 9 -11 -12 -13 14 -15 -16 -17 -18
leaf_value=0.0037117186180259448 0.0022025835059159525 -0.0012841783233945988 0.0065885970499673157 0.0054618385009422617 0.0061449893506633551 -0.002685712185862488 -0.00037409121551589485 -0.0088115459987609581 0.0012193751708486915 -0.0077070767152461368 -0.0049920995487578047 -0.0093506029781385662 0.0095109686221716474 -0.0019436196641922612 0.0027295790202850954 -0.0025401629783740705 0.0019680069862556319
leaf_weight=31.533598408102989 396.70556448400021 31.595386072993279 23.952195152640343 27.471291393041611 20.097436487674713 136.24080435931683 1075.2565296962857 50.112154096364975 61.762916818261147 32.12636137008667 43.105717226862907 18.935169354081154 25.893559321761131 85.564083978533745 89.143233396112919 44.249538272619247 42.951384305953979
leaf_count=136 1695 136 103 118 86 577 4528 212 261 138 184 81 111 356 381 188 182
internal_value=-4.34997e-05 0.000974766 -0.000664436 -0.00026071 0.00131836 -0.000771583 -0.000407611 -0.00280599 -0.00431339 -0.00186762 -0.000554937 -0.0043888 0.00201574 0.00146531 0.00430173 7.08891e-05 -0.0015671
internal_weight=2236.7 847.127 1389.57 1169.79 796.596 199.29 1145.83 219.785 144.001 93.8893 1118.36 50.5306 597.306 482.27 115.037 75.7831 179.192
internal_count=9473 3605 5868 4933 3388 845 4830 935 611 399 4712 217 2543 2051 492 324 759
is_linear=0
shrinkage=0.011451


Tree=324
num_leaves=18
num_cat=0
split_feature=8 12 21 14 28 14 27 12 0 7 9 7 12 22 11 12 9
split_gain=9.20493 10.212 9.80387 9.70092 8.7239 11.5621 13.2832 10.5922 8.15093 9.83991 7.90893 9.35572 7.46686 7.46108 8.72874 6.26951 7.53507
threshold=-0.013585983050449278 0.17860195360195366 5.5000000000000009 0.57359307359307365 -0.1142282092617871 -0.31005097413766136 0.0081114421320606905 0.50115207373271897 1.834360027378507 3.1603641702295007 0.40008019246190862 -1.4317536818800931 -0.19999999999999998 -111.49999999999999 0.18962929096713668 0.12370543672014268 0.18237945610294393
decision_type=8 10 2 10 10 8 10 10 8 10 10 10 10 10 10 8 10
left_child=4 3 10 8 7 6 -6 13 9 -2 11 -3 -10 -1 -15 16 -7
right_child=1 2 -4 -5 5 15 -8 -9 12 -11 -12 -13 -14 14 -16 -17 -18
leaf_value=0.0064190186393753689 0.0012881583244953158 0.010091844761389772 0.0091839826958365466 -0.0062273834206510136 -0.0005315556638757472 -0.0027267223793009782 0.0092981591930558841 -0.0067533166325746182 9.1204379798691889e-05 -0.0067302702330090652 -0.003794803385452889 0.0018603823734778828 -0.0031495179642237409 0.0017634831651176725 -0.0056943214963007353 -0.00069853533587433813 -0.0078467514855007445
leaf_weight=36.067869558930397 760.88402663171291 19.961453750729561 27.469331339001656 29.267886057496071 76.269760638475418 232.4744843095541 22.917263239622116 20.588581144809723 318.76416827738285 19.961000591516495 26.622578233480453 153.06307649612427 131.08071330189705 146.53025126457214 23.26918189227581 156.09164592623711 44.754307091236115
leaf_count=155 3196 86 120 124 332 995 97 88 1342 85 117 661 555 617 98 663 189
internal_value=9.40434e-05 0.000617684 0.00284901 0.000214185 -0.000931596 -0.00173156 0.00178625 0.000949082 0.000370645 0.00107765 0.00194989 0.00284491 -0.000856356 0.00173859 0.000723307 -0.00253829 -0.00357001
internal_weight=2246.04 1487.07 227.116 1259.96 758.963 532.507 99.187 226.456 1230.69 780.845 199.647 173.025 449.845 205.867 169.799 433.32 277.229
internal_count=9520 6286 984 5302 3234 2276 429 958 5178 3281 864 747 1897 870 715 1847 1184
is_linear=0
shrinkage=0.011451


Tree=325
num_leaves=18
num_cat=0
split_feature=8 28 14 27 22 11 14 23 24 11 13 26 10 0 7 11 9
split_gain=8.99725 8.52576 11.3054 12.9772 10.0908 8.94044 9.1735 8.74643 8.47034 9.53746 11.0479 7.01067 9.13664 8.18004 7.88353 6.04172 6.08386
threshold=-0.013585983050449278 -0.1142282092617871 -0.31005097413766136 0.0081114421320606905 -111.49999999999999 0.18962929096713668 0.21846590909090913 47.938568376068368 1.0000000180025095e-35 0.0030482764416918666 -0.081934731934731928 0.49793421251022013 0.26468617877215994 8.3148528405201922 3.1603641702295007 -0.22097411923422292 0.18237945610294393
decision_type=8 8 8 10 10 10 10 10 2 8 10 10 8 10 10 10 10
left_child=1 4 3 -3 7 6 -6 -1 11 10 -10 13 -13 14 -2 -4 -17
right_child=8 2 15 -5 5 -7 -8 -9 9 -11 -12 12 -14 -15 -16 16 -18
leaf_value=0.00068096240643016721 0.00033668187525817613 -0.00052556663127688254 0.0038074970423927984 0.0091875113838916899 0.0025884666253145417 -0.0061150736217916325 -0.0034649124150153317 0.011534967500239086 0.0051656236640974509 0.0057971272311891243 -0.0034829841445605586 0.0038839926515180454 -0.0027229714422598137 -0.0043660828987151755 -0.0069611131566073309 -0.0021447834512392078 -0.0057736890466931678
leaf_weight=19.176794663071632 1089.4776241630316 76.263161532580853 18.438395991921425 22.935549437999725 115.33146807551384 27.497856482863426 45.14821968972683 19.29685041308403 33.147755011916161 82.210363179445267 44.678662806749344 131.02329288423061 34.161520153284073 53.116540938615799 19.099823385477066 341.25954106450081 73.540471121668816
leaf_count=82 4578 332 81 97 487 116 189 84 140 365 187 554 147 234 81 1456 310
internal_value=9.29638e-05 -0.000921088 -0.001712 0.00176624 0.000938098 -0.000162678 0.000878206 0.00622804 0.000610693 0.00309369 0.000213136 0.00030982 0.0025122 -4.59686e-06 0.000206864 -0.0025099 -0.00279634
internal_weight=2245.8 758.888 532.437 99.1987 226.451 187.978 160.48 38.4736 1486.92 160.037 77.8264 1326.88 165.185 1161.69 1108.58 433.238 414.8
internal_count=9520 3234 2276 429 958 792 676 166 6286 692 327 5594 701 4893 4659 1847 1766
is_linear=0
shrinkage=0.011451


Tree=326
num_leaves=17
num_cat=0
split_feature=22 10 9 5 0 5 12 3 9 3 3 4 6 9 11 21
split_gain=10.9216 9.51108 17.9051 15.0792 11.1048 9.86484 9.4268 7.93125 7.42629 7.25659 6.98782 6.69964 6.52964 6.86375 4.76783 5.62263
threshold=308.50000000000006 -0.12691729412926581 -0.63564213564213545 -1.0667232597623084 8.3148528405201922 0.32631161304986983 0.045454545454545477 0.039937189815204006 -0.26449579831932762 -0.044484491780988338 -0.013282221864094555 0.4318433833298217 -1.0003659174564647 -0.065628855347366774 0.11516941064185161 2.5000000000000004
decision_type=10 8 10 10 10 10 10 10 10 8 10 10 10 10 8 2
left_child=1 2 14 7 5 9 10 -4 -7 -3 -6 -5 -2 -14 15 -1
right_child=12 4 3 11 6 8 -8 -9 -10 -11 -12 -13 13 -15 -16 -17
leaf_value=0.0017399029563310473 -0.010075750225908037 0.0041695794671712779 0.0014714756680839834 -0.0055941023022000888 -0.0047063577841508922 -0.0024029411762664914 -0.0095184064183269738 -0.0051878812983058315 0.000401857344634675 0.00094689303691301873 0.0030716220702971973 -0.00067771622778022152 0.0019972125966500748 -0.0059607020963375465 -0.0025997878706882516 0.0078425338984280321
leaf_weight=62.613418444991112 19.109853766858578 100.42053358256817 120.11663104593754 170.99126425385475 32.263436958193779 199.02378639578819 24.424495980143547 28.439999908208847 325.23744793236256 989.32380042225122 27.433571591973305 46.360326245427132 25.440317794680595 30.818871140480042 18.521926760673523 28.662738651037216
leaf_count=267 87 421 513 724 144 848 108 122 1372 4174 121 196 111 132 80 120
internal_value=-0.000136607 1.25978e-05 -0.00141733 -0.00263353 0.000413568 0.000625526 -0.00362628 0.000179216 -0.00066461 0.00124622 -0.00113753 -0.0045507 -0.00440266 -0.00238079 0.00262721 0.00369898
internal_weight=2249.2 2173.83 475.706 365.908 1698.13 1614.01 84.1215 148.557 524.261 1089.74 59.697 217.352 75.369 56.2592 109.798 91.2762
internal_count=9540 9210 2022 1555 7188 6815 373 635 2220 4595 265 920 330 243 467 387
is_linear=0
shrinkage=0.011451


Tree=327
num_leaves=16
num_cat=0
split_feature=22 10 0 5 12 30 22 29 10 3 3 22 23 30 27
split_gain=10.6881 9.29595 10.8648 9.64153 9.25075 8.10098 7.63303 7.45876 9.42206 7.09411 6.83653 5.44958 4.51862 4.19508 4.61938
threshold=308.50000000000006 -0.12691729412926581 8.3148528405201922 0.32631161304986983 0.045454545454545477 -0.19047619047619044 -166.99999999999997 6.5524509803921571 -0.14645097607377808 -0.044484491780988338 -0.013282221864094555 140.50000000000003 1.0000000180025095e-35 -0.068181818181818191 0.013758999469916782
decision_type=10 8 10 10 10 8 10 8 10 8 10 10 10 10 10
left_child=1 6 3 9 10 -5 12 8 -8 -3 -4 -9 -1 14 -2
right_child=13 2 4 5 -6 -7 7 11 -10 -11 -12 -13 -14 -15 -16
leaf_value=0.0061090282027113536 -0.010352053071659633 0.004122728229001991 -0.0046587558901667247 0.001598453753281436 -0.0094343473836619469 -0.0015529478953878492 -0.0023907632611367556 -0.00079823458943571604 -0.0094941191402536547 0.00093611356397791951 0.0030349547090606512 0.0056952430932342459 -0.00049078238753183935 -0.0012849538833613371 -0.0026877805733912731
leaf_weight=25.193215876817703 21.64142856746912 100.40635171532631 32.226852908730507 148.8749818354845 24.366178423166275 375.34445248544216 222.32094815373421 154.23062421381474 27.010815903544426 989.26472287625074 27.454959571361542 18.36671656370163 28.513056024909019 33.332899898290634 20.337085545063019
leaf_count=108 98 421 144 632 108 1588 942 655 115 4174 121 79 123 144 88
internal_value=-0.000135151 1.24133e-05 0.000408839 0.000618421 -0.00358892 -0.000657082 -0.00140136 -0.00191935 -0.00318342 0.00123207 -0.00112502 -8.80994e-05 0.00264187 -0.004357 -0.00673846
internal_weight=2248.89 2173.57 1697.94 1613.89 84.048 524.219 475.635 421.929 249.332 1089.67 59.6818 172.597 53.7063 75.3114 41.9785
internal_count=9540 9210 7188 6815 373 2220 2022 1791 1057 4595 265 734 231 330 186
is_linear=0
shrinkage=0.011451


Tree=328
num_leaves=16
num_cat=0
split_feature=6 1 31 9 26 27 2 31 25 21 19 29 11 9 8
split_gain=9.33788 11.2782 10.6522 10.0701 8.46776 9.08245 8.16737 7.62447 7.61685 9.72223 7.43737 6.96736 5.19348 4.24901 2.27371
threshold=0.019721189438631024 7.6500000000000066 96.177753248932518 0.4672514619883042 1.3894251394251398 -0.11139898760807454 -5.1000000000000076 46.590068647183905 -1.0000000180025095e-35 -1.0000000180025095e-35 0.86190476190476206 -11.392460317460314 -0.025601073138895477 0.021811291305416872 -0.045691354103833008
decision_type=10 10 2 10 10 10 10 2 2 2 10 10 8 8 10
left_child=1 2 3 6 5 11 -1 12 9 -7 -10 -2 -3 -14 -13
right_child=4 7 -4 -5 -6 8 -8 -9 10 -11 -12 14 13 -15 -16
leaf_value=-0.0025679630722763289 -0.0005421446143227262 -0.00067985984266884963 0.0053839972259661023 -0.0090529665649567541 -0.006593141450997461 0.00060750282044456905 -0.0006167140997865798 -0.0043554137364115834 3.1144723525355058e-05 0.0058585232870836156 -0.005965291799569704 0.0047906884917851694 0.0086483588425940346 0.0030183452546489022 0.010622638622937431
leaf_weight=429.93591009825468 18.767055049538612 35.064226880669594 30.173562526702881 21.680754169821739 20.083408698439598 146.66380244493484 812.94568859785795 20.451891496777534 465.22571005672216 66.979562163352966 28.138042509555817 18.713691920042038 23.377698689699173 70.844408735632896 19.868703618645668
leaf_count=1840 80 148 135 91 87 629 3413 90 1975 289 119 80 98 294 84
internal_value=-0.000378631 -0.000924678 -0.00126894 -0.00143042 0.000626795 0.000822045 -0.0012927 0.00204448 0.000464186 0.00226678 -0.000318393 0.00517806 0.00307393 0.00446587 0.00792262
internal_weight=2228.91 1444.47 1294.74 1264.56 784.44 764.357 1242.88 149.738 707.007 213.643 493.364 57.3495 129.286 94.2221 38.5824
internal_count=9452 6109 5479 5344 3343 3256 5253 630 3012 918 2094 244 540 392 164
is_linear=0
shrinkage=0.011451


Tree=329
num_leaves=18
num_cat=0
split_feature=6 1 23 9 23 28 28 28 3 0 14 21 5 3 5 3 0
split_gain=9.12725 11.0248 13.283 10.186 8.9509 14.4232 8.50717 8.24279 7.0613 8.91777 6.99482 6.7142 6.7104 10.7337 8.22529 5.91457 5.54462
threshold=0.019721189438631024 7.6500000000000066 -102.41666666666667 0.4672514619883042 58.371212121212103 0.029706969635026257 -0.014686532646793855 -0.2741259641401404 -0.014468880141848104 -4.7227926078028757 -0.2775443510737628 13.500000000000002 -1.5347395404843145 0.040432928431670075 -2.0347632586231943 0.0415487198553618 -0.043805612594114855
decision_type=10 10 8 10 10 10 10 10 10 10 10 2 10 8 10 8 10
left_child=1 3 -3 8 10 6 7 -6 9 -1 -2 -10 14 -14 -12 16 -7
right_child=4 2 -4 -5 5 15 -8 -9 11 -11 12 -13 13 -15 -16 -17 -18
leaf_value=0.00096537831788133912 0.002091157824462217 -0.0038827755225473116 0.0039713065280235944 -0.0088459227157038755 0.0071443072047790088 0.0030832755112973828 0.009400904812477311 0.0014065545105084723 -0.00018156124314285939 -0.0028016715240374848 -0.00099349001370705662 -0.0064797576322591453 -0.0030538075008866672 0.0028196746191357478 0.006667077378467578 -0.0062013926887908776 -0.0025034706943170668
leaf_weight=100.81678751111031 112.95161877572536 37.012553527951241 112.72711032629013 22.120730847120285 44.080178529024124 44.429981037974358 31.20670448243618 125.10528285801411 705.78922790288925 443.59685514122248 50.695823803544044 22.254639863967896 228.07085309922695 49.10779944807291 28.043372541666031 23.169316098093987 47.526797354221344
leaf_count=429 478 157 473 93 192 187 131 534 2968 1894 225 95 963 212 120 100 201
internal_value=-0.0003743 -0.000914189 0.00202139 -0.0012546 0.000619748 0.00210879 0.0039599 0.00292353 -0.00111809 -0.00210375 -0.000383839 -0.0003798 -0.00117171 -0.00200896 0.00176773 -0.00111755 0.000198578
internal_weight=2228.71 1444.32 149.74 1294.58 784.388 315.518 200.392 169.185 1272.46 544.414 468.869 728.044 355.918 277.179 78.7392 115.126 91.9568
internal_count=9452 6109 630 5479 3343 1345 857 726 5386 2323 1998 3063 1520 1175 345 488 388
is_linear=0
shrinkage=0.011451


Tree=330
num_leaves=18
num_cat=0
split_feature=6 19 26 23 22 10 14 27 23 17 10 4 2 7 14 10 4
split_gain=8.75489 11.7187 9.80342 9.20374 8.43763 8.82794 8.08524 9.39503 8.57327 8.0417 7.47861 7.98635 7.4067 7.17549 7.13872 6.70609 6.00992
threshold=1.688522348159998 -0.50641025641025628 0.31431897981272022 -268.77499999999992 182.50000000000003 0.21796450675761023 -0.22163742690058474 0.020925400687025666 -349.98901098901098 0.019139194139194158 0.069171146953405052 0.34657049101900933 -5.1000000000000076 0.085279110679570294 0.21428571428571436 -0.13454501054501047 3.3552107966444429
decision_type=10 10 10 8 10 10 10 10 10 10 10 10 8 10 10 10 10
left_child=3 12 13 6 5 14 7 9 -8 -1 11 -6 -2 -3 -5 -15 -7
right_child=1 2 -4 4 10 16 8 -9 -10 -11 -12 -13 -14 15 -16 -17 -18
leaf_value=-0.0046821687294857344 -0.00054627947960665733 -0.0020607898701842198 -0.007964539397944911 0.00017520052208411306 -0.0032177442285757007 0.0030864694892282708 -0.0018931504400888195 0.0041473864504022878 -0.0088568665396881931 0.0033224302944964202 -0.0067853038067513345 0.004853046715238324 0.0057097427474336881 0.00011179117369332482 -0.0021200684602453185 0.0068012665691255837 -0.0029614197642991568
leaf_weight=65.198656246066093 32.395432651042938 66.347701266407967 18.693454772233963 1175.6904790699482 53.250024758279324 180.78160448372364 51.204673364758492 37.048174008727074 42.417371794581413 21.40933133661747 42.860513478517532 22.259425774216652 103.88520179688931 45.245137572288513 208.63715068995953 34.105540171265602 23.916567578911781
leaf_count=280 138 283 80 4951 235 764 219 156 181 90 186 96 453 191 886 147 102
internal_value=-6.20456e-05 0.00175295 -0.000306911 -0.00034609 -6.32021e-05 0.000157012 -0.0025621 -0.000632564 -0.00508828 -0.00269324 -0.00300383 -0.000817034 0.00422717 0.000707195 -0.000171577 0.0030195 0.00237257
internal_weight=2225.35 300.672 164.392 1924.67 1707.4 1589.03 217.278 123.656 93.622 86.608 118.37 75.5095 136.281 145.698 1384.33 79.3507 204.698
internal_count=9438 1292 701 8146 7220 6703 926 526 400 370 517 331 591 621 5837 338 866
is_linear=0
shrinkage=0.011451


Tree=331
num_leaves=18
num_cat=0
split_feature=6 22 24 22 12 1 6 29 0 10 6 0 22 20 6 11 30
split_gain=8.55903 9.00775 10.0992 15.5851 9.11383 8.48604 7.59534 7.21765 7.0906 6.7182 8.03554 8.92379 6.55032 6.71714 6.80542 5.39821 5.06738
threshold=1.688522348159998 182.50000000000003 -1.0000000180025095e-35 -111.49999999999999 0.46002886002886001 -5.1000000000000076 2.0005374821868447 -1.6074929971988803 -9.4072553045858989 0.069171146953405052 0.47810874310178825 0.91033538672142111 -244.49999999999997 0.34166666666666673 2.6680447461172201 0.021251121484932859 0.046585036410617793
decision_type=10 10 2 8 10 10 10 10 8 10 10 8 10 8 10 10 10
left_child=1 2 3 -1 8 -5 7 -2 -4 10 11 -3 -8 15 -15 -14 -6
right_child=6 9 4 5 16 -7 12 -9 -10 -11 -12 -13 13 14 -16 -17 -18
leaf_value=0.0032771471678171415 0.0089999859128237283 0.0061450599767195182 0.0047119211314819633 -0.010089204936116699 0.0065845005785049029 -0.0029180283241981592 0.0073325797639290612 0.00097351436967904647 -0.00010731068539632806 -0.0063508568557893094 -0.0065646725060628771 -0.00259732488324274 -0.0041188156547781775 -0.0022731529676934918 0.0036522001536295036 0.0013698827873430662 -0.00038756858867048343
leaf_weight=49.552522391080856 32.126545608043671 25.622528716921806 40.503133088350296 24.782166481018066 43.668367072939873 153.40013247728348 18.062662333250046 26.938365161418915 1454.0056921541691 52.440638050436974 24.912168070673943 36.060521237552166 59.188803747296333 34.591923877596855 91.410716474056244 38.249709933996201 19.661266043782234
leaf_count=210 137 108 182 108 189 659 82 115 6107 228 106 165 247 149 395 167 84
internal_value=-6.13829e-05 -0.000342199 -0.000123067 -0.00237181 0.000206538 -0.00394911 0.00173354 0.00539069 2.53273e-05 -0.00314248 -0.00116607 0.00106089 0.000826806 0.000280761 0.00202211 -0.00196952 0.00443836
internal_weight=2225.18 1924.61 1785.57 227.735 1557.84 178.182 300.569 59.0649 1494.51 139.036 86.5952 61.683 241.504 223.441 126.003 97.4385 63.3296
internal_count=9438 8146 7539 977 6562 767 1292 252 6289 607 379 273 1040 958 544 414 273
is_linear=0
shrinkage=0.011451


Tree=332
num_leaves=10
num_cat=0
split_feature=3 0 21 3 13 3 21 13 31
split_gain=7.26368 6.5758 6.64066 24.1325 14.3719 10.4359 12.6617 9.95412 6.02019
threshold=-0.08680365365585567 -11.419575633127991 1.0000000180025095e-35 -0.071070830145867667 0.32379032258064527 -0.08680365365585567 -1.4999999999999998 -0.39696969696969692 -36.01420639670652
decision_type=8 8 2 10 10 10 2 8 2
left_child=-1 -2 5 8 -5 6 -3 -7 -4
right_child=1 2 3 4 -6 7 -8 -9 -10
leaf_value=-0.0059143061315914697 0.0054617643007775184 -0.0083899087241266282 0.00064249032248776523 0.00085395727913359593 -0.004170599378319732 0.00390495996445543 -0.0010839366802224762 -0.00023555143100580111 0.0081630984673026381
leaf_weight=24.301503047347069 31.20244899392128 42.192708566784859 17.560616552829742 756.09534639120102 82.156406871974468 81.625698208808899 114.35239997506142 1017.5403837561607 69.681380093097687
leaf_count=104 141 196 73 3194 355 351 477 4286 313
internal_value=0.00022814 0.00029736 0.000221846 0.000957471 0.000358599 -0.000320548 -0.00308014 7.40967e-05 0.00666556
internal_weight=2236.71 2212.41 2181.2 925.494 838.252 1255.71 156.545 1099.17 87.242
internal_count=9490 9386 9245 3935 3549 5310 673 4637 386
is_linear=0
shrinkage=0.011451


Tree=333
num_leaves=13
num_cat=0
split_feature=3 22 16 0 4 6 0 24 3 5 13 8
split_gain=7.10578 6.56224 11.7139 9.45508 9.54583 8.25295 7.16705 5.34562 10.7496 5.16885 2.8965 1.62028
threshold=-0.08680365365585567 174.50000000000003 -1.0000000180025095e-35 3.6700889801505832 0.94354002414944238 -1.0435249153733313 -11.419575633127991 1.0000000180025095e-35 0.05906449782075935 1.5666715442395867 -0.071428571428571411 -0.0037310444316009657
decision_type=8 10 2 8 10 10 8 2 8 10 10 10
left_child=-1 6 5 4 -4 -3 -2 9 -9 -8 -5 -7
right_child=1 2 3 10 -6 11 7 8 -10 -11 -12 -13
leaf_value=-0.0058512953442243438 0.006044160185066867 -0.012113071732818569 0.0047123234039172322 -0.001143300680706807 -0.003598384040271207 -0.00038567266906439052 0.00039919528529136689 0.0010916987083558281 0.0084338287872030241 -0.0015261606299187063 -0.0072808957943922715 -0.0051623372745274888
leaf_weight=24.289131060242653 29.261426135897636 19.036953896284103 61.232636839151382 19.52599111199379 25.06347468495369 18.161189004778862 1536.4906142354012 228.1359648630023 28.917813375592232 206.86327084898949 20.848415583372116 18.700043052434921
leaf_count=104 133 87 261 91 106 79 6470 971 130 888 91 79
internal_value=0.000225544 0.000293996 -0.00178159 0.000152327 0.00228957 -0.00611447 0.000481216 0.000397868 0.00193723 0.000170243 -0.00437901 -0.00285729
internal_weight=2236.53 2212.24 182.569 126.671 86.2961 55.8982 2029.67 2000.41 257.054 1743.35 40.3744 36.8612
internal_count=9490 9386 794 549 367 245 8592 8459 1101 7358 182 158
is_linear=0
shrinkage=0.011451


Tree=334
num_leaves=13
num_cat=0
split_feature=19 4 14 9 0 13 5 13 2 16 9 12
split_gain=8.60499 10.3606 7.07871 9.43887 8.62752 10.2405 7.13611 7.10934 7.08178 6.88637 4.92241 2.75397
threshold=-0.88194444444444431 -0.43184338332982158 -0.67083333333333328 -0.16983607790059399 6.9541409993155385 0.078689370485036117 1.5666715442395867 0.30860805860805868 10.10000000000001 1.5000000000000002 -0.17777777777777773 -0.11774125179519294
decision_type=8 10 8 10 10 8 10 10 8 2 10 10
left_child=1 -1 3 -2 6 10 7 -4 -7 -8 -6 -3
right_child=2 11 4 -5 5 8 9 -9 -10 -11 -12 -13
leaf_value=-0.0009248371362441675 -0.00068948344032225648 0.0045115613669483466 0.00032726406600692515 0.010058439899879692 -0.0019875036023135548 0.0023315591339421954 -0.0026902903491415335 -0.0019897575002073811 -0.0052269493681240797 0.0041559385783301889 -0.007009926031066138 0.010908048239713995
leaf_weight=33.713653236627579 23.048116788268089 19.458621203899384 1528.7070464640856 19.231304630637169 42.947558179497719 60.280277118086815 211.40012802183628 195.22231448441744 21.505281612277031 20.601061388850212 65.291436068713665 18.378205642104149
leaf_count=143 98 83 6408 81 194 253 908 856 93 88 296 81
internal_value=-0.000196308 0.00369302 -0.00032456 0.00427912 -0.000416555 -0.0027416 -0.000189817 6.42147e-05 0.000318033 -0.00207226 -0.00504133 0.00775276
internal_weight=2259.79 71.5505 2188.23 42.2794 2145.96 190.025 1955.93 1723.93 81.7856 232.001 108.239 37.8368
internal_count=9582 307 9275 179 9096 836 8260 7264 346 996 490 164
is_linear=0
shrinkage=0.011451


Tree=335
num_leaves=13
num_cat=0
split_feature=19 4 14 9 0 13 5 13 2 16 9 12
split_gain=8.41958 10.1458 6.92176 9.22544 8.4433 10.0308 6.97538 6.94553 6.92704 6.73335 4.83203 2.70694
threshold=-0.88194444444444431 -0.43184338332982158 -0.67083333333333328 -0.16983607790059399 6.9541409993155385 0.078689370485036117 1.5666715442395867 0.30860805860805868 10.10000000000001 1.5000000000000002 -0.17777777777777773 -0.11774125179519294
decision_type=8 10 8 10 10 8 10 10 8 2 10 10
left_child=1 -1 3 -2 6 10 7 -4 -7 -8 -6 -3
right_child=2 11 4 -5 5 8 9 -9 -10 -11 -12 -13
leaf_value=-0.00091444133433102846 -0.00068186739377778909 0.0044626425523383619 0.00032352035914198876 0.0099428382281343663 -0.0019662101180876767 0.0023044311794087804 -0.0026605332705189025 -0.0019662353954593864 -0.0051727877979001087 0.004107809696446695 -0.0069451725856821351 0.01080655058798452
leaf_weight=33.714012965559959 23.04609352350235 19.453950688242912 1528.6968924701214 19.239776194095612 42.922869130969048 60.299196243286133 211.32457828521729 195.30297788977623 21.488650783896446 20.611468285322189 65.152536414563656 18.344807893037796
leaf_count=143 98 83 6408 81 194 253 908 856 93 88 296 81
internal_value=-0.000194039 0.0036542 -0.000320879 0.00423113 -0.00041186 -0.00271301 -0.000187644 6.347e-05 0.000314107 -0.00204906 -0.00499178 0.00767467
internal_weight=2259.6 71.5128 2188.09 42.2859 2145.8 189.863 1955.94 1724 81.7878 231.936 108.075 37.7988
internal_count=9582 307 9275 179 9096 836 8260 7264 346 996 490 164
is_linear=0
shrinkage=0.011451


Tree=336
num_leaves=15
num_cat=0
split_feature=21 3 14 23 29 21 3 25 8 22 17 11 3 18
split_gain=9.92406 9.94394 9.51803 13.9195 13.2879 7.84705 18.7246 9.97854 6.72605 7.01723 10.2361 6.23939 5.74617 2.26199
threshold=9.5000000000000018 -0.08680365365585567 -0.18164268164268163 -364.0378787878787 -8.7509664312295872 1.0000000180025095e-35 -0.08680365365585567 -1.0000000180025095e-35 -0.1009014515493573 -7.4999999999999991 0.36428944618599796 0.067792076465855458 0.013500249198397986 0.27991452991452997
decision_type=2 8 8 10 10 2 10 2 8 10 8 10 10 8
left_child=1 -1 3 11 -5 7 -7 -4 -2 12 -11 -3 13 -10
right_child=8 2 5 4 -6 6 -8 -9 9 10 -12 -13 -14 -15
leaf_value=-0.0073844992779042327 -0.0080783459350560281 -0.00012800704442136987 0.00087676047073568955 0.0069564964050831558 0.0016431754470302103 0.0065260958406082982 0.00032646557174741608 -0.0014659087847110285 -0.0043130665686452515 0.0068718663211636034 -0.0033101210008904826 -0.0069607779431261835 -0.0090591222513586762 0.0012603492715738554
leaf_weight=21.064706474542618 25.687189847230911 68.72626256942749 378.21919430047274 87.39675073325634 208.41170059144497 71.146838188171387 579.36478281766176 642.73492687940598 18.612460985779762 23.759787544608116 26.953775182366371 22.871135205030441 20.676434546709061 18.462141275405884
leaf_count=90 110 294 1606 373 893 319 2449 2699 79 103 114 97 88 79
internal_value=0.000126974 0.000322028 0.000403225 0.00201881 0.00322504 2.81206e-05 0.00101047 -0.000598046 -0.00288392 -0.00161216 0.00148734 -0.00187184 -0.00431996 -0.00156426
internal_weight=2214.09 2079.94 2058.87 387.406 295.808 1671.47 650.512 1020.95 134.152 108.465 50.7136 91.5974 57.751 37.0746
internal_count=9393 8820 8730 1657 1266 7073 2768 4305 573 463 217 391 246 158
is_linear=0
shrinkage=0.011451


Tree=337
num_leaves=14
num_cat=0
split_feature=21 3 14 23 29 21 2 25 9 8 29 30 25
split_gain=9.70536 9.72921 9.29907 13.6043 12.9821 7.67006 19.4429 9.75195 6.91027 6.58954 6.8083 5.91661 4.42177
threshold=9.5000000000000018 -0.08680365365585567 -0.18164268164268163 -364.0378787878787 -8.7509664312295872 1.0000000180025095e-35 21.599999999999998 -1.0000000180025095e-35 0.40008019246190862 -0.1009014515493573 6.5524509803921571 0.18584748584748578 2.5000000000000004
decision_type=2 8 8 10 10 2 8 2 8 8 10 10 2
left_child=1 -1 3 8 -5 7 -7 -4 -3 -2 11 12 -11
right_child=9 2 5 4 -6 6 -8 -9 -10 10 -12 -13 -14
leaf_value=-0.0073067041224646554 -0.0079972772570139922 0.00089675418109657484 0.00086677838634496678 0.006875341430540075 0.0016241893785905984 0.00028252014231521568 0.006466000883173886 -0.0014491877946065468 -0.0054121953885573112 0.0015005684894349234 0.0044829005785010628 -0.0083348395729153438 -0.0042330465374835593
leaf_weight=21.052330613136292 25.657344564795494 51.995519049465656 378.20174215734005 87.423431441187859 208.44109055399895 575.65310428291559 74.76177803426981 642.71379344165325 39.615450575947762 35.464130058884621 19.230888649821281 19.846095994114876 33.930797338485718
leaf_count=90 110 222 1606 373 893 2432 336 2699 169 152 82 85 144
internal_value=0.00012547 0.000318354 0.000398651 0.00199536 0.00318772 2.78313e-05 0.000999137 -0.000591224 -0.00185071 -0.00285232 -0.00159419 -0.00292716 -0.00131642
internal_weight=2213.99 2079.86 2058.81 387.475 295.865 1671.33 650.415 1020.92 91.611 134.129 108.472 89.241 69.3949
internal_count=9393 8820 8730 1657 1266 7073 2768 4305 391 573 463 381 296
is_linear=0
shrinkage=0.011451


Tree=338
num_leaves=10
num_cat=0
split_feature=25 22 1 0 6 2 17 26 9
split_gain=10.2939 5.80221 7.73022 5.49848 7.05919 5.3245 7.24673 6.96051 5.30107
threshold=5.5000000000000009 -339.49999999999994 1.0000000180025095e-35 8.3148528405201922 1.125145708654794 -3.8000000000000109 0.49444444444444452 -1.0299315500820807 -0.14202272727272724
decision_type=2 8 8 10 10 8 10 8 8
left_child=1 2 -1 5 8 6 -3 -7 -5
right_child=-2 3 -4 4 -6 7 -8 -9 -10
leaf_value=0.0072446450837213841 -0.0074064536581281912 -0.00052074477409376463 -0.00071577112682103211 0.00093856361390756682 0.0037741995419736567 0.0038668802608046861 -0.006322768921999079 0.00029822484816348832 -0.0053658842763786626
leaf_weight=33.148223146796227 23.645926877856255 530.2870904058218 30.151915922760963 23.092056393623352 19.009711802005768 74.871898993849754 29.164926081895828 1403.7605700492859 69.196962893009186
leaf_count=145 102 2229 132 105 81 318 123 5936 310
internal_value=4.63568e-06 8.60284e-05 0.00348471 -1.51072e-05 -0.00248582 0.000120581 -0.000830334 0.000480578 -0.00379297
internal_weight=2236.33 2212.68 63.3001 2149.38 111.299 2038.08 559.452 1478.63 92.289
internal_count=9481 9379 277 9102 496 8606 2352 6254 415
is_linear=0
shrinkage=0.011451


Tree=339
num_leaves=15
num_cat=0
split_feature=22 22 3 30 17 7 2 12 8 28 26 20 12 8
split_gain=5.61621 8.95743 8.02822 9.51174 6.33562 5.83205 5.80203 10.185 6.25116 10.0888 8.19937 4.56599 2.82528 1.99819
threshold=210.50000000000003 140.50000000000003 0.014218106738738469 0.11129148629148633 -0.86607142857142849 0.13615490313198206 15.250000000000002 0.27613871635610771 -0.076656568499487279 0.0031488154379432478 -0.59906068888569663 -0.14642857142857144 0.10380563708737085 -0.013585983050449278
decision_type=10 10 8 8 10 10 10 8 8 10 8 10 8 10
left_child=1 6 3 -3 11 13 8 -8 9 -1 -10 12 -2 -6
right_child=4 2 -4 -5 5 -7 7 -9 10 -11 -12 -13 -14 -15
leaf_value=0.00018807389825836748 -0.0056683829497317572 0.0051383035664804271 0.0082519659193972996 -0.0047049995559784218 -0.010467014079749183 -0.00050856923956550757 0.0078443015098129919 -0.0017857974376417987 0.0028185614321782218 -0.0036785095980342076 -5.6856202515430009e-05 0.0028975351629161798 0.00046203869011770339 -0.0048703834463149423
leaf_weight=206.4869676977396 19.777537062764168 29.721588149666786 32.01412895321846 21.69202621281147 18.294296950101852 23.777637392282486 31.676608294248581 25.593303725123405 142.11413997411728 154.09634999930859 1457.1443594843149 36.054703801870346 18.861072048544884 18.859249770641327
leaf_count=869 87 126 136 93 81 105 136 111 601 665 6155 154 82 80
internal_value=4.56736e-06 0.000150676 0.00381248 0.00097827 -0.00224808 -0.00496692 -1.97839e-06 0.00356952 -0.000107515 -0.00146804 0.000199722 -6.00284e-06 -0.00271854 -0.00776128
internal_weight=2236.16 2100.54 83.4277 51.4136 135.624 60.9312 2017.11 57.2699 1959.84 360.583 1599.26 74.6933 38.6386 37.1535
internal_count=9481 8892 355 219 589 266 8537 247 8290 1534 6756 323 169 161
is_linear=0
shrinkage=0.011451


Tree=340
num_leaves=14
num_cat=0
split_feature=10 19 4 0 24 4 3 9 15 22 30 0 21
split_gain=10.7311 8.46159 9.66764 7.86171 9.51027 13.6168 7.83978 5.69319 4.81337 6.40272 5.56913 4.48563 3.69002
threshold=-0.54676679581637233 -0.54772727272727262 -0.51421623640378955 -2.2792607802874723 -1.0000000180025095e-35 1.4220600162206007 0.060420019351158601 -0.014087301587301563 -0.056999522216913533 -125.49999999999999 0.30000000000000021 2.557152635181382 1.0000000180025095e-35
decision_type=8 8 10 8 2 10 10 8 10 10 10 10 2
left_child=-1 2 7 8 5 -5 -6 -2 10 -10 -3 12 -4
right_child=1 3 11 4 6 -7 -8 -9 9 -11 -12 -13 -14
leaf_value=-0.007659337847382164 0.0035532141915225611 0.00045946596962561655 0.010443661291581113 -0.0051180573631781192 -0.0006715723143045127 0.0033082212313766002 0.0038316207442739693 -0.0041530410387109551 0.0054149056939398069 0.00098689906838353002 -0.0033066184720349249 0.00092049548049876276 0.0039804340970642808
leaf_weight=24.64137826859951 20.776968657970428 352.67716132104397 25.323882594704628 126.71518961340189 1198.7314088195562 30.843655675649643 52.276304632425308 29.787528246641159 53.169218473136425 211.54558919370174 59.606916040182114 19.487152770161629 23.240891829133034
leaf_count=106 88 1504 108 554 5060 129 219 125 232 890 260 83 103
internal_value=-0.000244611 -0.000159442 0.00280693 -0.000328992 -0.000816287 -0.00346159 -0.000481467 -0.000981535 0.000684681 0.00188759 -8.94569e-05 0.00560419 0.00744588
internal_weight=2228.82 2204.18 118.616 2085.57 1408.57 157.559 1251.01 50.5645 676.999 264.715 412.284 68.0519 48.5648
internal_count=9461 9355 507 8848 5962 683 5279 213 2886 1122 1764 294 211
is_linear=0
shrinkage=0.011451


Tree=341
num_leaves=15
num_cat=0
split_feature=10 23 10 24 0 0 9 8 23 10 10 10 14 9
split_gain=10.4934 8.59223 10.5926 7.96821 10.4433 7.81554 10.5018 7.54557 7.32214 7.916 7.79883 7.35659 6.83085 6.34984
threshold=-0.54676679581637233 -282.13928571428568 0.12920405700927531 -1.0000000180025095e-35 -2.788501026694044 2.4435318275154008 0.063156565152935398 -0.05083804364305252 -310.48928571428564 -1.0000000180025095e-35 -0.21049166033430389 0.066705005875781723 0.60158730158730178 -0.039655541292255007
decision_type=8 8 10 2 8 8 8 10 10 8 10 10 10 10
left_child=-1 8 3 4 -3 6 -4 -7 9 10 -2 -11 -5 -10
right_child=1 2 5 12 -6 7 -8 -9 13 11 -12 -13 -14 -15
leaf_value=-0.0075739692874271835 -0.0029280350515520012 0.00098680188378207924 0.0049385874493304447 0.00010435134221984737 -0.0046654561880494433 -0.0038881832656748479 0.00049195664426990803 0.0018387196015223789 -0.011449390836954711 -0.0092030403361943423 0.0041397132519262626 -0.0018610800930918751 -0.004931438323391461 -0.0020730224490088434
leaf_weight=24.641238927841187 32.924011901021004 67.831742063164711 145.12158524990082 1333.9537026435137 114.86179072409868 52.880657941102982 133.66159363090992 68.484987258911133 18.400457844138145 20.938274532556534 51.933727473020554 107.77223201096058 35.61824631690979 19.536229893565178
leaf_count=106 141 290 612 5631 498 232 572 291 79 90 220 464 151 84
internal_value=-0.000241797 -0.000157567 9.93175e-05 -0.000329076 -0.00257086 0.00175895 0.00281289 -0.000664134 -0.00214676 -0.00131265 0.00139605 -0.00309647 -2.89353e-05 -0.00673934
internal_weight=2228.56 2203.92 1952.41 1552.27 182.694 400.149 278.783 121.366 251.505 213.568 84.8577 128.711 1369.57 37.9367
internal_count=9461 9355 8277 6570 788 1707 1184 523 1078 915 361 554 5782 163
is_linear=0
shrinkage=0.011451


Tree=342
num_leaves=18
num_cat=0
split_feature=2 31 22 0 28 30 13 10 12 30 0 21 3 26 0 11 18
split_gain=11.435 9.24747 9.2645 9.57289 7.59937 9.14892 9.35832 7.23801 6.91996 10.6223 9.92227 8.51282 14.4545 6.85855 6.70914 6.24097 10.4179
threshold=7.6500000000000066 31.081690753884576 88.500000000000014 -8.021902806297053 -0.0089693973679521224 -0.71343582887700518 0.23132664437012262 0.087566724531267195 -0.10457875457875453 -0.59783928063979208 4.8774811772758389 -1.0000000180025095e-35 -0.061817327640632184 0.089192713154509426 -9.1375770020533853 0.12022987133770009 -0.27728174603174599
decision_type=10 2 10 8 8 8 10 8 10 8 10 2 10 8 10 10 10
left_child=1 8 3 -3 -2 -6 7 -7 11 -10 -11 12 -1 -5 -13 16 -4
right_child=4 2 15 13 5 6 -8 -9 9 10 -12 14 -14 -15 -16 -17 -18
leaf_value=-0.0077306211089448939 0.0049313984630703208 0.0081211005990966846 -0.0096751123654850325 -0.00059604299996376508 -0.0065354373739288348 0.00519513187028938 -0.0053906117605083959 0.00046887151396446446 -0.0043095750733684671 0.0014750948136501071 -0.0029593416420184175 0.0060215970634614306 -0.0017199159864784896 0.0023965973577755604 -0.00075863018915988019 0.003327561994694491 -0.00050283033460523545
leaf_weight=63.590334944427013 86.548985064029694 27.301497139036655 25.859637916088104 167.41875803470612 18.997814938426018 75.455270335078239 21.279220849275589 96.502190977334976 60.38807675242424 407.80944582819939 78.318006187677383 19.283241748809814 289.5716822296381 249.4386268556118 473.12514725327492 18.684555679559708 42.072543680667877
leaf_count=293 381 132 108 714 81 318 91 402 257 1705 341 82 1221 1063 1976 81 178
internal_value=3.32168e-06 -0.000320726 0.000964538 0.00163281 0.00208487 0.00091232 0.00166437 0.00255475 -0.000810998 0.000193175 0.000757625 -0.00145967 -0.00281466 0.00119565 -0.000485373 -0.00244864 -0.00405417
internal_weight=2221.65 1922.86 530.776 444.159 298.783 212.234 193.237 171.957 1392.09 546.516 486.127 845.57 353.162 416.857 492.408 86.6167 67.9322
internal_count=9424 8151 2276 1909 1273 892 811 720 5875 2303 2046 3572 1514 1777 2058 367 286
is_linear=0
shrinkage=0.011451


Tree=343
num_leaves=18
num_cat=0
split_feature=2 25 31 28 5 6 30 28 14 18 31 5 19 24 3 9 5
split_gain=11.1771 12.1388 9.04038 9.0135 8.91395 8.01158 9.05846 7.90902 7.7622 7.72098 7.52133 7.24653 6.72679 5.82243 7.61893 6.90572 5.8185
threshold=7.6500000000000066 -1.0000000180025095e-35 31.081690753884576 -0.03981078782678197 -0.84957231893814333 0.019721189438631024 0.36675627240143377 0.033936920493669233 0.60158730158730178 0.048809523809523837 13.907403960986359 -0.042605207914575664 0.22613636363636366 -1.0000000180025095e-35 0.0051449762581305966 0.240888298657223 -1.4147986808285899
decision_type=10 2 2 10 10 10 10 10 10 8 2 10 10 2 10 8 8
left_child=2 4 5 9 16 -1 10 -5 13 -3 -7 -9 -8 15 -15 -4 -2
right_child=1 3 8 7 -6 6 12 11 -10 -11 -12 -13 -14 14 -16 -17 -18
leaf_value=-0.0013991982200282651 0.0059909985905748416 0.0079372373058079638 0.0011887377164778072 -0.0080587599629925212 0.0083140593618551226 0.00036115099424701867 0.0019748193768150224 0.0030831551293784248 -0.0047518921671278625 0.00090650261204802002 -0.0041325394675851036 -0.0039587051853684756 0.0093983304165060084 0.0026490968899857774 -0.00056936856737920959 -0.0077685549362885853 -0.0025661676304209223
leaf_weight=944.81460818648338 18.197742164134979 27.290329784154892 26.391646698117256 21.544278234243393 56.090327769517899 295.2865346968174 73.856291070580482 39.469625741243362 28.894473969936371 77.422250434756279 57.837602347135544 36.013494372367859 19.974543869495392 318.555679731071 137.90853027999401 18.864532291889191 22.69063863158226
leaf_count=3997 82 121 112 91 239 1241 310 166 125 325 244 153 83 1372 587 80 96
internal_value=3.2569e-06 0.00206142 -0.00031716 0.000455712 0.00537592 -0.000801953 0.000460761 -0.00205156 0.000953837 0.00277725 -0.000381225 -0.000281776 0.00360995 0.00128827 0.00167731 -0.00260324 0.00127709
internal_weight=2221.1 298.719 1922.38 201.74 96.9787 1391.77 446.955 97.0274 530.615 104.713 353.124 75.4831 93.8308 501.72 456.464 45.2562 40.8884
internal_count=9424 1273 8151 856 417 5875 1878 410 2276 446 1485 319 393 2151 1959 192 178
is_linear=0
shrinkage=0.011451


Tree=344
num_leaves=18
num_cat=0
split_feature=17 28 4 31 14 12 5 22 6 30 22 22 8 30 31 6 26
split_gain=10.8034 11.0691 13.7372 9.80682 8.07508 15.7809 7.89559 7.46184 11.3965 7.82583 7.30117 9.2324 6.01801 4.31568 3.12382 2.99851 2.99236
threshold=0.14194139194139196 0.0031488154379432478 0.88625696003560683 -88.066844955317933 0.57359307359307365 0.17203889860139862 -1.3875347944597827 -230.49999999999997 1.0782772181830202 -1.1690476190476187 -56.499999999999993 80.500000000000014 0.027631713846700021 -0.49935897435897419 -4.5771459599162645 0.83573828599121669 0.31431897981272022
decision_type=10 10 10 2 10 10 10 8 10 8 10 10 10 10 2 10 8
left_child=3 6 12 15 7 -6 -2 8 -5 -9 -8 -12 13 -3 -14 16 -1
right_child=1 2 -4 4 5 -7 10 9 -10 -11 11 -13 14 -15 -16 -17 -18
leaf_value=-0.00068162593438237686 0.0069325896518507056 -0.0086779091137284287 0.0027068860063258391 0.0013066237240140788 -0.0073786558775640158 0.0039887214208732084 -0.0055007621164361404 0.0048854085771030753 0.010643811245588218 0.00014910466674183958 0.0029156739106863173 -0.0045100258066576625 -0.013288552350703295 -0.0021419130717955748 -0.0064503591898629597 -0.0072624619639333182 -0.0052718783322762653
leaf_weight=52.182231292128563 17.199934877455235 19.590618118643761 24.979033917188644 69.59419322013855 46.0019151866436 23.862506479024887 36.364090628921986 46.401256456971169 22.183225244283676 1634.3396953493357 65.807066887617111 32.126052618026733 20.650333017110825 40.169081822037697 18.91588568687439 20.010717123746872 28.499461017549038
leaf_count=242 78 85 106 300 194 104 156 197 99 6889 277 135 87 170 81 87 132
internal_value=-0.000186951 -0.00230492 -0.00482776 0.000114358 0.000305029 -0.00349508 -0.000222892 0.000456062 0.00362361 0.000281737 -0.00116886 0.000465801 -0.00672799 -0.00435624 -0.0101794 -0.00335355 -0.0023328
internal_weight=2218.88 275.802 124.305 1943.08 1842.38 69.8644 151.497 1772.52 91.7774 1680.74 134.297 97.9331 99.3259 59.7597 39.5662 100.692 80.6817
internal_count=9419 1175 529 8244 7783 298 646 7485 399 7086 568 412 423 255 168 461 374
is_linear=0
shrinkage=0.011451


Tree=345
num_leaves=18
num_cat=0
split_feature=17 28 27 14 12 23 14 27 23 17 8 9 8 2 19 3 15
split_gain=10.5668 10.831 7.86567 6.67867 14.8203 6.96925 11.1156 25.8909 7.72084 6.92118 8.9123 6.61814 9.54347 10.9383 6.61006 5.79953 5.69359
threshold=0.14194139194139196 0.0031488154379432478 0.031463198090845863 0.57359307359307365 0.17203889860139862 -255.27435064935062 -0.22163742690058474 0.033666442098046832 -349.98901098901098 -0.65151515151515138 0.025373507331449472 0.0076144094001237015 0.0097167896710897168 -3.8000000000000109 1.0000000180025095e-35 0.013915532082323325 0.11576510721247564
decision_type=10 10 10 10 10 8 10 10 10 8 10 10 10 8 8 10 8
left_child=3 11 14 5 -5 6 7 -1 -8 -7 -11 12 13 -2 16 -13 -3
right_child=1 2 -4 4 -6 9 8 -9 -10 10 -12 15 -14 -15 -16 -17 -18
leaf_value=-0.0031696649408154555 0.0056427369888661337 -0.0096974682263272632 -0.0088692382483973979 -0.0070401850344190787 0.003946868817958916 -0.003458188275838677 -0.0012522884197819961 0.0080398516984613692 -0.0075248816967752093 0.00012698744156503162 0.0020702041312412227 -0.0056768971777138768 0.006790775681776281 -0.0050243538540380699 0.00045465453133168945 0.0011278159115709369 -0.0011416923981157892
leaf_weight=76.917585462331772 19.360465228557587 22.796155884861946 40.70836241543293 46.764131292700768 23.84651654958725 55.333371967077255 51.703887239098549 40.800526529550552 51.194882079958916 1177.0994005128741 419.26211066544056 39.405404008924961 31.789718650281429 33.411512270569801 42.35740065574646 27.511273071169853 18.3944091796875
leaf_count=332 81 96 173 197 104 237 221 172 218 4971 1792 168 136 141 181 120 79
internal_value=-0.000184923 -0.00227985 -0.00477605 0.00011306 -0.00332746 0.000243944 -0.00166462 0.000738757 -0.00440125 0.000499436 0.000637993 -0.00022036 0.00190276 -0.00108947 -0.00272756 -0.00289567 -0.0059553
internal_weight=2218.66 275.735 124.256 1942.92 70.6106 1872.31 220.617 117.718 102.899 1651.69 1596.36 151.478 84.5617 52.772 83.548 66.9167 41.1906
internal_count=9419 1175 529 8244 301 7943 943 504 439 7000 6763 646 358 222 356 288 175
is_linear=0
shrinkage=0.011451


Tree=346
num_leaves=18
num_cat=0
split_feature=28 7 11 2 8 9 2 26 10 12 3 19 28 8 15 12 26
split_gain=6.49208 7.28551 6.9002 7.55649 8.34483 6.93128 8.10159 6.82882 6.03346 6.44831 5.40972 4.54837 6.89208 6.23202 6.05798 10.8702 5.08839
threshold=0.29797480247117275 0.085279110679570294 -0.08142093591041609 15.250000000000002 -0.013585983050449278 -0.09403824997884401 2.600000000000009 -0.62565201450857832 -0.15496278399638305 -0.071400011424001805 0.027531739631611599 0.56186868686868696 -0.03981078782678197 -0.0012399995780016102 -0.28679653679653672 0.023872847011144952 -1.0299315500820807
decision_type=10 10 8 8 10 10 10 10 10 8 8 10 10 10 8 8 8
left_child=1 11 5 4 -4 10 -7 -2 -9 -10 -3 14 13 -13 15 -1 -16
right_child=7 2 3 -5 -6 6 -8 8 9 -11 -12 12 -14 -15 16 -17 -18
leaf_value=-0.0029995832309767574 0.0030267833437446108 0.0036725819296710683 -0.0003805620872942424 0.0069293648999728804 0.0027969346342625718 -0.0059262052677400276 0.001388327675302275 -0.007058524775362434 -0.0047431823279915691 0.0034575375514889458 -0.0034938667274885295 -0.0044889621358195899 -0.0077590148092277498 0.0035643782947037731 0.0029291397499133123 0.0053910341665842172 -0.0006036076108137489
leaf_weight=29.852388843894005 21.450309306383133 48.665785744786263 199.7525670081377 33.637047201395035 235.89072127640247 53.107605680823326 31.142047092318535 45.148609831929207 29.107165552675724 21.150790706276894 18.590045586228371 25.147802397608757 26.52017816901207 23.966884091496468 55.138668701052666 60.063137724995613 1280.9259489104152
leaf_count=128 94 208 841 154 1007 226 132 195 129 90 79 107 114 102 233 261 5413
internal_value=-0.000121904 2.31541e-05 0.00106594 0.00175134 0.00134161 -0.00105542 -0.00323273 -0.00274177 -0.00405065 -0.00129187 0.00167696 -0.000408227 -0.00313228 -0.000563975 -0.000262353 0.00260374 -0.000456433
internal_weight=2239.26 2122.4 620.786 469.28 435.643 151.505 84.2497 116.857 95.4066 50.258 67.2558 1501.62 75.6349 49.1147 1425.98 89.9155 1336.06
internal_count=9513 9005 2647 2002 1848 645 358 508 414 219 287 6358 323 209 6035 389 5646
is_linear=0
shrinkage=0.011451


Tree=347
num_leaves=16
num_cat=0
split_feature=0 19 31 3 14 2 9 28 7 0 14 4 7 22 11
split_gain=7.93072 5.65191 5.84556 11.9758 8.14252 7.94515 10.2128 6.93737 6.48515 4.83953 5.43307 5.10422 7.7672 3.73102 3.01071
threshold=-0.24229979466119109 0.86190476190476206 45.08111829933069 0.026250357705948194 0.18819444444444447 2.600000000000009 0.024279266832458322 -0.063021341714618165 1.9997222993612886 -0.093086926762490294 -0.60158730158730156 2.5446758698377656 -1.5641433943760663 -24.499999999999996 -0.0092442893231459693
decision_type=8 10 2 10 10 10 8 10 10 8 8 10 8 10 10
left_child=1 2 5 4 -4 8 -7 -5 -1 -2 -11 12 -12 -13 -3
right_child=9 14 3 7 -6 6 -8 -9 -10 10 11 13 -14 -15 -16
leaf_value=-0.00014473325383572278 -0.0058337972074086215 -0.0067981064408972908 0.0063456026229735084 0.0016547600886444248 0.0005678412780359528 0.0051813732973394946 0.00044538054573578896 -0.007417652240253589 -0.005957868371584114 0.0038214218601192169 0.002847550159111509 -0.0075532317930583487 -0.00089365979571518492 -0.0017732062284226994 -0.00038294571970784122
leaf_weight=552.9773351252079 23.62007363140583 19.337319582700729 87.854716591536999 23.164384394884109 50.298274174332619 86.958985283970833 187.84562349319458 20.139674365520477 25.703727811574936 33.672623530030251 78.034097254276276 23.120216369628906 968.07727590203285 39.604200899600983 18.595705673098564
leaf_count=2305 99 82 402 110 233 364 787 89 109 146 334 97 4109 168 79
internal_value=-0.000120536 0.000589789 0.000749801 0.00261233 0.00425481 0.000352094 0.00195289 -0.00261281 -0.000409459 -0.000774021 -0.000666095 -0.000804571 -0.00061296 -0.00396042 -0.00371381
internal_weight=2239 1072.88 1034.94 181.457 138.153 853.486 274.805 43.3041 578.681 1166.13 1142.51 1108.84 1046.11 62.7244 37.933
internal_count=9513 4560 4399 834 635 3565 1151 199 2414 4953 4854 4708 4443 265 161
is_linear=0
shrinkage=0.011451


Tree=348
num_leaves=18
num_cat=0
split_feature=23 28 18 18 17 21 3 21 13 13 3 27 3 3 1 5 3
split_gain=7.01662 9.43654 8.75347 7.95266 8.32603 7.66117 10.9013 13.6924 7.61454 7.24112 9.40147 8.76142 7.47494 7.39388 6.71039 9.71158 8.39849
threshold=-120.85218253968252 0.10850526000070666 -0.35634920634920625 0.3005681818181819 0.20000000000000001 1.0000000180025095e-35 -0.055690841405895801 1.5000000000000002 0.37321428571428578 -0.12053571428571426 -0.043546656210784677 0.12722691648047951 -0.02997992534104121 0.015973452533597613 1.0000000180025095e-35 -1.9999820682386484 0.029972765749735068
decision_type=10 10 10 8 8 2 10 2 10 10 8 10 10 8 10 10 10
left_child=1 5 9 -3 -5 -1 7 -7 -8 11 -11 13 -12 -2 -4 -16 -17
right_child=2 3 14 4 -6 6 8 -9 -10 10 12 -13 -14 -15 15 16 -18
leaf_value=-0.0011749426326521377 0.0047734139258211903 -0.0073476871687188101 0.00037445488600049181 0.0046190317070340901 -0.0032398049711778749 -0.0017712013390662883 0.00043970499969796912 0.0082922648248324685 -0.0066345070292811604 -0.008105102306930052 0.0028472587886400106 -0.0041772957335114418 -0.0021541176963283106 -0.00093187812131824486 0.0099740197115419857 0.0012834454527129652 0.0075903864989722595
leaf_weight=573.56594882905483 75.852025598287582 45.858496524393559 420.19174416363239 21.461461268365383 88.032575070858002 27.066281229257584 283.02674143016338 49.639968723058701 20.798293024301529 27.98480498790741 48.231837511062622 31.153754085302353 197.57586692273617 48.464408576488495 21.291548833250999 233.90066879987717 30.816411718726158
leaf_count=2409 324 198 1789 95 376 116 1188 222 88 119 211 132 841 212 94 986 134
internal_value=-0.00011944 -0.000766865 0.000513231 -0.00337779 -0.00168091 -0.000339687 0.000919128 0.00475655 -5.79445e-05 -0.000775612 -0.00189468 0.00119481 -0.00116774 0.00255607 0.00129665 0.00264749 0.00203477
internal_weight=2244.91 1109.45 1135.46 155.353 109.494 954.097 380.531 76.7062 303.825 429.263 273.793 155.47 245.808 124.316 706.2 286.009 264.717
internal_count=9534 4692 4842 669 471 4023 1614 338 1276 1839 1171 668 1052 536 3003 1214 1120
is_linear=0
shrinkage=0.011451


Tree=349
num_leaves=18
num_cat=0
split_feature=24 21 1 15 13 2 28 17 1 22 2 26 26 15 19 28 21
split_gain=6.95245 13.5077 8.27347 7.52071 7.86042 12.7764 8.33708 10.2655 7.8589 7.32251 7.09735 6.71471 5.932 5.85554 5.62432 6.51663 5.34146
threshold=-1.0000000180025095e-35 -10.499999999999998 2.600000000000009 -0.082843137254901944 0.37321428571428578 -7.6500000000000048 0.04680861079511308 -0.65151515151515138 1.0000000180025095e-35 -7.4999999999999991 -7.6000000000000076 0.058659625425288804 -0.22249552901713127 -0.074767080745341608 -0.16666666666666666 0.30553221654614154 2.5000000000000004
decision_type=2 2 10 10 10 10 10 10 10 10 8 10 10 10 8 10 2
left_child=1 9 10 14 6 -6 7 -5 -8 -1 -3 -12 -4 -14 -2 16 -16
right_child=3 2 12 4 5 -7 8 -9 -10 -11 11 -13 13 -15 15 -17 -18
leaf_value=-8.93200378707027e-05 -0.005391422259184279 0.00061142786106950487 0.0051186409356149811 0.00065263297216910661 0.0041692045632520779 -0.0069848571461140849 -0.0015230117404888485 0.0040061095185833142 0.0017226279645286544 0.0092117743508414018 -0.0070203355377525542 -0.0019553002639800393 -0.0063503411185005061 0.001407721182131018 -0.00072627896370075842 -0.0059844239188974677 0.0012895064741438847
leaf_weight=24.76216484606266 29.913951516151428 34.569161936640739 23.679122045636177 269.07389643788338 19.976577885448933 38.522781670093536 221.29831384122372 215.40111556649208 174.25554251670837 19.433678328990936 92.413132056593895 55.428979091346264 20.659897029399872 31.293779626488686 722.39481756091118 26.018746256828308 225.67717335373163
leaf_count=107 128 152 102 1140 92 169 947 908 740 83 402 237 88 132 3035 113 959
internal_value=-0.000118061 -0.00173167 -0.0027343 0.000133506 0.000870141 -0.00317189 0.00114102 0.00214705 -9.27023e-05 0.0040762 -0.00405059 -0.00513855 0.000447957 -0.00171847 -0.000555208 -0.000403125 -0.00024588
internal_weight=2244.77 302.24 258.044 1942.53 938.528 58.4994 880.029 484.475 395.554 44.1958 182.411 147.842 75.6328 51.9537 1004 974.091 948.072
internal_count=9534 1303 1113 8231 3996 261 3735 2048 1687 190 791 639 322 220 4235 4107 3994
is_linear=0
shrinkage=0.011451


Tree=350
num_leaves=11
num_cat=0
split_feature=10 23 6 21 11 3 13 31 21 12
split_gain=10.4879 9.4728 9.25626 8.1751 9.10345 7.44885 8.32019 7.18834 5.53122 2.36233
threshold=-0.54676679581637233 -580.61904761904748 1.7167197703807957 13.500000000000002 0.032043881056687935 -0.015052019657315839 -0.20000000000000001 -24.128443015274794 1.5000000000000002 0.40074224021592453
decision_type=8 8 10 2 10 8 8 2 2 8
left_child=-1 9 3 7 -5 8 -7 -3 -4 -2
right_child=1 2 5 4 -6 6 -8 -9 -10 -11
leaf_value=-0.0072467586719870839 -0.0023865496317507211 -0.0011655912545618533 -0.0030539558497654487 -0.0083394485906956271 0.0011581092896380219 0.0080939847437313094 0.0020329194953145379 0.00035863550819015933 0.0031060811329983503 -0.0075111619649299369
leaf_weight=26.610218688845634 23.653848066926003 605.71882104873657 54.141746953129768 33.004500165581703 21.56437511742115 36.105985581874847 158.81158608943224 1225.3831213563681 28.721015527844429 24.793123930692673
leaf_count=115 101 2609 231 145 91 151 695 5146 121 105
internal_value=-0.000189038 -0.000101985 1.08994e-05 -0.000276788 -0.00461737 0.00195983 0.00317928 -0.00014581 -0.000911125 -0.00507508
internal_weight=2238.51 2211.9 2163.45 1885.67 54.5689 277.78 194.918 1831.1 82.8628 48.447
internal_count=9510 9395 9189 7991 236 1198 846 7755 352 206
is_linear=0
shrinkage=0.011451


Tree=351
num_leaves=12
num_cat=0
split_feature=10 23 6 4 12 3 3 21 22 3 18
split_gain=10.257 9.28007 9.26024 9.57346 11.4715 8.49162 7.12551 5.77933 5.47559 4.02581 4.5901
threshold=-0.54676679581637233 -516.41249999999991 1.7167197703807957 0.94354002414944238 -0.12499999999999993 0.05906449782075935 -0.015052019657315839 1.5000000000000002 -196.49999999999997 0.030410838436397473 0.49675324675324678
decision_type=8 8 10 10 8 8 8 2 10 8 10
left_child=-1 9 3 4 -3 -5 7 -4 -8 10 -2
right_child=1 2 6 5 -6 -7 8 -9 -10 -11 -12
leaf_value=-0.0071672130355981186 0.0016092009162410386 -0.0026561149584722449 -0.0030935030021042526 0.00075026549812277541 -0.00016659192454356216 0.0063079658423312703 0.0086256574163286297 0.0032532090281401499 0.0024901278050592128 -0.0085030086842556307 -0.0055053542152860039
leaf_weight=26.604842111468315 20.82392281293869 306.35179568082094 52.527905598282814 365.17303742468357 1159.166579797864 39.371116302907467 20.996106654405594 28.475388422608376 172.47866757214069 19.989458575844765 26.334633201360703
leaf_count=115 89 1323 224 1544 4885 175 98 120 742 85 110
internal_value=-0.000186943 -0.000100854 3.10154e-05 -0.000257482 -0.000687967 0.00130058 0.00199248 -0.000854126 0.00318313 -0.00427158 -0.002385
internal_weight=2238.29 2211.69 2144.54 1870.06 1465.52 404.544 274.478 81.0033 193.475 67.148 47.1586
internal_count=9510 9395 9111 7927 6208 1719 1184 344 840 284 199
is_linear=0
shrinkage=0.011451


Tree=352
num_leaves=17
num_cat=0
split_feature=1 7 18 22 18 7 6 11 0 29 0 31 29 18 4 15
split_gain=8.12967 8.37696 7.63688 7.31127 7.32559 7.4507 7.06722 8.13109 6.66814 5.96398 9.54833 5.9379 5.68607 5.32345 2.49898 2.16433
threshold=6.3500000000000094 1.2029422364494948 0.083333333333333343 -237.49999999999997 -0.36249045072574476 0.52710120646675962 0.83573828599121669 -0.14614497340423235 12.191649555099248 -11.910714285714285 -0.85557837097878131 36.105093135085447 -6.8850621600621578 -0.33150183150183138 0.38315320937923031 -0.0088744588744588664
decision_type=10 10 10 8 8 10 10 8 8 10 10 2 8 8 10 8
left_child=3 6 -3 9 5 11 7 -2 13 -1 14 -5 -9 -6 -11 -8
right_child=1 2 -4 4 8 -7 15 12 -10 10 -12 -13 -14 -15 -16 -17
leaf_value=0.0076031148839657567 -0.0049309736125930283 0.0022237649206750497 -0.0072853964934331385 -0.0018416791335115737 0.0037546707215245678 0.0037972172718548714 0.0087969396135111743 -0.0026783326774779672 -0.0052998291397122563 0.0019824237530345085 -0.0031186202579924042 -0.0063805519740192411 0.0029141007837662921 -9.4909495640576699e-05 0.0078515066537647935 0.0036467704513143497
leaf_weight=24.919413566589355 21.871123626828194 20.008347690105438 23.483655706048012 145.9812685996294 47.984134882688522 22.876366049051285 24.742628261446953 26.40223790705204 30.781771317124367 18.950108885765076 35.131759598851204 50.790419906377792 207.37495401501656 1484.4320483952761 19.727011144161224 21.173290997743607
leaf_count=110 94 88 99 620 204 98 111 112 136 83 149 216 873 6293 88 91
internal_value=0.000109425 0.0017234 -0.00294302 -0.000187059 -0.000355442 -0.00231032 0.00240137 0.00164893 -7.98965e-05 0.00283572 0.00117282 -0.00303073 0.00227672 2.72023e-05 0.00505775 0.00650771
internal_weight=2226.63 345.056 43.492 1881.57 1782.85 219.648 301.564 255.648 1563.2 98.7283 73.8089 196.772 233.777 1532.42 38.6771 45.9159
internal_count=9465 1468 187 7997 7567 934 1281 1079 6633 430 320 836 985 6497 171 202
is_linear=0
shrinkage=0.011451


Tree=353
num_leaves=18
num_cat=0
split_feature=0 15 14 23 29 13 3 26 8 12 15 15 10 15 26 13 26
split_gain=7.49185 6.40017 7.1852 8.13449 6.86587 6.31233 11.0131 9.0967 8.2625 12.3062 7.43689 7.16728 6.94716 5.82944 5.5335 5.48492 4.96403
threshold=5.2936344969199167 -0.17538163590795167 -0.44381313131313122 407.22500000000008 -4.17063492063492 0.31503759398496245 0.053194722820930525 -0.43316392079839222 0.059612845954409001 -0.12723285486443384 0.23145604395604399 -0.16720430107526876 0.30565250023454366 0.055555555555555573 -0.071045760545955822 -0.19855769230769224 0.24016760556952421
decision_type=8 8 8 10 10 10 8 10 10 8 10 10 10 8 10 8 10
left_child=5 4 -3 13 -2 8 7 -7 9 10 -1 -9 15 -4 -11 -10 -8
right_child=1 2 3 -5 -6 6 16 11 12 14 -12 -13 -14 -15 -16 -17 -18
leaf_value=-0.00094503139238397301 -0.002239323964224296 0.0038615777787283749 -0.0053826035176857178 0.0044065107871609161 0.0072186956085143333 0.0037048194857341667 0.00043292941326557755 -0.001415107674893257 0.0059587492677220417 0.00018729740054070808 -0.0055719482074390297 -0.0062950681608186414 -0.0027770287993055783 -0.001803854846386914 0.001936965563592196 0.0020303216898477439 0.008717907103452785
leaf_weight=203.31932362914085 18.136538699269295 25.005939245223999 89.198913142085075 20.402499914169312 21.284129694104195 25.732937216758728 21.037109404802322 90.544007271528244 57.408994615077972 692.15379557013512 58.186832919716835 70.0023253262043 32.035007759928703 181.22566129267216 359.91233077645302 244.14302380383015 16.713452860713005
leaf_count=862 79 111 389 89 90 112 98 392 239 2900 251 304 136 787 1513 1034 79
internal_value=0.000108222 -0.0014147 -0.00195846 -0.00246652 0.0029022 0.000397753 -0.00140298 -0.00254687 0.000643137 0.000233983 -0.00198603 -0.00356003 0.00225061 -0.00299457 0.000786702 0.00278964 0.00418809
internal_weight=2226.44 355.254 315.833 290.827 39.4207 1871.19 224.03 186.279 1647.16 1313.57 261.506 160.546 333.587 270.425 1052.07 301.552 37.7506
internal_count=9465 1545 1376 1265 169 7920 985 808 6935 5526 1113 696 1409 1176 4413 1273 177
is_linear=0
shrinkage=0.011451


Tree=354
num_leaves=18
num_cat=0
split_feature=7 22 0 10 3 23 4 17 12 7 14 28 19 25 29 27 2
split_gain=8.47565 9.16115 11.0261 10.3588 7.77428 7.38606 6.94376 8.1131 11.5635 10.1078 9.76503 8.30444 8.25251 6.51088 7.16859 4.94411 4.41025
threshold=0.085279110679570294 224.50000000000003 -2.431211498973306 0.17271037142698395 -0.015052019657315839 288.90673705379589 3.3552107966444429 0.054745254745254719 -0.13342803030303033 0.30587116036596024 -0.50691121743753309 -0.026297180580145622 0.33974358974358981 1.5000000000000002 11.350324675324677 -0.008111442132060687 -3.8000000000000109
decision_type=8 10 10 8 8 10 10 10 10 10 8 10 8 2 8 10 10
left_child=1 2 13 4 -4 -5 7 10 11 -10 -2 -9 -12 14 -1 16 -3
right_child=6 15 3 5 -6 -7 -8 8 9 -11 12 -13 -14 -15 -16 -17 -18
leaf_value=-0.00047926997539409486 0.0077600924687979567 -0.0029192059567768091 -0.0046166129064161539 -3.204430534614713e-05 -0.0013188603552928494 0.0065184065015322047 -0.0062244783644685199 0.0004639828088536692 0.0076188033715294222 -0.0012804728459090266 0.0025115388246547792 -0.0086987626211317681 0.00023708056278630638 0.0071781990071403011 0.0035728990654565621 -0.0012547061795393887 -0.01064051040738879
leaf_weight=178.84109216928482 26.914305910468102 17.640572220087051 134.69771321117878 152.76239435374737 307.69631031155586 25.820782646536827 18.733700558543205 19.05620265007019 20.788778692483902 75.540551707148552 286.71184428781271 39.523205935955048 769.36573452502489 22.300220273435116 83.446935206651688 30.336672857403755 22.870797008275986
leaf_count=767 114 80 575 650 1304 110 81 81 90 321 1220 168 3242 97 358 130 100
internal_value=-4.66821e-05 -0.000846703 -0.000534698 -0.00138967 -0.00232835 0.000935662 0.000575058 0.000681234 -0.00176485 0.000679008 0.00103198 -0.00574622 0.000855755 0.00132977 0.000815683 -0.00479277 -0.00737939
internal_weight=2233.05 976.413 905.565 620.977 442.394 178.583 1256.63 1237.9 154.909 96.3293 1082.99 58.5794 1056.08 284.588 262.288 70.848 40.5114
internal_count=9488 4171 3861 2639 1879 760 5317 5236 660 411 4576 249 4462 1222 1125 310 180
is_linear=0
shrinkage=0.011451


Tree=355
num_leaves=18
num_cat=0
split_feature=7 0 1 17 17 12 7 5 25 9 14 19 12 15 24 6 19
split_gain=8.28447 8.69772 8.636 9.62836 6.60037 13.3076 8.92349 8.72547 15.9489 13.0926 11.6285 8.66188 6.46925 8.18011 6.1292 5.43981 5.43061
threshold=0.085279110679570294 -1.9383983572895269 -10.150000000000004 -0.25439560439560432 0.054745254745254719 -0.13342803030303033 0.30587116036596024 0.39752973732536262 -1.4999999999999998 0.240888298657223 -0.36602564102564095 0.25357142857142861 -0.37499999999999989 -0.26527777777777767 1.0000000180025095e-35 0.81380489390316513 0.28730158730158734
decision_type=8 10 10 10 10 10 10 8 2 10 10 8 10 8 2 10 8
left_child=1 14 3 -3 7 -6 -7 10 -9 -10 -2 -12 15 -14 -1 -4 -8
right_child=4 2 12 -5 5 6 16 8 9 -11 11 -13 13 -15 -16 -17 -18
leaf_value=0.00012983606472915211 0.0082743028097278827 -0.0010722427422255928 -0.0010137472481014408 0.0092307950257846071 -0.0057642950504321775 0.0074537167634457831 -0.0036718259863876405 0.0057179380217951877 -3.9843565533343088e-05 -0.0087829184999579247 0.0031797199941173753 -0.00063491853332915129 0.0014861377715721276 -0.0031810540053786155 0.0051955586889651829 0.004559311457632359 0.002342947753318812
leaf_weight=300.40223899483681 38.082635119557381 30.026840873062611 97.413446247577667 18.902883142232895 61.221506670117378 21.259639650583267 40.693219527602196 61.553115516901016 651.85275135189295 22.597793608903885 191.04807060956955 131.33804607391357 55.553666844964027 410.2668282687664 34.306824915111065 29.328720137476921 36.94144831597805
leaf_count=1282 161 130 424 80 260 92 172 259 2740 96 815 564 235 1744 151 125 158
internal_value=-4.61602e-05 -0.000837223 -0.00161741 0.00297826 0.000568508 -0.00159886 0.00100099 0.00088578 0.000170298 -0.000341118 0.00234365 0.00162755 -0.00199979 -0.00262313 0.0006583 0.000292891 -0.000814168
internal_weight=2232.79 976.201 641.492 48.9297 1256.59 160.116 98.8943 1096.47 736.004 674.451 360.469 322.386 592.563 465.82 334.709 126.742 77.6347
internal_count=9488 4171 2738 210 5317 682 422 4635 3095 2836 1540 1379 2528 1979 1433 549 330
is_linear=0
shrinkage=0.011451


Tree=356
num_leaves=18
num_cat=0
split_feature=6 23 29 6 12 28 29 12 31 10 15 15 29 0 12 29 3
split_gain=10.6943 9.86715 9.25163 7.36359 6.95628 7.37586 7.17171 6.69843 5.91614 9.08844 9.85247 7.78536 6.02 5.47166 5.21887 4.91497 4.4695
threshold=-1.7111551765522741 509.44444444444451 13.339285714285717 -3.1740227035267332 0.28165064102564108 0.080958279202572883 1.0000000180025095e-35 -0.40163509735878156 23.182160606342453 -0.28288029036230472 -0.27178030303030293 -0.78888888888888886 -13.468344155844154 1.1649555099247098 -0.66860465116279055 -4.9720779220779212 0.00075563580862614288
decision_type=8 10 8 10 10 10 10 10 2 8 8 8 10 10 10 10 8
left_child=2 8 4 14 5 6 -1 -3 9 12 -11 -10 -2 -13 -4 -7 -5
right_child=1 7 3 16 -6 15 -8 -9 11 10 -12 13 -14 -15 -16 -17 -18
leaf_value=-0.00060520820208015804 0.00050604565369466545 0.010266827313196895 -0.0047499141223787192 -0.0042883562978575443 -0.0054684252397279613 0.0029210311539830894 0.0065064476010959398 0.0014274120666021969 -0.0060822102682157294 0.0042500608104356777 -0.00027930299810140252 0.0021761668371299693 -0.0050735490304482265 -2.4677352333686414e-05 0.0025093701305311171 -0.0035545232317206982 -0.010697462471788561
leaf_weight=35.604132458567619 36.59040193259716 20.373241007328033 28.030860349535942 31.24788498878479 30.137966737151146 20.068640857934952 38.020967155694962 24.684353053569794 18.881732583045959 66.29769504070282 1057.1029179245234 356.11277951300144 81.104920625686646 253.25856505334377 23.150156319141388 59.628434270620346 28.159973129630089
leaf_count=150 156 86 124 132 129 87 161 106 80 281 4440 1575 342 1051 102 264 122
internal_value=-5.32254e-05 0.000259293 -0.00208389 -0.00468946 -0.000502036 0.000493522 0.00309262 0.00551512 0.000130701 -0.000327641 -9.65372e-06 0.00103553 -0.00334578 0.00126245 -0.0014763 -0.00191326 -0.00741084
internal_weight=2208.46 1914.41 294.049 110.589 183.46 153.322 73.6251 45.0576 1869.35 1241.1 1123.4 628.253 117.695 609.371 51.181 79.6971 59.4079
internal_count=9388 8117 1271 480 791 662 311 192 7925 5219 4721 2706 498 2626 226 351 254
is_linear=0
shrinkage=0.011451


Tree=357
num_leaves=18
num_cat=0
split_feature=6 29 27 20 18 11 6 13 8 11 8 3 19 18 12 3 18
split_gain=10.4579 9.05266 7.7831 7.53065 7.281 8.03833 7.20862 6.56534 6.87503 7.44597 7.0615 5.90743 6.07392 5.17462 5.10579 4.38126 3.97205
threshold=-1.7111551765522741 13.339285714285717 -0.29828507790613551 -0.12310606060606059 -0.12712842712842715 -0.054558470142466613 -3.1740227035267332 -0.49509803921568624 -0.076656568499487279 0.0070542557554760252 -0.083869772962587283 0.027098867898208593 inf 0.096230158730158735 -0.66860465116279055 0.00075563580862614288 0.10000000000000001
decision_type=8 8 8 8 8 10 10 8 8 10 10 8 8 10 10 8 8
left_child=1 3 16 13 -5 -6 14 11 10 -10 -9 12 -4 -1 -3 -8 -2
right_child=2 6 7 4 5 -7 15 8 9 -11 -12 -13 -14 -15 -16 -17 -18
leaf_value=0.0075214151379563087 0.0087423264144258096 -0.0047000986140831669 0.009296481322760208 -0.0060415303233097893 -0.0045694422744669474 0.0021037327492961296 -0.0042417837873529518 -0.0010743545449020508 -0.00020735899007189376 0.0015679714336979348 -0.0074619262939217713 -0.00098918037981611637 0.001689690020498989 -0.00042068038463704752 0.0024805646002602701 -0.010589467363224673 0.0017303155908160218
leaf_weight=21.694006323814392 19.711044475436211 28.010709881782532 26.646477833390236 37.522718816995621 35.400846689939499 68.215077504515648 31.236561670899391 257.75303164124489 1071.2743690609932 435.06587864458561 24.268837094306946 28.037329867482185 28.481720238924026 20.604851171374321 23.158462092280388 28.128348991274834 22.92840376496315
leaf_count=93 84 124 113 161 158 290 132 1091 4501 1882 102 123 123 89 102 122 98
internal_value=-5.26598e-05 -0.00206103 0.000256386 -0.000496365 -0.00176718 -0.000190737 -0.00463925 0.000145285 -1.52774e-06 0.000305861 -0.00164023 0.00327735 0.00543322 0.00370581 -0.00146007 -0.00733315 0.00505596
internal_weight=2208.14 293.972 1914.17 183.438 141.139 103.616 110.534 1871.53 1788.36 1506.34 282.022 83.1655 55.1282 42.2989 51.1692 59.3649 42.6394
internal_count=9388 1271 8117 791 609 448 480 7935 7576 6383 1193 359 236 182 226 254 182
is_linear=0
shrinkage=0.011451


Tree=358
num_leaves=16
num_cat=0
split_feature=19 6 4 3 27 23 0 10 9 19 31 4 9 13 1
split_gain=8.534 7.62984 7.62629 7.48621 6.91331 6.73671 11.7296 6.16416 5.60285 5.51122 5.15241 3.94595 3.94469 3.35863 4.49133
threshold=0.56186868686868696 0.019721189438631024 0.5471836050219715 0.074618096357226896 0.17168338811160758 119.01018893387324 6.07939767282683 -0.18298994030100693 0.50025641025641032 -0.96153846153846145 -83.956534356055144 1.3366243817601413 -0.032306333386067608 1.0000000180025095e-35 -1.0000000180025095e-35
decision_type=10 10 10 8 10 10 10 8 10 8 2 10 8 10 10
left_child=1 8 13 5 -5 7 -7 -3 9 12 -11 -4 -1 14 -2
right_child=2 3 11 4 -6 6 -8 -9 -10 10 -12 -13 -14 -15 -16
leaf_value=0.0076104274844233178 -0.0026195682485233283 -0.0017502164626313024 0.0043377270615334619 0.010298308625843775 0.00079834079894211334 0.0036665921892998429 -0.0039409271078782605 0.0011816021040843743 -0.0058576097466580728 -0.0030165296135941993 8.335933895833617e-05 -0.0019457697758944233 0.00044505242733710606 -0.0020204510418474942 -0.010253193763099799
leaf_weight=20.515602469444275 17.975565060973167 135.54154811799526 21.757114425301552 22.426448971033096 17.991223573684692 203.44367332011461 30.000037387013435 303.12646594643593 20.822189226746559 73.85507345199585 1244.227549135685 30.923378616571426 19.381744205951691 29.54344929754734 24.299464195966721
leaf_count=87 79 574 92 105 82 871 127 1291 88 341 5238 131 82 124 105
internal_value=0.000267995 0.00044169 -0.00263662 0.00140324 0.00615066 0.00111197 0.00268056 0.000274442 -5.56485e-05 3.61279e-05 -9.17628e-05 0.000670972 0.0041937 -0.00504677 -0.00709786
internal_weight=2215.83 2091.33 124.499 712.529 40.4177 672.112 233.444 438.668 1378.8 1357.98 1318.08 52.6805 39.8973 71.8185 42.275
internal_count=9417 8886 531 3050 187 2863 998 1865 5836 5748 5579 223 169 308 184
is_linear=0
shrinkage=0.011451


Tree=359
num_leaves=15
num_cat=0
split_feature=19 4 6 26 3 21 3 3 28 0 28 29 28 4
split_gain=8.34682 7.46391 7.4594 8.22009 7.33291 10.8526 5.95934 6.39725 6.34198 5.67697 5.56652 5.29182 4.43005 3.85895
threshold=0.56186868686868696 0.5471836050219715 0.019721189438631024 -1.9148639121672859 0.074618096357226896 1.0000000180025095e-35 0.040958806442408686 0.028556921782182391 0.024719496192692553 11.620807665982209 0.074710936834762529 9.5004273504273531 -0.069517648383978073 1.3366243817601413
decision_type=10 10 10 8 8 2 10 10 10 10 10 10 10 10
left_child=2 10 3 -1 6 -6 7 -4 -8 11 12 -5 -2 -3
right_child=1 13 4 9 5 -7 8 -9 -10 -11 -12 -13 -14 -15
leaf_value=0.0070743565122150026 -0.0036888128993907096 0.004290174891124994 0.0011825986105919069 0.00013463711399778989 -4.5871460382258569e-05 0.011740076472902128 0.00073653985495089668 0.005639247423262138 -0.0053163336569252342 -0.0063416291947610446 -0.00016909967302144316 -0.0025341929378583936 -0.010622118324824292 -0.0019239062972199793
leaf_weight=20.222798183560371 26.128218531608582 21.753731027245522 530.8670903518796 1234.8408867567778 19.674535825848579 20.699815228581429 60.154926806688309 45.310481950640678 35.659356147050858 18.570534288883209 21.916974455118179 105.09837256371975 23.727724641561508 30.924194291234016
leaf_count=87 111 92 2258 5216 87 100 260 194 151 86 96 447 101 131
internal_value=0.000264949 -0.00260821 0.000436716 -5.5019e-05 0.0013876 0.00608876 0.00109943 0.00153914 -0.00153721 -0.000164544 -0.00499371 -7.58423e-05 -0.0070846 0.000663662
internal_weight=2215.55 124.451 2091.1 1378.73 712.366 40.3744 671.992 576.178 95.8143 1358.51 71.7729 1339.94 49.8559 52.6779
internal_count=9417 531 8886 5836 3050 187 2863 2452 411 5749 308 5663 212 223
is_linear=0
shrinkage=0.011451


Tree=360
num_leaves=15
num_cat=0
split_feature=22 7 18 7 0 5 25 22 25 0 5 18 27 6
split_gain=9.48173 11.9561 9.05881 8.47381 8.63095 6.42398 7.79408 6.27998 6.22039 5.5979 4.85908 4.51798 4.58491 4.38213
threshold=-230.49999999999997 -0.14814187515306812 -0.30056818181818173 1.8761733416770967 12.191649555099248 2.8243139985878583 -5.4999999999999991 -42.499999999999993 -1.0000000180025095e-35 -1.5509924709103353 -0.62810331613873938 0.80909090909090919 0.097171668116874263 0.27295877129608775
decision_type=8 10 10 10 10 10 2 10 2 10 10 8 10 10
left_child=1 2 -1 4 5 6 -2 -7 -3 10 -5 12 -11 -10
right_child=3 8 -4 9 -6 7 -8 -9 13 11 -12 -13 -14 -15
leaf_value=0.0036383470310194545 0.0073808794082043062 0.010350997816899328 -0.0062083116287220486 0.0035638470921650917 -0.0068299361354185878 0.0018082129839468118 0.00010292081748418291 -0.0049013038502225791 2.1332911342956139e-05 -0.011858596453905267 -0.003494666958488261 -0.0010131994824886085 -0.0038483716416957822 0.0064271802699692755
leaf_weight=22.749962836503983 18.834464579820633 24.929125383496284 25.107051819562912 21.205951794981956 23.63906928896904 25.299109548330307 1860.2117961719632 62.763827927410603 26.128217548131943 19.240663722157478 30.161783829331398 18.142619416117668 19.489324331283569 29.52306441962719
leaf_count=99 81 109 109 94 107 109 7877 278 113 83 126 78 82 133
internal_value=-3.24121e-05 0.00297969 -0.00154171 -0.000217605 -4.74431e-05 3.63359e-05 0.000178447 -0.00297466 0.00565564 -0.00332788 -0.000572449 -0.00578135 -0.00796032 0.00345528
internal_weight=2227.43 128.437 47.857 2098.99 1990.75 1967.11 1879.05 88.0629 80.5804 108.24 51.3677 56.8726 38.73 55.6513
internal_count=9478 563 208 8915 8452 8345 7958 387 355 463 220 243 165 246
is_linear=0
shrinkage=0.011451


Tree=361
num_leaves=14
num_cat=0
split_feature=22 7 18 7 0 3 31 25 31 2 10 6 4
split_gain=9.27745 11.705 8.85782 8.29146 8.45602 6.35177 7.00078 6.10232 5.75257 5.59066 5.35308 4.29335 3.55625
threshold=-230.49999999999997 -0.14814187515306812 -0.30056818181818173 1.8761733416770967 12.191649555099248 0.082256325722200943 29.266841744174034 -1.0000000180025095e-35 25.880024860076791 5.049999999999998 -0.13691137275919971 0.27295877129608775 -0.34657049101900922
decision_type=8 10 10 10 10 10 2 2 2 10 10 10 10
left_child=1 2 -1 4 5 6 -2 -3 9 12 -10 -9 -5
right_child=3 7 -4 8 -6 -7 -8 11 10 -11 -12 -13 -14
leaf_value=0.0035993035891026424 -0.00046746258857499243 0.010253822042457828 -0.0061382090775666505 -0.010643400501858788 -0.0067667848180186134 0.0056276194264201773 0.0010649866134674888 2.1094650526649806e-05 -0.0044437381797454347 -0.00070220018626942886 0.0035473706945620305 0.0063636776799130112 -0.0038295583955848876
leaf_weight=22.740648567676544 1399.832669660449 24.88375149667263 25.110553711652756 24.405206888914108 23.592914909124374 25.619430780410767 541.58603639900684 26.12816010415554 19.285669788718224 22.05370868742466 23.820086061954498 29.483072847127914 18.618979692459106
leaf_count=99 5909 109 109 105 107 110 2326 113 83 93 103 133 79
internal_value=-3.20616e-05 0.00294853 -0.00152463 -0.000215203 -4.69133e-05 3.59375e-05 -3.97468e-05 0.00559838 -0.00329267 -0.00542434 -4.10296e-05 0.00341904 -0.00779749
internal_weight=2227.16 128.346 47.8512 2098.81 1990.63 1967.04 1941.42 80.495 108.184 65.0779 43.1058 55.6112 43.0242
internal_count=9478 563 208 8915 8452 8345 8235 355 463 277 186 246 184
is_linear=0
shrinkage=0.011451


Tree=362
num_leaves=15
num_cat=0
split_feature=10 5 21 2 8 21 5 15 8 11 19 27 30 19
split_gain=8.47013 10.114 8.9791 15.9885 12.3933 8.01388 7.1968 10.7384 7.32717 5.11231 5.83693 6.20997 3.94767 3.75337
threshold=0.52687594535829085 1.6691272031037305 -1.0000000180025095e-35 25.399999999999995 0.15135718249786428 -1.4999999999999998 -2.407864097280195 -0.14248120300751876 -0.0083688404252350839 -0.16598843759110746 -0.42261904761904751 -0.11139898760807454 -0.46360342555994721 -0.61607142857142849
decision_type=10 10 2 8 8 2 8 8 8 8 10 10 10 10
left_child=1 2 3 4 -1 -5 7 -4 -8 13 12 -12 -11 -3
right_child=-2 9 6 5 -6 -7 8 -9 -10 10 11 -13 -14 -15
leaf_value=0.00091212539251939563 0.0060187123470237299 0.0041395055854990346 -0.0023695939156106118 -0.0089630260364924799 -0.0021762934235512741 -0.0010512558972803994 -0.00067306008380773165 0.006669538925807279 0.0013756126745243873 -0.0026734843094661019 0.0012258742992171236 -0.0041674512839997733 -0.008212448465839732 -0.0019562389528196295
leaf_weight=509.37468352913857 30.749085456132889 24.447859689593315 23.492703139781952 41.736357718706131 255.17255102097988 28.115170031785965 340.22757697105408 61.211657583713531 696.98871507495642 31.819609239697456 55.227221846580505 55.626016601920128 37.624343261122704 27.436523631215096
leaf_count=2158 133 108 101 192 1074 121 1442 271 2929 140 240 240 164 121
internal_value=0.000114671 2.99206e-05 0.000298348 -0.000600951 -0.000119646 -0.00581835 0.000967138 0.00416361 0.000703607 -0.00222621 -0.00313516 -0.00148917 -0.00572373 0.00093205
internal_weight=2219.25 2188.5 1956.32 834.399 764.547 69.8515 1121.92 84.7044 1037.22 232.182 180.297 110.853 69.444 51.8844
internal_count=9434 9301 8288 3545 3232 313 4743 372 4371 1013 784 480 304 229
is_linear=0
shrinkage=0.011451


Tree=363
num_leaves=15
num_cat=0
split_feature=10 5 21 3 13 25 0 21 11 13 15 11 22 3
split_gain=8.28129 9.88918 8.7773 15.4469 14.4909 7.97856 11.4321 6.37228 5.00117 6.21107 4.86598 4.19327 5.49017 5.03597
threshold=0.52687594535829085 1.6691272031037305 -1.0000000180025095e-35 -0.059061957151129212 -0.33095238095238094 -1.0000000180025095e-35 -8.3586584531143018 -1.4999999999999998 -0.16598843759110746 -0.33095238095238094 -0.0068815987933634947 0.041106836501573325 -70.499999999999986 -0.013123800835115105
decision_type=10 10 2 10 8 2 10 2 8 10 8 10 10 8
left_child=1 2 3 7 -5 10 -7 -1 9 -3 -4 12 -10 -13
right_child=-2 8 5 4 -6 6 -8 -9 11 -11 -12 13 -14 -15
leaf_value=-0.0068216408119658187 0.005951118748893181 0.0057706656279789227 0.00014620278191778218 0.0056536401509649746 -0.00046113365292570077 0.0069513327091634035 0.00035637192578108858 -0.00096761132295779869 -0.00025834950564551391 -0.0022404792645966207 0.0049170093642094438 0.0043307094597908949 -0.0054303313408910698 -0.0034879993707579988
leaf_weight=66.363936811685562 30.749752551317215 20.267052240669727 39.388778045773506 54.290074184536934 674.90444733202457 35.105320371687412 950.37234156578779 38.712705969810486 36.657111406326294 31.628138482570648 96.935057118535042 19.088374048471451 101.299306422472 23.177929073572159
leaf_count=300 133 92 170 230 2850 159 3998 165 158 137 416 82 445 99
internal_value=0.000113331 2.95176e-05 0.000294944 -0.000594269 -1.15582e-06 0.000956202 0.000595815 -0.00468446 -0.00220172 0.000921491 0.00354593 -0.00310113 -0.00406386 5.54415e-05
internal_weight=2218.94 2188.19 1956.07 834.271 729.195 1121.8 985.478 105.077 232.118 51.8952 136.324 180.223 137.956 42.2663
internal_count=9434 9301 8288 3545 3080 4743 4157 465 1013 229 586 784 603 181
is_linear=0
shrinkage=0.011451


Tree=364
num_leaves=18
num_cat=0
split_feature=31 24 14 4 15 11 11 4 0 15 3 3 4 22 0 6 17
split_gain=11.1348 17.0407 8.25702 8.175 7.57722 7.50898 7.15335 6.73146 6.46769 10.4976 6.41803 6.35739 8.87242 5.90974 5.66414 7.50047 5.86315
threshold=-17.97351701142895 1.0000000180025095e-35 0.60158730158730178 -1.0491342563556083 0.066826156299840539 0.066480461795249704 0.15821541431217803 -2.9263188894270358 -1.4387405886379196 0.10597147950089128 -0.042870219414644077 0.055016310770407868 -1.1518095652881102 34.500000000000007 8.3148528405201922 0.11078897720422655 -0.10263157894736842
decision_type=2 2 10 8 10 10 10 10 10 8 8 10 10 10 8 10 8
left_child=1 4 3 11 6 -4 13 -6 -3 -10 -9 12 -2 -1 16 -16 -5
right_child=2 8 5 14 7 -7 -8 10 9 -11 -12 -13 -14 -15 15 -17 -18
leaf_value=-0.0029525761915127468 8.6177129604431108e-05 0.0094723572403250314 -0.0078225554359727459 0.0038284196630713032 0.0060922750711932296 0.0010670357582209971 -0.0086171082490158184 0.0039320300333852212 -0.0039670468638336748 0.0061645679510054577 -0.0014370987482511339 -0.0072984437543711263 -0.0077454370818220188 0.00044588521615956451 -0.0042411892035234301 0.0041118297665016868 0.001044227610016802
leaf_weight=329.46795192360878 212.88376943767071 20.210727974772453 28.21197697520256 110.04734668135643 20.089229434728622 21.667094975709915 24.072608560323715 33.20405600219965 22.515796154737473 31.28929802775383 211.48457162082195 19.618276029825211 20.159636691212654 84.010188370943069 51.757608994841576 18.688701137900352 965.77204919606447
leaf_count=1411 898 83 118 466 88 94 102 143 97 135 911 82 84 367 222 80 4082
internal_value=-4.28369e-05 -0.00114886 0.000550081 0.000714047 -0.00170047 -0.00399762 -0.00262458 -0.000170604 0.00405392 0.00192811 -0.00069986 -0.00114831 -0.000611346 -0.00226247 0.00112498 -0.00200755 0.00133121
internal_weight=2225.15 776.344 1448.81 1398.93 702.329 49.8791 437.551 264.778 74.0158 53.8051 244.689 252.662 233.043 413.478 1146.27 70.4463 1075.82
internal_count=9463 3337 6126 5914 3022 212 1880 1142 315 232 1054 1064 982 1778 4850 302 4548
is_linear=0
shrinkage=0.011451


Tree=365
num_leaves=17
num_cat=0
split_feature=31 24 8 14 4 4 3 15 15 19 1 0 15 12 10 3
split_gain=10.8807 16.6608 8.09718 8.04212 10.1204 8.13319 8.15525 7.50973 7.41158 10.3543 8.59934 6.33591 10.2563 5.74562 4.53167 5.70925
threshold=-17.97351701142895 1.0000000180025095e-35 -0.19957651674646698 0.60158730158730178 0.32929200970129219 -1.0491342563556083 0.04594404946117598 0.066666666666666693 0.066826156299840539 0.038690476190476185 -5.1000000000000076 -1.4387405886379196 0.10597147950089128 -0.41619850187265911 0.34737104725706358 0.042813836628213815
decision_type=2 2 8 10 8 8 10 8 10 10 10 10 8 8 10 8
left_child=1 8 7 5 -5 6 -4 -2 14 10 -10 -3 -13 -7 15 -1
right_child=2 11 3 4 -6 13 -8 -9 9 -11 -12 12 -14 -15 -16 -17
leaf_value=-0.0015745960989694552 -0.0069529050192719136 0.0093740328406428999 -0.00036263043823483207 0.0010864850067942859 -0.0095798143748742799 0.0052260315516519393 -0.0075629495648615363 0.0016517773704347297 -0.0054755814960730665 0.0067010048465001798 0.0001174937575280193 -0.0039257206186891344 0.0060884011911226206 0.0011102648982110749 -0.0071520474797892577 -0.0048425721777679859
leaf_weight=321.60156068205833 34.55398254096508 20.195893153548241 209.66398775577545 24.431753888726234 21.449846521019936 45.811839893460274 22.224503979086876 21.025068610906601 43.500173300504684 25.305242046713829 195.97072938084602 22.499348819255829 31.326031059026718 1069.4966684803367 26.351369813084602 89.455421194434166
leaf_count=1370 146 83 883 103 92 194 93 90 191 109 842 97 135 4525 114 396
internal_value=-4.23804e-05 -0.00113583 0.00054375 0.000715415 -0.00396545 0.000876703 -0.0010723 -0.00371672 -0.00168137 -0.000168411 -0.000910802 0.00400838 0.0019056 0.00128232 -0.00259557 -0.00229243
internal_weight=2224.86 776.206 1448.66 1393.08 45.8816 1347.2 231.888 55.5791 702.184 264.776 239.471 74.0213 53.8254 1115.31 437.408 411.057
internal_count=9463 3337 6126 5890 195 5695 976 236 3022 1142 1033 315 232 4719 1880 1766
is_linear=0
shrinkage=0.011451


Tree=366
num_leaves=18
num_cat=0
split_feature=23 1 23 8 14 9 31 10 9 23 9 26 4 8 15 11 20
split_gain=8.15691 9.66289 11.5136 7.83886 9.81595 9.00335 7.87012 7.38229 13.4551 7.36113 7.56954 7.2727 7.17506 6.84669 6.09904 4.78622 4.75668
threshold=252.54166666666666 5.049999999999998 323.75833333333338 -0.0025140125604773129 -0.60158730158730156 0.60136986301369877 38.312127837189344 0.29986824769433473 0.16666666666666674 569.64285714285722 -0.42738916256157627 -0.53013166790707433 -0.78735028954339048 0.15679840510087742 0.31622807017543869 0.074982761687048774 -0.12916666666666662
decision_type=10 8 10 8 8 10 2 10 8 10 10 8 10 10 8 10 10
left_child=3 2 16 4 -1 6 11 14 -9 10 -4 -5 -11 -8 -6 -3 -2
right_child=1 15 9 5 7 -7 13 8 -10 12 -12 -13 -14 -15 -16 -17 -18
leaf_value=0.0051424156934528299 0.0019535290354895404 0.0035477304496135168 0.0014480884138128286 0.0036963411480059809 -0.0016052512273189449 -0.0055862205331464951 0.0028752451742478798 0.0054151831991149472 -0.0039080271495024249 -0.0016624205551532892 -0.0044857116409547934 -0.0002703250929365039 0.0078727117140911414 -0.0022557235290483358 -0.0057694185701385866 0.010427835235776858 0.0077230240379107563
leaf_weight=29.84517015516758 44.698461025953293 40.487594604492188 43.718642607331276 64.337156370282173 490.76227740943432 32.123598858714104 244.93076965212822 49.572026580572128 33.455430418252945 19.73997475206852 77.386817306280136 896.48616518080235 20.652302518486977 39.096165165305138 50.420662298798561 19.969211980700493 32.400702357292175
leaf_count=128 192 173 186 271 2095 140 1068 212 142 84 331 3756 89 174 221 89 138
internal_value=8.79491e-05 0.00184558 0.000802531 -0.00018479 -0.00120357 0.000337377 0.000493127 -0.00151212 0.00165725 -0.000937038 -0.00234741 -2.35077e-06 0.00326121 0.00216536 -0.0019998 0.00590869 0.0044233
internal_weight=2230.08 299.054 238.597 1931.03 654.056 1276.97 1244.85 624.21 83.0275 161.498 121.105 960.823 40.3923 284.027 541.183 60.4568 77.0992
internal_count=9489 1282 1020 8207 2798 5409 5269 2670 354 690 517 4027 173 1242 2316 262 330
is_linear=0
shrinkage=0.011451


Tree=367
num_leaves=18
num_cat=0
split_feature=23 1 23 8 12 18 9 31 4 12 9 30 23 9 4 11 18
split_gain=7.97892 9.45748 11.2574 7.66099 10.5362 10.4609 9.76439 8.88716 7.58536 9.99473 7.26402 7.49708 7.1985 7.39934 7.02274 6.94457 6.59277
threshold=252.54166666666666 5.049999999999998 323.75833333333338 -0.0025140125604773129 -0.50115207373271875 0.33578431372549028 0.60136986301369877 30.453032781019264 2.0404859451663291 -0.19989621172807467 -0.13840072970507747 -0.46360342555994721 569.64285714285722 -0.42738916256157627 -0.78735028954339048 0.11516941064185161 -0.33150183150183138
decision_type=10 8 10 8 8 8 10 2 8 8 8 10 10 10 10 10 10
left_child=3 2 16 5 -5 10 7 -6 9 -7 11 -1 13 -4 -14 -12 -2
right_child=1 -3 12 4 6 8 -8 -9 -10 -11 15 -13 14 -15 -16 -17 -18
leaf_value=-0.0040899069359814919 0.001748799419160917 0.0058470242979792352 0.0014317697481832068 0.0064302589610616499 -0.00029704447411125888 -0.0025735881342492306 -0.0061268352112576058 0.0018789141852057815 -0.0060141056928613426 0.0032121553332645721 -0.0039637238473392497 0.0017285598979688659 -0.001644177855101045 -0.0044350194128903462 0.0077911682955946653 0.00056043728452907185 0.00865852334439292
leaf_weight=40.663355454802513 48.367644876241684 60.412714004516602 43.718155965209007 35.455959990620613 867.60767856240273 53.935254395008087 30.948541387915611 342.85476077347994 18.256359860301018 138.3399159014225 252.00559462606907 96.993992939591408 19.737811580300331 77.382657200098038 20.636513486504555 53.813292801380157 28.713553383946419
leaf_count=176 207 262 186 151 3633 237 135 1490 78 592 1074 413 84 331 89 228 123
internal_value=8.70367e-05 0.00182565 0.000793889 -0.000182697 0.000333535 -0.00118989 0.000156068 0.000319971 0.000910082 0.00158593 -0.00218668 -1.54893e-06 -0.000926285 -0.00232081 0.00322644 -0.00316814 0.00437461
internal_weight=2229.84 298.969 238.556 1930.87 1276.87 654.008 1241.41 1210.46 210.532 192.275 443.476 137.657 161.475 121.101 40.3743 305.819 77.0812
internal_count=9489 1282 1020 8207 5409 2798 5258 5123 907 829 1891 589 690 517 173 1302 330
is_linear=0
shrinkage=0.011451


Tree=368
num_leaves=15
num_cat=0
split_feature=19 6 7 11 23 5 5 11 19 29 9 15 31 6
split_gain=6.82452 7.79351 9.01629 8.18961 9.48264 7.08334 5.89867 5.21989 5.21644 13.8151 13.2245 5.0972 6.08103 4.65174
threshold=-0.86190476190476184 -1.2912269681905613 -1.9313209417568313 -0.16236114180516945 58.371212121212103 1.770556680449457 0.014954296402494018 0.078403460681073914 0.042261904761904771 -7.8574862637362619 0.0076144094001237015 -0.29857142857142854 54.212082000341873 -0.06442659427251983
decision_type=8 8 8 8 10 10 10 10 10 10 8 8 2 10
left_child=7 8 6 4 -4 -5 -3 13 11 -10 -11 -2 -13 -1
right_child=1 2 3 5 -6 -7 -8 -9 9 10 -12 12 -14 -15
leaf_value=0.0048715982936718537 0.0035416715516855975 0.00065132141668941144 0.001097598582410811 0.00018774974516038464 0.0085837398977458585 -0.0029838672839905965 0.0078963752086670096 0.0083492361039435772 -0.0059473404134848182 0.0081690784686106292 -0.0029129065726320076 -0.0030620226542466553 0.0030659116827603389 -0.0019987308430453876
leaf_weight=26.253489270806313 18.646703332662582 26.462923884391785 78.251518562436104 1527.2444296628237 30.440847933292389 97.611339524388313 32.956590950489044 20.836584031581879 25.236534714698792 37.263924352824688 22.056332156062126 255.04116731137037 22.63163897395134 24.322638273239136
leaf_count=111 79 114 334 6469 129 419 139 93 112 160 93 1101 96 104
internal_value=0.000150275 3.53261e-05 0.000351447 0.000200223 0.00323351 -3.92028e-06 0.00471251 0.00361688 -0.00145083 0.00105159 0.00406194 -0.00216567 -0.00255646 0.00158446
internal_weight=2245.26 2173.84 1792.97 1733.55 108.692 1624.86 59.4195 71.4127 380.876 84.5568 59.3203 296.32 277.673 50.5761
internal_count=9553 9245 7604 7351 463 6888 253 308 1641 365 253 1276 1197 215
is_linear=0
shrinkage=0.011451


Tree=369
num_leaves=12
num_cat=0
split_feature=25 19 31 7 25 12 8 1 26 16 12
split_gain=6.83288 6.42916 5.5879 5.58855 4.76932 5.7293 4.48442 9.80492 8.20248 3.71397 1.86334
threshold=5.5000000000000009 -0.86190476190476184 96.177753248932518 0.45821335060608825 -1.0000000180025095e-35 1.0000000180025095e-35 0.0083688404252350874 12.700000000000005 0.57356931415750345 1.5000000000000002 0.16169043374925726
decision_type=2 8 2 8 2 8 10 10 10 2 8
left_child=1 4 6 10 5 -1 8 -8 -3 -5 -4
right_child=-2 2 3 9 -6 -7 7 -9 -10 -11 -12
leaf_value=0.0019321502804413465 -0.0060320126788553441 -0.00012888422416667037 0.0033538159249679417 -0.0037462716437993053 0.00010863445298745664 0.010486443811955811 0.0009602977048558314 -0.006809807067787184 -0.0033634011935257083 0.0035406577562476587 0.0086723663928746225
leaf_weight=21.693244472146034 22.549968615174294 1250.1391428112984 17.337348833680153 17.434182077646255 30.213707432150841 19.481466203927994 696.00253311544657 21.310006536543369 111.36103624105453 17.93331153690815 19.664699070155621
leaf_count=93 97 5291 79 81 130 85 2962 91 472 80 92
internal_value=0.000148661 0.000213148 0.00010042 0.00321367 0.00357787 0.00608153 -8.9509e-06 0.00072339 -0.000394952 -5.42244e-05 0.00628321
internal_weight=2245.12 2222.57 2151.18 72.3695 71.3884 41.1747 2078.81 717.313 1361.5 35.3675 37.002
internal_count=9553 9456 9148 332 308 178 8816 3053 5763 161 171
is_linear=0
shrinkage=0.011451


Tree=370
num_leaves=16
num_cat=0
split_feature=0 25 24 9 10 9 18 23 23 7 22 12 1 21 14
split_gain=6.74096 5.76334 10.8418 9.58742 9.31235 6.77322 8.23612 6.12515 6.32972 6.05436 9.27326 7.70769 5.03845 4.86229 3.94833
threshold=12.191649555099248 1.0000000180025095e-35 1.0000000180025095e-35 -0.29858534322820035 0.2105115986164374 0.63714733542319768 0.75811688311688319 -243.49679487179483 -294.60714285714278 -0.14814187515306812 154.50000000000003 -0.43159536541889482 -2.5499999999999967 1.0000000180025095e-35 0.11111111111111113
decision_type=8 2 2 10 10 10 10 8 10 8 10 8 10 2 8
left_child=1 2 5 14 -5 6 -1 8 12 10 -9 -11 -3 -2 -4
right_child=13 7 3 4 -6 -7 -8 9 -10 11 -12 -13 -14 -15 -16
leaf_value=0.00021008284940866976 -0.0088028971460310922 -0.0064174663933653023 0.011498291372143235 0.00010195565509237826 0.0086507881617038235 -0.00480697656533236 0.0053080491547939351 -0.0010015301556355561 -0.0085142192822657455 0.0072174143419788993 -0.0089218596256655271 0.00015845095741345207 0.00043885011672095128 -0.00074111639944416101 0.004420515127322785
leaf_weight=1369.4346889704466 18.099632114171982 19.520343512296677 20.86686073243618 93.257465973496437 19.697051078081131 33.342379584908485 42.19523249566555 151.92237211018801 23.626395791769028 20.975120037794113 21.59795930981636 324.50748048722744 46.032110594213009 20.840390041470528 22.500451177358627
leaf_count=5798 80 83 90 403 85 144 179 648 102 89 94 1381 200 95 99
internal_value=0.000109755 0.000193629 0.000554019 0.00341212 0.00163447 0.000243398 0.000364886 -0.000754818 -0.00351546 -0.000276586 -0.00201756 0.000600016 -0.00164663 -0.0045729 0.0079479
internal_weight=2248.42 2209.48 1601.29 156.322 112.955 1444.97 1411.63 608.182 89.1788 519.003 173.52 345.483 65.5525 38.94 43.3673
internal_count=9570 9395 6798 677 488 6121 5977 2597 385 2212 742 1470 283 175 189
is_linear=0
shrinkage=0.011451


Tree=371
num_leaves=13
num_cat=0
split_feature=5 6 4 14 23 6 6 18 14 12 30 23
split_gain=7.123 8.63633 8.7805 7.75226 7.17406 7.05379 6.39778 5.82065 5.71055 4.23111 3.49275 2.17177
threshold=2.5238067047730648 0.53167116278286286 0.59934790002675298 -0.59545454545454535 -580.61904761904748 2.6680447461172201 -2.2576180845677754 0.83974358974358987 0.42583333333333334 -0.05257841573631044 -0.09987212276214831 -77.19615384615382
decision_type=10 8 10 8 8 10 10 10 10 8 10 10
left_child=3 2 11 9 -5 7 -4 -6 -7 -1 -8 -2
right_child=1 -3 6 4 5 8 10 -9 -10 -11 -12 -13
leaf_value=0.00087612999647521377 -0.0085420346285432647 -0.0083409190446214129 0.0067532258016807546 -0.0055531496861544183 -1.5890116302616367e-05 0.0016593116849702451 0.0017091385503078831 0.0060824324766431768 0.0078568065393717097 0.0070933525547313787 -0.0043632604622525651 -0.0026566731525790289
leaf_weight=25.825281023979187 16.987515762448311 25.75161848962307 19.691606193780899 27.8507010191679 1878.3747147023678 111.64848619699478 28.851550981402397 20.086971282958984 23.11901481449604 32.252895668148994 20.821703359484673 17.016692698001862
leaf_count=111 79 110 86 119 7964 487 125 85 101 135 89 79
internal_value=0.0001085 -0.00249568 -0.000995638 0.000267904 0.000150949 0.000230867 0.0013446 5.07341e-05 0.00275572 0.00436985 -0.000860182 -0.00570391
internal_weight=2248.28 129.121 103.369 2119.16 2061.08 2033.23 69.3649 1898.46 134.768 58.0782 49.6733 34.0042
internal_count=9570 568 458 9002 8756 8637 300 8049 588 246 214 158
is_linear=0
shrinkage=0.011451


Tree=372
num_leaves=18
num_cat=0
split_feature=4 14 5 11 28 14 13 18 13 29 2 3 30 4 6 10 0
split_gain=7.13647 10.7873 7.32973 10.1259 7.21103 8.17858 7.68356 7.74753 7.08009 6.86893 6.74151 6.51989 6.25939 6.24829 6.80443 6.09477 2.63852
threshold=-0.27045499839701098 0.58368347338935589 1.1272217340373494 0.10738338414743644 -0.2741259641401404 -0.17825814536340848 0.14354395604395612 -0.66190476190476166 0.32379032258064527 -9.5889894419306163 10.10000000000001 -0.028281175176202097 0.86277056277056285 -2.2192295014232513 1.4084620773928354 -0.19032883734673564 -1.3429158110882982
decision_type=10 8 10 8 8 10 10 10 10 8 10 10 10 8 10 8 10
left_child=4 2 8 9 -1 13 10 -8 12 -4 -7 -10 -2 15 -15 -6 -3
right_child=1 16 3 -5 5 6 7 -9 11 -11 -12 -13 -14 14 -16 -17 -18
leaf_value=0.0053181087034704574 0.0020946509669683574 -0.0019744129498673276 0.0050346002552610764 0.0056064102002432734 0.00017170540747586709 -0.00295799413510241 -0.0039053877595182501 0.0025961801377308207 0.0033907478867246737 -0.0018206438730286433 0.0024354033787053584 -0.0024854800824976983 0.0071261421346166965 0.00012399157200230384 -0.0054651613702160103 0.007800443364644848 -0.0079249402148402724
leaf_weight=27.32340569794178 452.3898860514164 20.619838923215866 20.366808742284775 31.64641697704792 28.166435763239861 348.75085470825434 32.397507473826408 87.503183454275131 35.021376751363277 218.34685555100441 32.790920421481133 80.304048992693424 34.440971672534943 694.6055761128664 29.123267590999603 26.190839752554893 18.980116903781891
leaf_count=116 1918 91 86 134 122 1487 139 376 156 933 139 353 146 2921 123 114 80
internal_value=0.00010986 0.000886832 0.00115345 -0.000412235 -0.000432602 -0.000558094 -0.00169747 0.000827628 0.0018561 -0.00122344 -0.00249105 -0.000691843 0.00245981 0.000177004 -0.000105713 0.00389712 -0.00490997
internal_weight=2218.97 912.116 872.516 270.36 1306.85 1279.53 501.442 119.901 602.156 238.714 381.542 115.325 486.831 778.086 723.729 54.3573 39.6
internal_count=9434 3897 3726 1153 5537 5421 2141 515 2573 1019 1626 509 2064 3280 3044 236 171
is_linear=0
shrinkage=0.011451


Tree=373
num_leaves=18
num_cat=0
split_feature=8 9 12 14 28 4 14 8 12 27 13 13 14 26 14 19 7
split_gain=8.49211 8.53365 8.45253 9.3205 8.89104 7.59536 12.076 12.5333 8.12065 9.72479 7.63311 7.42982 6.02734 6.01821 6.68561 5.77252 5.1089
threshold=-0.0062980331063800235 0.53879598662207362 0.44009569377990432 0.57359307359307365 0.14539465564694234 -0.94354002414944216 -0.11326979472140762 -0.14073853120288482 -0.1818181818181818 0.24645838605391995 0.30860805860805868 -0.22163742690058477 0.14311974789915968 -1.0000000180025095e-35 -0.29880952380952369 -0.22361111111111109 0.57911123693481836
decision_type=10 10 10 10 10 8 10 8 8 10 10 10 8 10 8 10 10
left_child=5 2 3 4 -2 6 13 15 16 10 -10 -9 -4 14 -1 -8 -7
right_child=1 -3 12 -5 -6 8 7 11 9 -11 -12 -13 -14 -15 -16 -17 -18
leaf_value=-0.0068958778076989649 0.0019899784578818525 -0.0036217467166788191 0.0086163237036386772 -0.0052336952986761038 -0.00088243895232865824 -0.0046622386449555698 0.0025016541878016495 -0.011068991592029431 0.00038871775969275099 0.008169422243625003 -0.0044191117318720403 -0.0043368260514615783 0.0011061502533555394 0.0034220929748943066 0.002292535725885446 -0.0037941187714175899 0.0014313468512355363
leaf_weight=19.713306337594986 526.15554212033749 48.685222759842873 33.193527713418007 29.944173008203506 192.65292006731033 72.154723525047302 46.913259595632553 27.552760563790798 896.96381703019142 19.628477796912193 44.83325606584549 99.08669601380825 24.283018231391907 61.46734407544136 20.671825155615807 31.239132940769196 23.634687021374702
leaf_count=86 2247 210 143 127 816 314 202 121 3776 85 191 416 108 265 90 135 102
internal_value=0.000108663 0.00100302 0.00128504 0.000957521 0.00122002 -0.000452169 -0.00203679 -0.00363552 8.43635e-06 0.000325998 0.0001569 -0.00585153 0.00549216 0.00118045 -0.00223155 -2.56388e-05 -0.00315923
internal_weight=2218.77 854.914 806.229 748.753 718.808 1363.86 306.644 204.792 1057.21 961.426 941.797 126.639 57.4765 101.852 40.3851 78.1524 95.7894
internal_count=9434 3651 3441 3190 3063 5783 1315 874 4468 4052 3967 537 251 441 176 337 416
is_linear=0
shrinkage=0.011451


Tree=374
num_leaves=18
num_cat=0
split_feature=11 23 14 14 28 23 12 10 28 2 10 12 27 7 17 6 27
split_gain=8.37979 14.0402 8.66252 6.62626 8.56133 7.13808 7.69328 7.66727 6.86086 9.57619 6.53965 6.48949 6.21397 9.40618 9.33056 6.77134 6.12185
threshold=0.081420935910416117 -184.04545454545453 -0.087386363636363637 -0.21553544494720958 0.0089693973679521258 256.91776094276105 -0.33333333333333326 0.097276224517735058 -0.014686532646793855 -1.0000000180025095e-35 0.23858293928507826 0.33333333333333337 0.062148138342267387 2.0045262169355627 0.10773809523809526 1.2501861987593439 -0.045719107181886737
decision_type=10 10 8 8 10 10 8 8 10 8 10 8 10 8 10 10 10
left_child=3 10 -3 12 8 6 -6 -7 -5 -10 11 -2 13 16 15 -14 -1
right_child=1 2 -4 4 5 7 -8 -9 9 -11 -12 -13 14 -15 -16 -17 -18
leaf_value=0.0022011131038606317 -0.0032766438303008156 0.0074823193188325891 0.0019759304003763604 -0.00020100888610618238 0.0011083221274452173 0.0022314392493648014 -0.0033055727337038656 -0.0055937720389350196 0.0092356075889215416 -7.0755003361613514e-05 -0.006744456091451476 0.0044108742911608675 0.0088944575284503648 -0.0075917707156767603 -0.0019106946791266387 0.0018991796798492489 -0.0020666206498650011
leaf_weight=141.2127537727356 34.957526922225952 43.37620735168457 257.99627070128918 982.04790815711021 61.802524223923683 87.578068047761917 309.85500091314316 19.519221737980843 24.147960096597672 34.858825787901878 29.407252907752991 23.506863161921501 39.688517808914185 18.10648487508297 28.904698416590691 33.78960332274437 63.331009700894356
leaf_count=614 150 185 1114 4143 268 375 1319 83 101 147 125 104 168 79 123 144 269
internal_value=8.45611e-05 0.00160986 0.00278314 -0.000237724 -0.000555158 -0.00182137 -0.00257092 0.000779611 2.79294e-05 0.00379806 -0.00240484 -0.000170918 0.00124466 0.000168113 0.00356967 0.00572334 0.000877327
internal_weight=2234.09 389.244 301.372 1844.84 1519.81 478.755 371.658 107.097 1041.05 59.0068 87.8716 58.4644 325.033 222.65 102.383 73.4781 204.544
internal_count=9511 1678 1299 7833 6436 2045 1587 458 4391 248 379 254 1397 962 435 312 883
is_linear=0
shrinkage=0.011451


Tree=375
num_leaves=7
num_cat=0
split_feature=0 4 25 31 30 4
split_gain=7.22074 6.17357 5.82826 5.192 7.84144 5.72763
threshold=12.951403148528408 -5.6933794161028182 -5.4999999999999991 93.958121973821008 -0.09987212276214831 -2.8501810661552263
decision_type=8 8 2 2 8 8
left_child=1 -1 -3 5 -5 -4
right_child=-2 2 3 4 -6 -7
leaf_value=-0.0060545047325657221 -0.0054960539518209206 0.0060854625739071811 0.0027610747659184095 -0.002882582452383156 0.0051000477070757807 -8.5382924075864659e-05
leaf_weight=20.105041176080704 29.342069014906883 21.317144125699997 96.570842549204826 21.507724702358246 59.879072815179825 1985.2773442864418
leaf_count=86 129 92 415 95 278 8416
internal_value=8.36247e-05 0.000159515 0.000218523 0.000158862 0.00298427 4.74925e-05
internal_weight=2234 2204.66 2184.55 2163.23 81.3868 2081.85
internal_count=9511 9382 9296 9204 373 8831
is_linear=0
shrinkage=0.011451


Tree=376
num_leaves=18
num_cat=0
split_feature=7 3 6 10 10 31 12 17 31 30 10 3 15 13 5 22 0
split_gain=8.72864 11.6959 7.97784 8.86543 7.37326 7.34607 5.75557 7.47305 12.1377 7.73993 7.08502 10.3132 6.71875 5.72806 5.58179 6.18204 5.51783
threshold=-0.037508634520738153 0.053194722820930525 -1.7111551765522741 0.24218031776171314 -0.012136384009408028 -89.908172364507877 0.030448318804483235 0.054745254745254719 45.08111829933069 -0.90530303030303017 0.25978323532733089 -0.0028498087999567763 -0.19868421052631574 -0.25677655677655675 0.48870513093475759 -21.499999999999996 5.0253251197809723
decision_type=8 10 10 10 10 2 10 10 2 8 10 8 8 8 10 10 8
left_child=1 2 14 4 -4 13 7 9 -9 -7 12 -12 -8 -2 15 -1 -16
right_child=5 -3 3 -5 -6 6 10 8 -10 -11 11 -13 -14 -15 16 -17 -18
leaf_value=0.0030946398572847646 6.9676562106301787e-05 0.0043472885191666094 -5.098375393896178e-06 0.0025833808494898367 -0.0030443724299714942 0.0054415001590225436 0.0056304972101976283 -0.0049348414367082162 0.0041894790349794606 0.00035122295076815186 -0.0083142627116988277 0.002838333530054288 0.0015792740247170477 -0.0078370658558901841 -0.0073324716967704843 -0.0039902722402220085 2.5834568248128555e-05
leaf_weight=25.255795300006866 23.809293016791344 48.294484525918961 219.61912471055984 85.313116669654846 199.31061547994614 40.075080946087837 73.648038104176521 76.815466836094856 24.817934036254883 1021.7735200971365 19.446314632892609 23.140927217900753 196.52797023952007 23.565928667783737 63.83952434360981 42.347961515188217 16.84890453517437
leaf_count=106 110 207 935 365 848 171 320 325 107 4300 82 101 840 108 279 180 81
internal_value=3.73193e-06 -0.00105333 -0.00145704 -0.00076808 -0.00145359 0.000490201 0.000633338 0.000262155 -0.00269406 0.000546608 0.00201067 -0.00230356 0.00269468 -0.00391724 -0.00378587 -0.0013391 -0.00580826
internal_weight=2224.45 700.83 652.535 504.243 418.93 1523.62 1476.25 1163.48 101.633 1061.85 312.763 42.5872 270.176 47.3752 148.292 67.6038 80.6884
internal_count=9465 3001 2794 2148 1783 6464 6246 4903 432 4471 1343 183 1160 218 646 286 360
is_linear=0
shrinkage=0.011451


Tree=377
num_leaves=18
num_cat=0
split_feature=7 22 31 24 13 6 8 4 20 12 17 31 30 10 13 22 30
split_gain=8.53158 7.90873 7.18948 7.10946 8.44256 7.01595 6.54754 6.49402 6.41827 5.62666 7.30514 11.8695 7.56532 6.92883 5.62097 5.49026 4.81874
threshold=-0.037508634520738153 224.50000000000003 -89.908172364507877 1.0000000180025095e-35 -0.28660714285714278 -0.63046072019353971 -0.087212960176328139 -1.4456245323610015 0.40588235294117653 0.030448318804483235 0.054745254745254719 45.08111829933069 -0.90530303030303017 0.25978323532733089 -0.25677655677655675 42.500000000000007 0.38483642793987621
decision_type=8 10 2 2 8 10 10 10 8 10 10 2 8 10 8 10 8
left_child=1 3 14 4 5 -1 -6 -5 -3 10 12 -12 -4 16 -2 -9 -11
right_child=2 8 9 7 6 -7 -8 15 -10 13 11 -13 -14 -15 -16 -17 -18
leaf_value=-0.0010730765072598754 6.8898999556173322e-05 -0.0084265623393850204 0.0053793562013914557 -0.0040962203504288242 -0.0045696499550911497 0.0050360213906196051 -0.0011824865962468656 0.0014552760042435154 -0.00015322190263681107 0.0015022164257551208 -0.0048800406687282165 0.0041451616608724597 0.00034720429975502423 -0.0022780324811055973 -0.0077681124301326706 0.0076930974574248474 0.004686925384783905
leaf_weight=52.412699490785599 23.809767432510853 32.08403505384922 40.081456676125526 19.07781645655632 95.435208514332771 45.560220569372177 341.94393271207809 69.738764815032482 19.727611631155014 172.22931379079819 76.796131297945976 24.803211316466331 1021.7717538923025 42.589136764407158 23.509071454405785 24.741178795695305 97.867308154702187
leaf_count=233 110 141 171 81 405 193 1450 304 88 736 325 107 4300 183 108 106 424
internal_value=3.66998e-06 -0.00104148 0.000484635 -0.000694933 -0.00124705 0.00178258 -0.00192735 0.00190007 -0.00531815 0.000626167 0.000259192 -0.00266416 0.000540388 0.00198819 -0.00387822 0.00313096 0.00266482
internal_weight=2224.18 700.721 1523.46 648.91 535.352 97.9729 437.379 113.558 51.8116 1476.14 1163.45 101.599 1061.85 312.686 47.3188 94.4799 270.097
internal_count=9465 3001 6464 2772 2281 426 1855 491 229 6246 4903 432 4471 1343 218 410 1160
is_linear=0
shrinkage=0.011451


Tree=378
num_leaves=18
num_cat=0
split_feature=10 5 9 3 5 0 22 13 21 3 3 3 10 10 27 0 10
split_gain=10.7055 12.0371 21.1402 11.8907 10.0107 9.75844 9.75685 9.24293 8.7923 15.6859 9.6478 7.74426 8.42929 6.47804 10.374 5.21108 6.17147
threshold=-0.12918556615745844 -1.3116655554585679 -0.44023809523809521 0.041560797046854732 -0.31262068469553966 -4.6310746064339474 288.00000000000006 -0.051209207459207422 1.0000000180025095e-35 0.060420019351158601 -0.015052019657315839 -0.043546656210784677 -0.16681615829375915 -0.21790240410930065 0.15988498208817611 8.4654346338124569 0.07471806301550514
decision_type=8 10 10 10 8 8 10 8 2 8 10 10 10 10 10 8 8
left_child=1 3 13 5 15 -1 8 -7 10 -10 -6 -4 -13 14 -3 16 -2
right_child=4 2 11 -5 6 7 -8 -9 9 -11 -12 12 -14 -15 -16 -17 -18
leaf_value=-0.0040252040303670232 0.0035316757050528917 -0.0044800178001662642 -0.0098016640715318272 -0.0058243029615259005 -0.0020700940104523124 -0.00096709000773228658 -0.0056156599106504538 0.0059782853673883002 0.00041348190574458116 0.005861198292732352 0.00049920205071490723 -0.0024952657315286636 -0.0081312720269183375 0.0065762969363535153 0.0053415651342454944 -0.0039276370004299229 0.00053557270318880038
leaf_weight=25.223635047674179 221.31769867241383 31.052236378192902 30.996437162160873 27.339428424835205 351.06934627890587 36.664082959294319 39.478137902915478 78.040686473250389 463.16562512516975 80.865119367837906 420.60783809423447 166.66795201599598 43.721809342503548 28.080185189843178 24.729655876755714 17.817996114492416 152.25641965121031
leaf_count=114 949 135 138 118 1488 153 176 336 1959 356 1762 706 187 121 103 77 665
internal_value=-8.6519e-06 -0.00149855 -0.00278044 0.000995187 0.000411892 0.00234876 -5.42842e-05 0.00376547 0.000115329 0.00122938 -0.000670455 -0.00449805 -0.00368836 0.00216 -0.000114246 0.00202338 0.00231367
internal_weight=2239.09 492.516 325.248 167.268 1746.58 139.928 1355.19 114.705 1315.71 544.031 771.677 241.386 210.39 83.8621 55.7819 391.392 373.574
internal_count=9543 2111 1390 721 7432 603 5741 489 5565 2315 3250 1031 893 359 238 1691 1614
is_linear=0
shrinkage=0.011451


Tree=379
num_leaves=18
num_cat=0
split_feature=10 5 9 12 6 2 0 0 11 0 21 2 2 21 11 26 30
split_gain=10.4667 11.7667 20.6743 12.5002 11.7318 12.4233 9.29281 9.31882 8.94751 8.53354 8.417 13.5516 10.0682 8.65683 7.71825 7.356 6.75472
threshold=-0.12918556615745844 -1.3116655554585679 -0.44023809523809521 0.42902930402930411 0.019721189438631024 10.200000000000005 -4.6310746064339474 6.07939767282683 -0.055656705099693275 -2.9924709103353861 1.0000000180025095e-35 -17.799999999999994 -11.450000000000001 1.5000000000000002 -0.036486777045507783 -1.0683274886153642 0.88203463203463217
decision_type=8 10 10 8 10 8 8 10 10 10 2 10 10 2 10 10 10
left_child=1 6 15 9 10 16 -1 8 -8 -4 -2 13 -13 -12 -7 -3 -6
right_child=4 2 3 -5 5 14 7 -9 -10 -11 11 12 -14 -15 -16 -17 -18
leaf_value=-0.0045409382625180563 -0.00089922670154355116 -0.0034378409305680204 0.00080015450538936444 -0.010618168800654863 0.00079010928177145512 0.001905153368555898 -0.0017842953809186646 -0.0045155348065462966 0.0054871591582045251 -0.0046460603358436615 7.8407906401741447e-05 -0.0059265460761975244 0.00076680755669298543 0.0090598962199126849 0.010426908593797083 0.004163084075214366 0.0059954090907365981
leaf_weight=31.666504874825478 779.98772729188204 22.244241073727608 49.479829356074333 36.034002035856247 364.32918843626976 24.132431522011757 29.660129114985466 21.571723699569702 84.351363435387611 155.79459981620312 21.409502759575844 31.049171254038811 416.11958742141724 40.46122670173645 33.507166102528572 61.619911819696426 35.28907310962677
leaf_count=143 3293 95 209 154 1553 104 124 91 363 668 92 132 1763 184 158 264 153
internal_value=-8.61677e-06 -0.00148195 -0.00274956 -0.00444863 0.000407242 0.00198168 0.000983701 0.00228983 0.00359611 -0.00333494 -0.000151992 0.000992656 0.000293972 0.00598574 0.00692125 0.00213586 0.00125894
internal_weight=2238.71 492.422 325.173 241.308 1746.29 457.258 167.25 135.583 114.011 205.274 1289.03 509.039 447.169 61.8707 57.6396 83.8642 399.618
internal_count=9543 2111 1390 1031 7432 1968 721 578 487 877 5464 2171 1895 276 262 359 1706
is_linear=0
shrinkage=0.011451


Tree=380
num_leaves=15
num_cat=0
split_feature=14 12 27 0 31 31 1 30 12 20 12 12 12 0
split_gain=6.90916 9.81231 9.23388 6.36906 6.41 5.68936 6.54051 4.67114 5.64865 4.90593 4.36585 4.3352 5.73702 3.9804
threshold=-0.56696428571428559 -0.17077664399092971 -0.008111442132060687 7.081451060917181 -89.908172364507877 116.96931178424019 -1.0000000180025095e-35 -0.072514619883040934 -0.1818181818181818 0.15646853146853149 0.1544494720965309 -0.096072344489050207 0.15751700906780322 12.191649555099248
decision_type=8 10 10 8 2 2 10 10 10 8 10 8 8 8
left_child=1 2 -1 4 11 6 -6 8 13 -9 -10 -2 -13 -5
right_child=3 -3 -4 7 5 -7 -8 9 10 -11 -12 12 -14 -15
leaf_value=-0.0057136422006032013 -0.0066863394202605637 0.0085412677249131087 0.00520238474109108 -0.00016967486156470318 -0.0007678241903361718 0.0052547049308519812 0.00061149942828987887 -0.0023860358125015841 -0.0091718976588314252 0.0044033093132770608 -0.0021503248725957447 0.0037020642305916761 -0.0038577423293668636 -0.0055763798519030969
leaf_weight=19.574014663696289 28.326718240976334 28.322386726737022 19.747381195425987 68.350851356983185 764.19516929984093 27.237872138619423 1097.1302731111646 30.732893794775009 29.154974691569805 24.479899600148201 19.853812083601952 19.63327644765377 36.929799199104309 23.52617971599102
leaf_count=86 132 119 84 301 3216 129 4642 135 132 109 87 86 168 102
internal_value=-9.98092e-05 0.00348613 -0.0002362 -0.000212644 -1.67597e-05 0.000122078 4.51256e-05 -0.00217725 -0.00327943 0.000640703 -0.00639405 -0.00308253 -0.00122122 -0.00158414
internal_weight=2237.2 67.6438 39.3214 2169.55 1973.45 1888.56 1861.33 196.099 140.886 55.2128 49.0088 84.8898 56.5631 91.877
internal_count=9528 289 170 9239 8373 7987 7858 866 622 244 219 386 254 403
is_linear=0
shrinkage=0.011451


Tree=381
num_leaves=17
num_cat=0
split_feature=14 12 27 0 1 23 3 6 27 14 30 12 20 12 28 0
split_gain=6.75577 9.58727 9.03469 6.2304 5.05717 7.69434 7.4223 5.24235 9.47034 7.57037 4.57217 5.53943 4.7938 4.28813 4.02129 3.89536
threshold=-0.56696428571428559 -0.17077664399092971 -0.008111442132060687 7.081451060917181 -1.0000000180025095e-35 -339.62142857142851 -0.0534996125671292 -1.0435249153733313 -0.053854388179074418 -0.19999999999999998 -0.072514619883040934 -0.1818181818181818 0.15646853146853149 0.1544494720965309 -0.061366245884792274 12.191649555099248
decision_type=8 10 10 8 10 8 8 8 10 8 10 10 8 10 10 8
left_child=1 2 -1 4 5 14 -7 8 -6 -9 11 15 -12 -13 -2 -5
right_child=3 -3 -4 10 7 6 -8 9 -10 -11 12 13 -14 -15 -16 -17
leaf_value=-0.0056564392079306051 -0.0020223585264380955 0.008442280533746337 0.0051434225339972162 -0.00016775645656355801 0.00018548035831430262 -0.0056597656531915527 -0.00018576296696724517 0.0034967805893619127 -0.0051631332230302751 0.00045738482604601926 -0.002360515983106277 -0.0090901389244469541 0.0043496087278271662 -0.0021274214872821725 -0.0087223923841346519 -0.0055176107013287165
leaf_weight=19.552381426095963 25.969929724931717 28.334049835801125 19.752603456377983 68.348449513316154 197.59886710345745 33.328028127551079 732.28000427782536 123.92784547060728 54.950844079256058 783.61619197577238 30.716681703925133 29.086697481572628 24.506376951932907 19.844944387674332 21.61843104660511 23.511635735630989
leaf_count=86 110 119 84 301 840 142 3098 526 233 3331 135 132 109 87 93 102
internal_value=-9.87109e-05 0.00344732 -0.00023371 -0.000210295 -1.65769e-05 -0.000708647 -0.000428743 0.000468674 -0.000988761 0.000874672 -0.00215384 -0.00324498 0.000633508 -0.00633247 -0.00514404 -0.00156677
internal_weight=2236.94 67.639 39.305 2169.3 1973.29 813.196 765.608 1160.09 252.55 907.544 196.015 140.792 55.2231 48.9316 47.5884 91.8601
internal_count=9528 289 170 9239 8373 3443 3240 4930 1073 3857 866 622 244 219 203 403
is_linear=0
shrinkage=0.011451


Tree=382
num_leaves=16
num_cat=0
split_feature=31 14 3 2 28 3 14 31 0 30 20 31 14 3 25
split_gain=6.77832 6.26348 11.1096 9.67648 6.56618 7.30887 7.27723 6.52165 5.68708 6.15562 5.65618 5.38384 4.88667 3.48106 1.91221
threshold=86.348826244443799 0.2085622710622711 -0.056570191772445426 -11.450000000000001 -0.046808610795113066 -0.040800773101208158 0.13914141414141415 68.889900040658304 4.3613963039014392 -0.09987212276214831 0.51190476190476197 -116.47309075440567 -0.59545454545454535 -0.0534996125671292 1.0000000180025095e-35
decision_type=2 10 8 8 8 8 10 2 10 8 8 2 8 10 2
left_child=1 4 -3 -4 5 13 -7 -5 9 -2 14 -6 -13 -1 -11
right_child=8 2 3 7 11 6 -8 -9 -10 10 -12 12 -14 -15 -16
leaf_value=0.0023319900669152437 -0.0037627316013779453 -0.0093094628668212633 0.0060350294903121927 -0.0011934255536272397 -0.0057331032715051767 3.89563113306175e-05 0.0052384823951851902 -0.0072720923601124407 0.0079255359310236428 0.0086958776291988608 -0.00048091025798811354 0.0033503631268092956 -0.00047285747035136688 0.0078401318695054609 0.0033466219532355735
leaf_weight=34.780752167105675 22.815126828849316 22.994203209877014 22.067765384912491 267.07308247685432 24.076030097901821 344.4082223623991 38.665214002132416 24.734536871314049 20.471870124340057 17.854963257908821 32.448655158281326 44.756030723452568 1262.72260517627 27.018248230218887 19.22942291945219
leaf_count=148 104 97 93 1136 114 1468 165 107 86 84 156 192 5333 115 87
internal_value=-0.000163624 -0.000309936 -0.00173989 -0.0011669 -3.82223e-05 0.0011652 0.000571907 -0.00172398 0.00256283 0.00132602 0.0030155 -0.000440665 -0.000340355 0.00479776 0.00602957
internal_weight=2226.12 2113.3 336.87 313.875 1776.43 444.872 383.073 291.808 112.82 92.3482 69.533 1331.55 1307.48 61.799 37.0844
internal_count=9485 8968 1433 1336 7535 1896 1633 1243 517 431 327 5639 5525 263 171
is_linear=0
shrinkage=0.011451


Tree=383
num_leaves=13
num_cat=0
split_feature=9 31 6 14 6 14 2 22 23 20 26 14
split_gain=6.95822 7.38372 7.27934 10.5063 8.06028 7.98026 7.52833 7.60566 7.04099 6.32477 5.40731 4.36068
threshold=0.75595238095238104 88.455892247709144 -1.1601212448902483 -0.20806277056277053 -0.67172823643519541 -0.095049877658573298 -6.3500000000000076 -81.499999999999986 -223.47857142857143 0.25357142857142861 0.024504542266153746 0.27113095238095247
decision_type=10 2 8 8 10 8 10 10 8 8 10 10
left_child=1 2 6 4 -4 -5 7 -1 -3 -8 11 -10
right_child=-2 8 3 5 -6 -7 9 -9 10 -11 -12 -13
leaf_value=0.0018490322952102851 -0.0067174593340302699 -0.0035957023208753255 0.0069164944302637704 -0.0030912423239752396 0.0013317735146326515 -4.161258611282591e-05 0.00069815994845418309 -0.0062187614293219362 0.0043536804245914058 -0.002550402936306284 0.007919307601481379 -0.0023161430925786497
leaf_weight=19.116297885775566 20.366570502519608 17.813635870814323 39.396967232227325 122.43229289352894 223.59958517551422 1309.3865194022655 172.01104175299406 71.593447603285313 35.370308861136436 143.69520708918571 31.796580582857132 19.458744183182716
leaf_count=83 88 81 168 520 952 5526 728 324 164 616 146 89
internal_value=-0.000161698 -9.91641e-05 -0.000247244 8.29902e-05 0.00218365 -0.00030369 -0.00162226 -0.00451746 0.00286285 -0.000782684 0.0042082 0.00198718
internal_weight=2226.04 2205.67 2101.23 1694.82 262.997 1431.82 406.416 90.7097 104.439 315.706 86.6256 54.8291
internal_count=9485 9397 8917 7166 1120 6046 1751 407 480 1344 399 253
is_linear=0
shrinkage=0.011451


Tree=384
num_leaves=14
num_cat=0
split_feature=3 13 3 20 15 1 5 28 20 8 9 28 3
split_gain=8.52116 8.21942 13.0891 7.75444 9.45796 8.46836 9.64539 8.80669 7.29101 8.65006 7.26185 5.73897 4.49517
threshold=0.082256325722200943 -0.38214285714285706 0.026772333510124761 0.60555555555555574 -0.31622807017543858 6.3500000000000094 1.535530990415428 -0.12382925303961519 inf -0.088342067800797411 0.15447860962566848 0.072965537050574597 0.00023693852358730452
decision_type=10 8 8 10 10 10 10 8 8 8 8 10 8
left_child=1 2 8 5 -5 6 -3 -7 11 -10 -4 -1 -6
right_child=-2 3 10 4 12 7 -8 -9 9 -11 -12 -13 -14
leaf_value=0.012063395636954159 0.0061559147420325979 -0.00029748808248082468 -0.0062674832639089007 0.00072991036303185345 -0.010497776803296888 0.0065543550098352233 -0.0031318986599774552 0.00072982780906431549 -0.0030592060470657446 0.0054519043794805247 0.0016889330388145482 0.0036906929013201862 -0.0031868639310706657
leaf_weight=22.735562428832054 27.14424467086792 1488.9706576541066 28.001938745379448 33.135193973779678 24.938656896352768 38.677695706486702 175.40651187300682 254.42603193223476 25.502821251749992 38.569411113858223 31.191449984908104 21.376094698905945 20.794414430856705
leaf_count=97 117 6312 128 142 106 169 756 1076 115 167 138 94 91
internal_value=-0.000143516 -0.000222936 0.00221131 -0.000423673 -0.00392889 -0.000281163 -0.00059733 0.00151148 0.00457015 0.00206757 -0.00210264 0.00812074 -0.00726657
internal_weight=2230.87 2203.73 167.377 2036.35 78.8683 1957.48 1664.38 293.104 108.184 64.0722 59.1934 44.1117 45.7331
internal_count=9508 9391 739 8652 339 8313 7068 1245 473 282 266 191 197
is_linear=0
shrinkage=0.011451


Tree=385
num_leaves=13
num_cat=0
split_feature=3 8 9 26 28 9 21 3 2 5 10 5
split_gain=8.33634 6.36834 9.47259 8.98239 10.8237 8.09964 6.86207 21.1952 10.0495 8.08546 6.96161 5.42702
threshold=0.082256325722200943 -0.0083688404252350839 -0.66510903426791257 0.49793421251022013 -0.18001978840899271 -0.21010186757215615 2.5000000000000004 0.05906449782075935 -10.200000000000001 -1.9999820682386484 -0.25622534050707313 -3.3835781674300702
decision_type=10 8 8 10 10 10 2 8 10 8 8 10
left_child=1 2 -1 4 -4 -5 9 8 -8 11 -11 -3
right_child=-2 6 3 5 -6 -7 7 -9 -10 10 -12 -13
leaf_value=0.0056409834248327103 0.0060908001368803269 -0.0009951146034640054 0.0023224236029674964 -0.0071474336550740071 -0.0014872956620296566 -0.0013585813536267977 -0.0054354697918709196 0.010625272573864478 0.0014413250973471356 -0.0038444752883331416 -0.00022506161015898956 0.0050678441787306312
leaf_weight=26.018525719642639 27.127462148666382 28.28516249358654 121.56781548261642 59.03610634803772 488.91658788919449 68.391968682408333 30.40640152990818 30.734239511191845 270.27746095508337 74.570514306426048 946.04819411039352 59.395894676446915
leaf_count=114 117 127 515 252 2105 291 128 144 1147 314 3988 266
internal_value=-0.000141844 -0.000220377 -0.00106498 -0.00130628 -0.000726958 -0.0040636 0.000228064 0.001672 0.000735491 -0.000204461 -0.000491834 0.00311919
internal_weight=2230.78 2203.65 763.931 737.912 610.484 127.428 1439.72 331.418 300.684 1108.3 1020.62 87.6811
internal_count=9508 9391 3277 3163 2620 543 6114 1419 1275 4695 4302 393
is_linear=0
shrinkage=0.011451


Tree=386
num_leaves=18
num_cat=0
split_feature=12 23 6 14 31 11 10 27 14 0 17 12 2 11 11 12 22
split_gain=8.48462 6.48561 10.2254 8.96265 8.48015 9.0147 9.16577 7.94559 7.22053 6.14781 5.80309 5.09691 10.0786 6.16691 6.43856 5.21057 4.91238
threshold=0.11111111111111112 -109.10219780219778 0.94528825783303361 -0.29880952380952369 -101.68222798159023 -0.22097411923422292 -0.089779614021152296 -0.027554571481193391 -0.23053613053613051 -6.0410677618069828 -0.056186868686868695 0.50115207373271897 -1.0000000180025095e-35 0.2049243333313778 0.14340737142529728 0.15751700906780322 25.500000000000004
decision_type=10 10 8 8 2 8 10 10 10 8 10 10 8 10 10 10 10
left_child=1 2 7 -4 -3 -6 -7 9 -9 -1 -5 13 -13 14 15 -2 -14
right_child=11 4 3 10 5 6 -8 8 -10 -11 -12 12 16 -15 -16 -17 -18
leaf_value=0.0048441489202344298 0.0047581745355065987 -0.0060301845545737594 0.0048624853789807684 -0.00072965433195422934 0.0064538278095448509 -0.0011332987288842479 0.0015482837296822527 -0.0016404347957720529 -0.0073044649541611061 -0.0018867320157613873 0.0043230817519408432 -0.0055481182066746239 0.0055354544810773971 -0.0035025815497877304 0.0073368387350556128 0.001193663101338406 -0.0020852406607658612
leaf_weight=19.571285262703896 65.131497040390968 24.460108235478401 43.237879917025566 613.35037714242935 33.797193855047226 282.20683778822422 407.96950602531433 51.436383083462715 70.129556894302368 148.06519463658333 30.670184046030045 37.301389873027802 26.561323642730713 25.324844524264336 29.712168373167515 299.03909546881914 18.24727039039135
leaf_count=83 277 113 184 2576 145 1201 1739 218 299 644 132 161 118 110 131 1278 79
internal_value=9.07203e-05 -0.000290485 -0.000904957 -0.000144053 0.000511291 0.000737613 0.000451774 -0.0027087 -0.00492982 -0.00108493 -0.000484831 0.00140099 -0.00120044 0.00191163 0.00226503 0.00183866 0.00244694
internal_weight=2226.21 1724.89 976.461 687.258 748.434 723.974 690.176 289.202 121.566 167.636 644.021 501.318 82.11 419.208 393.883 364.171 44.8086
internal_count=9488 7334 4136 2892 3198 3085 2940 1244 517 727 2708 2154 358 1796 1686 1555 197
is_linear=0
shrinkage=0.011451


Tree=387
num_leaves=18
num_cat=0
split_feature=12 10 25 28 29 5 26 5 9 20 5 2 12 2 11 20 3
split_gain=8.29364 6.29175 6.82647 6.38181 9.86279 6.26186 7.10558 6.19626 6.59426 6.03932 5.56584 5.53987 4.98272 9.85241 6.02923 7.05003 5.32319
threshold=0.11111111111111112 0.23858293928507826 -2.4999999999999996 0.071564410402410683 -9.4941891441891411 -1.5662160628670316 0.80683888961890271 -0.47210937524441438 0.08135701507794528 0.22222222222222227 1.9896363536665744 -2.5499999999999967 0.50115207373271897 -1.0000000180025095e-35 0.2049243333313778 -0.42678571428571421 -0.014052706431967986
decision_type=10 10 2 10 10 8 10 8 8 8 10 10 10 8 10 8 10
left_child=1 2 7 10 -5 9 -7 -1 -9 -4 11 -3 14 16 15 -2 -14
right_child=12 3 5 4 -6 6 -8 8 -10 -11 -12 -13 13 -15 -16 -17 -18
leaf_value=-0.0014432133026807843 -0.0020223042220620458 0.0081599281702541201 -0.001051863843404464 0.0047721011976938248 -0.0054164627469812411 -0.0008055585546053567 -0.0049053193388304004 0.0082592599976581971 0.0010717608547445275 0.0033579824281480064 -0.0004791814591251709 0.0022176786926825106 -0.0096828636441116719 0.0024207144870135185 -0.0034619644183869458 0.0027873847373577308 -0.0010632649956471439
leaf_weight=37.025417223572731 44.63575966656208 36.369640499353409 73.350485175848007 19.419176697731018 32.264710232615471 1226.463467285037 57.435952469706535 30.294780850410461 36.941371127963066 90.193704277276993 37.158731251955032 47.878284588456154 18.732674732804298 44.7860237210989 25.336275666952133 349.17617034167051 18.576586604118347
leaf_count=159 191 154 315 86 138 5202 244 128 156 390 160 202 81 197 110 1495 80
internal_value=8.97261e-05 -0.000287162 -0.000518354 0.00177947 -0.00157637 -0.00072251 -0.0009914 0.00230258 0.00435926 0.00138388 0.00320888 0.0048266 0.00138528 -0.00118709 0.00189019 0.00223976 -0.00548455
internal_weight=2226.04 1724.8 1551.71 173.091 51.6839 1447.44 1283.9 104.262 67.2362 163.544 121.407 84.2479 501.243 82.0953 419.148 393.812 37.3093
internal_count=9488 7334 6594 740 224 6151 5446 443 284 705 516 356 2154 358 1796 1686 161
is_linear=0
shrinkage=0.011451


Tree=388
num_leaves=13
num_cat=0
split_feature=14 0 31 7 9 23 8 31 8 30 4 27
split_gain=8.81772 7.59501 8.57944 8.08237 8.86285 7.84859 7.28571 8.82155 6.8325 6.80588 5.6138 4.01431
threshold=-0.60158730158730156 5.3579739904175225 -44.800695744606053 -1.6940183763768439 -0.16983607790059399 -580.61904761904748 -0.076656568499487279 105.39411424299125 0.055188399583470833 -0.60386904761904747 -0.34657049101900922 0.020925400687025666
decision_type=8 8 2 8 10 8 8 2 10 8 10 8
left_child=8 5 11 -4 -5 -2 9 -8 10 -7 -1 -3
right_child=1 2 3 4 -6 6 7 -9 -10 -11 -12 -13
leaf_value=0.01175245255951138 -0.0052607089821455188 -0.002502039671319459 0.0061197072030663713 0.00072149336047267897 -0.0035669131640970963 -0.0051011050964992078 0.00089287083721987593 0.006774827795231724 -0.00074607594975575453 -0.00021454613557868728 0.0029303212051994274 -0.0087174344921595211
leaf_weight=19.609516471624374 29.000463366508484 30.677309803664684 21.830349743366241 153.97129486501217 106.31289172172546 41.990162149071693 1429.9509430602193 33.592944085597992 19.317365795373917 302.52518829703331 18.823974281549454 25.014130368828773
leaf_count=84 124 152 93 653 457 179 6046 162 81 1286 81 118
internal_value=0.000410426 0.000292412 -0.00128403 -0.000468052 -0.00103471 0.000582654 0.000678272 0.00103089 0.004801 -0.000818779 0.00755445 -0.0053634
internal_weight=2232.62 2174.87 337.806 282.115 260.284 1837.06 1808.06 1463.54 57.7509 344.515 38.4335 55.6914
internal_count=9516 9270 1473 1203 1110 7797 7673 6208 246 1465 165 270
is_linear=0
shrinkage=0.011451


Tree=389
num_leaves=18
num_cat=0
split_feature=6 0 23 3 0 21 11 3 8 3 19 21 1 11 3 23 17
split_gain=7.81725 7.39271 7.32383 7.89665 6.73741 7.27161 9.58526 6.58021 8.12107 5.45257 5.28894 4.57559 4.36233 6.1302 9.1107 6.85472 3.94127
threshold=-1.1358461105283975 -8.021902806297053 -407.22499999999997 -0.025173580485672416 -7.3990417522245044 -11.499999999999998 -0.024595178193990316 -0.040999949002988027 0.02265590962868325 -0.074618096357226868 1.0000000180025095e-35 -1.0000000180025095e-35 -7.6000000000000076 -0.050975779867893582 -0.0011580014062398389 -251.27499999999995 0.5064102564102565
decision_type=8 8 10 10 10 2 8 8 10 8 8 2 10 8 10 10 8
left_child=7 2 3 -2 11 6 -6 8 16 -7 -4 -3 -9 14 -14 -15 -1
right_child=1 4 10 -5 5 9 -8 12 -10 -11 -12 -13 13 15 -16 -17 -18
leaf_value=0.0089830526521425848 0.0048103331281648398 -0.0067574382690088839 0.0021619693618611662 -0.0055136804412339018 -0.0014214014910684959 -0.0044091597284025555 0.008905744290969738 -0.0057561791557812648 -0.0027068722630446376 0.00062300057797202546 0.0083393031928570664 0.00048648209317579422 -0.0073133527931338238 -0.0042993037993139501 -0.00062139031675648181 0.00084332957569461424 0.0016949294273335034
leaf_weight=20.471280410885811 18.108673244714737 26.700980648398399 33.075024515390396 19.480891942977905 18.789688974618912 28.096077442169189 30.236161470413208 29.567391186952591 24.791111394762993 1571.2124088704586 41.400852374732494 19.496457874774933 45.237325713038445 41.10277658700943 64.024386569857597 181.8265226483345 18.728898867964745
leaf_count=89 82 114 152 84 79 120 130 130 106 6644 191 84 203 173 280 774 81
internal_value=0.000405783 0.000734734 0.00357455 -0.000542942 0.000545603 0.000667075 0.00498158 -0.000989037 0.00237905 0.000532808 0.00563919 -0.00373668 -0.00158808 -0.00120636 -0.00341943 -0.00011478 0.00558703
internal_weight=2232.35 1806.6 112.065 37.5896 1694.53 1648.33 49.0259 425.75 63.9913 1599.31 74.4759 46.1974 361.758 332.191 109.262 222.929 39.2002
internal_count=9516 7680 509 166 7171 6973 209 1836 276 6764 343 198 1560 1430 483 947 170
is_linear=0
shrinkage=0.011451


Tree=390
num_leaves=9
num_cat=0
split_feature=25 10 5 20 22 31 28 22
split_gain=7.44021 7.38811 8.0482 9.86288 8.17274 7.09209 6.27117 5.67369
threshold=5.5000000000000009 -0.57607007949203248 -1.1085022912669216 -0.49107142857142855 224.50000000000003 -30.237826530607887 0.15377963926234509 7.5000000000000009
decision_type=2 8 8 8 10 2 10 10
left_child=1 -1 3 -3 7 -6 -5 -4
right_child=-2 2 4 6 5 -7 -8 -9
leaf_value=-0.006526474046210845 -0.0062895025835998141 -0.0048976272016019815 -0.00034100317021227753 0.0032010234832709093 -0.0072555017709310943 -0.00093282020764569719 -0.00038604120333980647 0.0011484103447876677
leaf_weight=21.087657183408737 23.3874891102314 26.530920967459679 1260.3413725197315 247.83540458977222 36.806538358330727 61.972532704472542 85.857104569673538 456.21906697750092
leaf_count=92 101 114 5331 1084 172 265 364 1937
internal_value=4.50502e-05 0.00011437 0.000180707 0.00174255 -0.000129738 -0.0033214 0.00227916 5.51363e-05
internal_weight=2220.04 2196.65 2175.56 360.223 1815.34 98.7791 333.693 1716.56
internal_count=9460 9359 9267 1562 7705 437 1448 7268
is_linear=0
shrinkage=0.011451


Tree=391
num_leaves=16
num_cat=0
split_feature=14 5 22 17 22 13 3 2 4 22 4 22 9 14 2
split_gain=6.68712 7.31547 10.2992 8.85173 7.59627 8.18128 7.73804 6.46352 6.28835 7.95074 6.80043 6.14079 5.34181 4.75691 4.29198
threshold=-0.59545454545454535 0.071456535492726583 224.50000000000003 -0.22967032967032963 -31.499999999999996 -0.088888888888888837 -1.0000000180025095e-35 15.250000000000002 1.3665351386421873 7.5000000000000009 0.73084349516122071 -390.99999999999994 -0.23281911675741071 -0.084817813765182173 -1.0000000180025095e-35
decision_type=8 10 10 10 10 10 10 10 10 10 10 10 10 10 8
left_child=12 3 7 8 5 -5 -6 11 10 -10 -2 -3 -1 -4 -15
right_child=1 2 13 4 6 -7 -8 -9 9 -11 -12 -13 -14 14 -16
leaf_value=0.00029986194545346189 -6.9409527569670322e-05 -0.0067516331491472665 -0.009357577224904658 -0.0070489709207125859 0.001077627673176731 0.001271352705738774 0.0058878444740244123 0.0056236927165171169 0.0001538830665030799 0.0071876243001712135 -0.0043137715207861357 -0.00056839612783250693 0.0068174083301255498 0.001136139002058713 -0.0066499091016938312
leaf_weight=32.350699812173843 964.40768305957317 21.096492275595665 24.134616002440453 18.137265115976334 81.373043477535248 87.536035902798176 95.359367378056049 20.757434099912643 54.188090473413467 33.851113945245743 51.516424685716629 665.87712700664997 33.105704575777054 18.25569611787796 17.88568264991045
leaf_count=139 4065 91 112 76 346 383 408 88 243 147 221 2840 140 81 80
internal_value=4.44619e-05 -6.56067e-05 -0.000961664 0.000431005 0.00223754 -0.000191738 0.00368537 -0.000572151 -3.21928e-05 0.00289185 -0.000287308 -0.000764603 0.00363151 -0.00547918 -0.00276739
internal_weight=2219.83 2154.38 768.007 1386.37 282.406 105.673 176.732 707.731 1103.96 88.0392 1015.92 686.974 65.4564 60.276 36.1414
internal_count=9460 9181 3292 5889 1213 459 754 3019 4676 390 4286 2931 279 273 161
is_linear=0
shrinkage=0.011451


Tree=392
num_leaves=9
num_cat=0
split_feature=7 3 15 6 18 0 8 13
split_gain=7.64649 7.47791 7.83242 6.54026 8.26773 6.33109 6.03731 4.83144
threshold=-4.8721207197994625 0.082256325722200943 -0.13260073260073255 -2.6858991962118792 0.18181818181818182 -8.3586584531143018 0.1129301350681665 -0.19000933706816056
decision_type=8 10 8 8 10 8 10 10
left_child=-1 2 5 4 -4 -2 -5 -7
right_child=1 -3 3 6 -6 7 -8 -9
leaf_value=0.0066648381825157258 0.0036844122578795278 0.0056777296250731498 -0.00032821818312007045 0.00016690002134269757 -0.0065759923088651124 0.0023357120809952628 0.0025542516366123236 -0.0022550114508563986
leaf_weight=21.654013842344284 28.00689622759819 28.600059404969215 89.105058431625366 1442.9094269648194 39.736924692988396 32.153772220015526 153.04704379290342 373.91408649086952
leaf_count=92 128 123 393 6113 174 143 657 1594
internal_value=-4.11655e-06 -7.21317e-05 -0.000150023 0.00019613 -0.00227892 -0.00152367 0.000396804 -0.00188829
internal_weight=2209.13 2187.47 2158.87 1724.8 128.842 434.075 1595.96 406.068
internal_count=9417 9325 9202 7337 567 1865 6770 1737
is_linear=0
shrinkage=0.011451


Tree=393
num_leaves=15
num_cat=0
split_feature=7 13 8 27 6 28 28 8 29 28 24 2 29 14
split_gain=7.47551 7.043 10.518 9.56259 7.9431 5.93173 5.90844 5.78357 5.78147 5.71134 5.55107 8.03929 5.4762 5.15548
threshold=-4.8721207197994625 0.31503759398496245 0.1129301350681665 0.064915043173519926 0.31322407479457837 0.051153375201833898 0.18694582765657222 -0.034611839517315189 -10.545833333333333 0.20329482549708983 -1.0000000180025095e-35 -1.0000000180025095e-35 6.6684263448969343 0.047619047619047651
decision_type=8 10 10 10 10 10 10 8 8 10 2 10 8 8
left_child=-1 2 6 10 -5 13 7 -2 -8 -7 -3 -12 -6 -4
right_child=1 3 5 4 12 9 8 -9 -10 -11 11 -13 -14 -15
leaf_value=0.0065890901232027932 -0.00095342470860483195 -0.005177071195523541 0.0025511763169307499 -0.0096859592887190323 0.00024107444425847029 -0.0018717553953603264 0.0034261746907648838 0.00056184902142702986 -0.0028420270212915024 0.0035053254069110315 0.0047814517475584135 -0.0014648067852923712 -0.0053067355164503355 0.0080230548233382465
leaf_weight=21.659720823168755 473.39948476850986 19.890889197587967 59.330731242895126 26.401301696896553 45.475424244999886 53.039576292037964 21.391324386000633 1088.5082786083221 158.36417480558157 49.418100565671921 47.912226051092148 60.370146930217743 47.128877148032188 36.797367423772812
leaf_count=92 2020 85 253 114 205 224 91 4591 696 210 208 258 211 159
internal_value=-4.02837e-06 -7.12887e-05 0.000160852 -0.00188905 -0.00421695 0.00265312 -0.000124219 0.000102374 -0.00208625 0.000727615 0.000282918 0.00131128 -0.0026 0.00468637
internal_weight=2209.09 2187.43 1940.25 247.179 119.006 198.586 1741.66 1561.91 179.755 102.458 128.173 108.282 92.6043 96.1281
internal_count=9417 9325 8244 1081 530 846 7398 6611 787 434 551 466 416 412
is_linear=0
shrinkage=0.011451


Tree=394
num_leaves=13
num_cat=0
split_feature=29 4 3 27 2 4 11 9 8 10 25 13
split_gain=8.96164 7.80402 10.8939 8.69037 7.40965 12.4074 8.18997 7.16401 6.6514 9.3028 6.52656 3.72153
threshold=23.862745098039216 3.0642943301300813 -0.055013965235362942 -0.062148138342267373 7.6500000000000066 1.4737938259331005 0.0030482764416918666 -0.33834841628959272 0.044561070251169212 0.26468617877215994 4.5000000000000009 0.083333333333333356
decision_type=10 10 10 10 10 10 8 10 10 8 2 8
left_child=1 4 -3 11 8 6 -6 -5 10 -10 -1 -4
right_child=-2 2 3 7 5 -7 -8 -9 9 -11 -12 -13
leaf_value=-0.0005557344498623402 0.0076584722357905793 0.0045402750228274993 -0.012760053508017908 -0.006354510206416507 -0.0014435726016733396 0.0088087394766879438 0.0027738130095745542 0.002955351060947067 0.0015153516242638401 -0.0038216068301723653 -0.0055946472140205403 -0.005261242160012467
leaf_weight=1353.5532544925809 18.640670046210289 18.196344383060932 18.479716002941132 20.286581620573997 108.85892902314663 28.374456569552422 134.04544572532177 21.871534764766693 391.9020968824625 47.434002213180065 33.915861204266548 18.778958216309547
leaf_count=5757 80 82 79 86 463 126 574 95 1680 203 149 79
internal_value=-0.00010982 -0.00017806 -0.00333191 -0.00515826 -3.03223e-05 0.00173322 0.000884983 -0.00155359 -0.00029274 0.000934246 -0.00068152 -0.00913853
internal_weight=2214.34 2195.7 97.6131 79.4168 2098.08 271.279 242.904 42.1581 1826.81 439.336 1387.47 37.2587
internal_count=9453 9373 421 339 8952 1163 1037 181 7789 1883 5906 158
is_linear=0
shrinkage=0.011451


Tree=395
num_leaves=18
num_cat=0
split_feature=5 13 21 3 13 8 1 10 31 22 13 3 21 26 18 3 26
split_gain=9.88103 7.31781 9.31078 9.44045 8.55849 8.47443 7.26822 9.85332 6.70988 12.3808 7.2058 6.61767 5.99936 5.44312 11.2708 5.36708 9.06425
threshold=-0.054862178703890978 0.31503759398496245 -6.4999999999999991 -0.044484491780988338 0.27320574162679434 0.14769939791147324 5.049999999999998 0.17011626915395925 44.016129554183188 25.500000000000004 -0.39696969696969692 0.043922590663545098 -1.0000000180025095e-35 0.15687252839138408 -0.26753246753246746 -0.035187935902377225 0.2322030140372188
decision_type=8 10 2 10 8 10 10 8 2 10 8 8 2 10 10 10 10
left_child=1 4 -3 -4 15 -5 8 13 10 -10 11 -2 -12 14 -8 16 -1
right_child=6 2 3 5 -6 -7 7 -9 9 -11 12 -13 -14 -15 -16 -17 -18
leaf_value=-0.0028373566140596548 0.0030713224027663411 0.005331011219957809 0.0031520456366026109 -0.0020392377474450123 0.0089041470709552671 -0.0092902245193422772 -0.0053878434936205774 0.0022039940937243897 0.0031355667112344249 -0.0040498191486445963 -0.0029897181496233924 -0.0044143337619755646 -0.0010089044795153963 -0.0053894407052039002 0.0029967182176205876 0.0017010981050985196 0.0051601430000465937
leaf_weight=84.720591574907303 72.844063982367516 23.451547920703888 31.075507879257202 81.481800772249699 18.944430276751518 28.149005070328712 33.467597380280495 220.95649459958076 108.32158242166042 43.561433881521225 355.3609662130475 18.998937591910362 461.41639971733093 37.916255265474319 54.079617664217949 516.2919370085001 23.110164254903793
leaf_count=366 323 105 143 359 84 126 143 934 470 184 1516 88 1936 160 228 2190 98
internal_value=-0.000108597 0.000900865 -0.0012534 -0.00237067 0.00145152 -0.00394565 -0.000687929 0.000751081 -0.00115817 0.00106609 -0.00153047 0.00150229 -0.00187244 -0.00180581 -0.000224934 0.0012161 -0.00110229
internal_weight=2214.15 807.225 164.158 140.706 643.067 109.631 1406.92 346.42 1060.5 151.883 908.62 91.843 816.777 125.463 87.5472 624.123 107.831
internal_count=9453 3471 733 628 2738 485 5982 1465 4517 654 3863 411 3452 531 371 2654 464
is_linear=0
shrinkage=0.011451


Tree=396
num_leaves=18
num_cat=0
split_feature=22 7 2 21 12 21 3 14 3 20 3 5 22 6 3 28 12
split_gain=9.29403 7.90744 6.25884 7.44379 10.1419 7.01551 23.8805 9.9098 7.89284 6.59493 6.2845 5.93181 5.73025 5.72325 5.70355 4.56354 4.44457
threshold=-209.49999999999997 1.0000000180025095e-35 -5.1000000000000076 1.5000000000000002 -0.099840933191940637 1.5000000000000002 0.070457187027994209 -0.60158730158730156 0.043922590663545098 -0.20416666666666664 -0.041754767548875631 0.54444444444444462 -14.499999999999998 0.25492327357273631 -0.026424190499503616 0.11204332250691504 -0.022194854953475614
decision_type=8 10 8 2 8 2 8 8 10 8 8 10 10 10 8 10 10
left_child=1 13 3 4 11 7 8 -4 -7 -5 -9 -2 -8 -1 -6 -11 -3
right_child=2 16 5 9 14 6 12 10 -10 15 -12 -13 -14 -15 -16 -17 -18
leaf_value=-0.0014548211658672889 -0.0018027723113624139 0.0034894238693871445 0.0068374980168271707 0.0029301349844528439 0.002546261168978861 0.00099636250957615296 0.010726391106194867 0.0031985482083832957 -0.00364802673606384 -0.0031041366169266343 -0.00064737171327035477 -0.009721653114790247 0.0029677733401649153 0.0046754125907237922 -0.0013604452638728713 -0.0083326576916582344 0.0097531774651551505
leaf_weight=58.856440156698227 38.094318673014641 41.098638102412224 24.454310461878777 18.944684624671936 125.92112585902214 428.59529537707567 38.767247006297112 58.266133025288582 53.364793807268143 107.31687493622303 1023.3051128387451 18.025826930999756 19.219410687685013 29.405669972300529 79.413435682654381 27.466799229383469 23.806428149342537
leaf_count=254 161 178 104 80 533 1816 179 245 229 452 4344 84 86 131 334 122 105
internal_value=0.000134516 0.00284969 -6.81029e-05 -0.00132333 -0.000145649 0.000248923 0.00131805 -0.000273486 0.000477812 -0.00331706 -0.000438354 -0.00443009 0.00821742 0.000607168 0.00103582 -0.00420518 0.00586225
internal_weight=2214.32 153.167 2061.16 415.183 261.455 1645.97 539.947 1106.03 481.96 153.728 1081.57 56.1201 57.9867 88.2621 205.335 134.784 64.9051
internal_count=9437 668 8769 1766 1112 7003 2310 4693 2045 654 4589 245 265 385 867 574 283
is_linear=0
shrinkage=0.011451


Tree=397
num_leaves=18
num_cat=0
split_feature=22 6 29 2 12 17 25 6 0 29 9 6 0 23 20 0 10
split_gain=9.09295 6.59162 6.30373 6.12129 7.05093 11.7068 7.84474 7.52415 4.98287 6.5334 8.77514 6.60237 6.25623 5.37632 4.77408 4.4634 7.44541
threshold=-209.49999999999997 0.019721189438631024 -1.9645104895104886 -5.1000000000000076 -0.096072344489050207 -0.175219298245614 2.5000000000000004 0.92490314078454228 2.3367556468172475 4.1505043265912844 0.49481299481299484 0.6249877033118304 2.0698151950718668 -580.61904761904748 -0.51190476190476175 -4.7227926078028757 -0.064440344848050821
decision_type=8 10 8 8 8 8 2 10 10 10 10 10 10 8 10 10 10
left_child=1 2 -1 4 7 -6 -7 -2 12 10 -10 -11 13 -5 -4 -3 -17
right_child=3 15 14 8 5 6 -8 -9 9 11 -12 -13 -14 -15 -16 16 -18
leaf_value=-0.0051571237230520336 -0.0063101214138618442 0.010434363270742167 -0.0017199993667701035 -0.0046328562750299505 0.0058731611413628745 -0.00066223936999801922 -0.0074793385030256882 0.00042862314924337758 -0.0016383171300764089 0.0002780055734141958 0.0059377768010586791 0.007307045299796977 0.0054709659492567222 0.00064706062918564887 0.0046785236824227359 0.0077011767994388889 -0.00080327012585236935
leaf_weight=18.490114599466324 63.162691839039326 16.880417585372925 23.847403421998024 25.246294632554054 33.279165342450142 262.2883343398571 23.532324954867363 32.8175438195467 409.24083136022091 67.562604025006294 20.435897260904312 23.022499695420265 33.9076217263937 1066.4560830742121 40.600292861461639 27.810980722308159 25.449555188417435
leaf_count=79 279 82 103 108 142 1107 99 139 1753 295 87 96 141 4523 175 119 110
internal_value=0.000133057 0.00281951 0.00062343 -6.73236e-05 -0.00130886 -0.00048709 -0.00123951 -0.00401887 0.000246186 -0.000680017 -0.0012694 0.00210455 0.000674429 0.000522223 0.00231749 0.00538612 0.00367755
internal_weight=2214.03 153.079 82.9378 2060.95 415.08 319.1 285.821 95.9802 1645.87 520.262 429.677 90.5851 1125.61 1091.7 64.4477 70.141 53.2605
internal_count=9437 668 357 8769 1766 1348 1206 418 7003 2231 1840 391 4772 4631 278 311 229
is_linear=0
shrinkage=0.011451


Tree=398
num_leaves=14
num_cat=0
split_feature=19 29 4 29 21 6 31 3 27 13 13 20 31
split_gain=6.01067 10.3442 5.86206 6.98824 5.67695 5.12093 6.88782 6.77258 7.8555 6.23131 5.3007 3.61952 1.3795
threshold=0.56186868686868696 -15.459888357256778 -0.90444073383020862 -0.19437229437229406 -15.499999999999998 0.019721189438631024 96.177753248932518 0.01483704699345806 0.073654620251048228 0.35800691244239641 0.16862611073137396 0.90454545454545465 0.41771766898614265
decision_type=10 10 10 10 2 10 2 8 10 8 10 8 2
left_child=4 12 -3 -4 11 6 10 9 -9 -7 -6 -1 -2
right_child=1 2 3 -5 5 7 -8 8 -10 -11 -12 -13 -14
leaf_value=0.00088110859800696331 -0.0052559959003017692 -0.0056124858392345017 0.0055580684161613166 -0.0020551132298104301 -0.00057877973463911503 0.00016150193037352907 0.0046235461744299411 0.004452947546328012 0.00037422628047504349 -0.0038923938845676349 -0.0029386714949133242 0.0076678010670819825 -0.0099025029531440382
leaf_weight=22.975662052631378 20.518389597535133 21.375026762485504 27.144743174314499 36.073422536253929 1173.9094640165567 387.02777487039566 30.433938771486282 100.98249659687281 158.76914053410292 56.377528481185436 139.08544711768627 18.316802635788918 18.725926324725151
leaf_count=97 91 92 116 152 4979 1640 138 435 698 249 589 79 81
internal_value=-0.000350498 -0.00279478 -0.000523455 0.0012376 -0.00020468 -0.000290068 -0.000704354 0.00050137 0.00196719 -0.000358977 -0.000830119 0.00396516 -0.00760076
internal_weight=2211.72 123.838 84.5932 63.2182 2087.88 2046.59 1343.43 703.157 259.752 443.405 1312.99 41.2925 39.2443
internal_count=9436 532 360 268 8904 8728 5706 3022 1133 1889 5568 176 172
is_linear=0
shrinkage=0.011451


Tree=399
num_leaves=18
num_cat=0
split_feature=24 9 4 12 29 8 13 0 13 29 11 2 9 1 13 16 11
split_gain=5.34723 5.73204 7.08927 13.3849 7.28687 5.95927 5.8239 5.48028 5.39762 5.04793 4.76798 8.44977 9.76592 4.97288 7.719 5.56003 4.79525
threshold=1.0000000180025095e-35 -0.27336278586278578 -0.94354002414944216 -0.1577606737851521 7.2559523809523814 -0.030141851922570403 -0.22708174178762411 3.0020533880903497 0.20000000000000001 23.862745098039216 -0.042337697068966444 -7.700000000000002 0.37089947089947095 8.9000000000000075 0.1792172739541161 -4.4999999999999991 -0.053468040000906485
decision_type=2 10 10 8 10 10 10 10 8 10 8 10 8 10 10 2 10
left_child=9 7 3 -3 6 -5 -4 8 -2 10 11 12 -1 15 -15 -12 -13
right_child=1 2 4 5 -6 -7 -8 -9 -10 -11 13 16 -14 14 -16 -17 -18
leaf_value=-0.008429463405139238 0.0085005181456452011 0.0043883082495732636 -0.003403754823563027 -0.01062667384065161 -0.004277864747738361 -0.0019206433877584049 0.0036026219433743407 -3.5091378075586212e-05 0.0011441317327720508 0.0052421552017259529 0.0052371266955986229 -0.00054989392271839873 0.00011618244890768951 0.0034803048453173561 -0.0041038122747290452 -0.00059008190233952515 -0.0047485034341254069
leaf_weight=45.272238969802856 33.887268468737602 20.127925261855125 17.765564501285553 23.291767299175262 23.968616411089897 18.714990392327309 102.9051825851202 35.84873703122139 21.419180192053318 18.74895852804184 21.177401602268219 364.23846462368965 28.333656907081604 90.228676065802574 21.231170699000359 1285.5274556577206 38.913368314504623
leaf_count=208 144 87 78 98 103 80 447 154 100 80 90 1552 127 381 93 5449 165
internal_value=-0.000346523 0.00107893 2.16115e-05 -0.00319342 0.001411 -0.006838 0.00255816 0.00345985 0.0056988 -0.000568741 -0.000628048 -0.00161791 -0.00516824 -0.000294678 0.00201995 -0.000493035 -0.000962283
internal_weight=2211.6 297.929 206.774 62.1347 144.639 42.0068 120.671 91.1552 55.3064 1913.67 1894.92 476.758 73.6059 1418.16 111.46 1306.7 403.152
internal_count=9436 1291 893 265 628 178 525 398 244 8145 8065 2052 335 6013 474 5539 1717
is_linear=0
shrinkage=0.011451


Tree=400
num_leaves=15
num_cat=0
split_feature=5 9 10 6 7 31 25 23 26 29 12 5 2 6
split_gain=8.6602 6.49567 5.92266 12.6043 7.62347 7.22588 6.82656 6.46578 6.03362 4.67615 7.10198 4.20452 2.90317 2.81387
threshold=2.5238067047730648 -0.66510903426791257 -0.24213299963807064 1.2246740104539899 1.0000000180025095e-35 44.016129554183188 1.5000000000000002 221.31785714285721 -0.27585151006534075 1.4995981030463785 0.20000000000000004 3.6018968317311324 -1.0000000180025095e-35 -1.1880911181875551
decision_type=10 8 8 10 10 2 2 10 10 8 10 10 10 10
left_child=1 13 3 8 5 -4 -6 -5 -3 -2 11 -11 -13 -1
right_child=9 2 4 7 6 -7 -8 -9 -10 10 -12 12 -14 -15
leaf_value=0.0013372937758532788 -0.0067450961494599894 -0.00067355597578878305 -0.00071596820786485541 -0.00067742436750236636 0.0019236963651449819 0.0016474756351191877 -0.0014161042567658387 0.0052329729410695589 -0.005843016683420593 -0.0063033805235132153 0.0040719205724006622 -0.0040306746130845013 0.0022524456072439817 0.0075690430445700188
leaf_weight=18.496043294668198 33.302839130163193 44.287674501538277 1089.9643693640828 88.516160145401955 422.73636571317911 200.22328239679337 98.507166095077991 32.714213639497757 89.811218164861202 34.41162121295929 20.659582629799843 17.846909448504448 19.510060638189316 19.650438964366913
leaf_count=80 145 190 4585 378 1811 883 425 141 381 154 89 83 85 83
internal_value=-0.000194359 -1.95387e-05 -0.00010666 -0.00173704 0.0001237 -0.00034853 0.00129153 0.000937285 -0.00414745 -0.00310564 -0.00175562 -0.00345507 -0.000767186 0.00462189
internal_weight=2230.64 2104.91 2066.76 255.329 1811.43 1290.19 521.244 121.23 134.099 125.731 92.4282 71.7686 37.357 38.1465
internal_count=9513 8957 8794 1090 7704 5468 2236 519 571 556 411 322 168 163
is_linear=0
shrinkage=0.011451


Tree=401
num_leaves=14
num_cat=0
split_feature=31 30 12 11 8 20 13 3 8 4 14 2 12
split_gain=6.08655 5.90721 5.04279 4.72875 7.68582 10.9451 7.05433 7.65709 6.27582 5.65138 4.35211 4.60363 3.12668
threshold=-88.066844955317933 0.023809523809523826 -0.77237048665620078 -0.066480461795249676 -0.076656568499487279 0.59166666666666679 -0.33095238095238094 0.028556921782182391 -0.085275218738453271 -1.4737938259331 -0.26645021645021638 1.0000000180025095e-35 -0.090970849802371564
decision_type=2 8 8 8 10 10 8 8 10 10 8 8 10
left_child=1 12 -2 6 8 -6 7 -4 -5 -8 -3 -12 -1
right_child=2 10 3 4 5 -7 9 -9 -10 -11 11 -13 -14
leaf_value=-0.0087461721586739628 0.005564408808010823 0.0040754612901519318 0.0043897478298461964 -0.00041771541783666249 0.0012819295241585881 -0.0042918339691858098 -0.0045851657366493851 -0.0033192104641123648 -0.0059452522424591672 -0.0010931477943559758 -0.0056994787753561803 0.0013100389252853212 -0.0023316367553876541
leaf_weight=24.547070361673832 20.060686931014061 17.738916143774986 52.004507631063461 838.02135519683361 773.47517616301775 48.487910240888596 78.948294967412949 24.301210999488831 27.17294730246067 259.70863929390907 25.806020766496658 22.548065014183521 17.522496998310089
leaf_count=116 87 81 225 3519 3311 210 337 108 115 1101 118 106 79
internal_value=-0.000192168 -0.0028334 -5.67081e-05 -0.000112088 0.000157376 0.000949939 -0.00120618 0.00192722 -0.000595735 -0.00191458 -0.000680928 -0.00245734 -0.00615203
internal_weight=2230.34 108.163 2122.18 2102.12 1687.16 821.963 414.963 76.3057 865.194 338.657 66.093 48.3541 42.0696
internal_count=9513 500 9013 8926 7155 3521 1771 333 3634 1438 305 224 195
is_linear=0
shrinkage=0.011451


Tree=402
num_leaves=9
num_cat=0
split_feature=9 23 8 4 7 4 3 26
split_gain=7.8387 6.01878 6.3832 11.6179 7.65245 7.14708 12.2356 8.39059
threshold=-0.75595238095238082 636.17647058823547 -0.04187426628495252 2.9630028421303725 2.3242803297924328 0.59934790002675298 -0.042148662503797611 -1.1427276294898432
decision_type=8 10 8 8 10 10 10 8
left_child=-1 2 3 4 -2 7 -7 -4
right_child=1 -3 5 -5 -6 6 -8 -9
leaf_value=0.0069417260641677333 -0.001038199710596782 0.0050418360718461029 0.0052593658109619029 -0.010517933768477414 0.0053822060416221177 0.0054570371364319852 0.00066203548967686736 -0.00028728978665197601
leaf_weight=21.272413641214371 547.9082818031311 30.715710654854774 36.28782531619072 15.783061683177946 24.820160433650017 86.204673647880554 356.03386228531599 1111.2671178132296
leaf_count=92 2365 131 155 67 106 376 1521 4708
internal_value=0.000130078 6.24214e-05 -9.30403e-06 -0.00102745 -0.000754062 0.000367866 0.00160348 -0.00010896
internal_weight=2230.29 2209.02 2178.3 588.512 572.728 1589.79 442.239 1147.55
internal_count=9521 9429 9298 2538 2471 6760 1897 4863
is_linear=0
shrinkage=0.011451


Tree=403
num_leaves=8
num_cat=0
split_feature=9 23 14 9 4 28 5
split_gain=7.66026 5.88642 6.62554 8.3855 5.58598 10.6812 8.3702
threshold=-0.75595238095238082 636.17647058823547 0.58368347338935589 0.22729335093218947 0.3985494069222944 -0.3548256316456293 1.0669368788925393
decision_type=8 10 10 8 8 10 8
left_child=-1 2 4 -4 5 -2 -6
right_child=1 -3 3 -5 6 -7 -8
leaf_value=0.0068600745377405429 0.0082284008576899714 0.0049868690477644206 -0.0080298737605147101 0.00087514803776977664 0.0019467605099437819 -0.00075370764009824204 -7.2545313980160818e-05
leaf_weight=21.286919489502907 17.041685968637466 30.706025913357735 29.27058969438076 25.611794009804726 404.2874555811286 899.39882325381041 802.6103537529707
leaf_count=92 74 131 125 109 1743 3862 3385
internal_value=0.000128651 6.17436e-05 -9.1807e-06 -0.00391333 9.29203e-05 -0.000580856 0.00060458
internal_weight=2230.21 2208.93 2178.22 54.8824 2123.34 916.441 1206.9
internal_count=9521 9429 9298 234 9064 3936 5128
is_linear=0
shrinkage=0.011451


Tree=404
num_leaves=13
num_cat=0
split_feature=23 14 5 23 10 3 23 4 2 8 31 7
split_gain=9.82124 7.80873 8.47174 7.33814 10.3629 8.2201 7.88599 7.2696 6.82072 6.0512 6.67261 4.07253
threshold=-580.61904761904748 -0.18164268164268163 -1.9999820682386484 -264.59047619047607 -0.06915505675954596 0.068603164997820612 -371.94999999999993 0.80281535544540106 7.7000000000000037 -0.20353842642652106 6.4686852567270998 -0.61456187760705949
decision_type=8 8 10 8 8 10 10 10 10 10 2 10
left_child=7 2 -2 4 -3 8 -6 -1 -5 -4 -11 -7
right_child=1 3 9 5 6 11 -8 -9 -10 10 -12 -13
leaf_value=-0.01041389090848897 0.0084773487443368031 0.0021999882966442647 -0.004924686256421962 4.6453930197626611e-05 -0.00022190483197008268 -0.0078233272863776331 -0.0081851265608453433 -0.00062830672145490355 0.0025326894389631699 0.00069150514790615849 0.0042272942935715555 -0.0010161696509104498
leaf_weight=18.941101312637329 22.510679066181183 34.262541368603706 18.588840201497078 1469.1124742478132 25.041138142347336 23.689711719751358 46.291252329945564 20.408993571996689 159.83652098476887 252.38506263494492 96.36376079171896 22.308218479156494
leaf_count=83 97 148 82 6250 108 99 201 86 682 1087 410 99
internal_value=0.000188704 0.000292256 0.00175868 -2.93511e-05 -0.00294748 0.000155712 -0.00541742 -0.00543304 0.00029134 0.00133243 0.00167465 -0.00458329
internal_weight=2209.74 2170.39 389.848 1780.54 105.595 1674.95 71.3324 39.3501 1628.95 367.338 348.749 45.9979
internal_count=9432 9263 1676 7587 457 7130 309 169 6932 1579 1497 198
is_linear=0
shrinkage=0.011451


Tree=405
num_leaves=13
num_cat=0
split_feature=23 14 5 23 10 30 3 0 3 29 31 8
split_gain=9.60994 7.63371 8.29537 7.17252 10.1297 10.3684 8.0362 6.37177 5.99684 7.40464 5.80994 3.60464
threshold=-580.61904761904748 -0.18164268164268163 -1.9999820682386484 -264.59047619047607 -0.06915505675954596 -0.63291925465838494 0.068603164997820612 -2.9459274469541419 0.056689961697027343 4.9020202020202026 -2.6302988553986775 -0.03129625863592058
decision_type=8 8 10 8 8 10 10 8 10 10 2 10
left_child=10 2 -2 4 -3 -6 7 -5 9 -4 -1 -8
right_child=1 3 8 6 5 -7 11 -9 -10 -11 -12 -13
leaf_value=-0.00064086223805278264 0.0083902345471407371 0.0021752257652345613 0.00013313443840000329 0.0014549718176225742 -0.0003354777473430621 -0.009122636956699735 -0.0070404694756432519 -0.00015126432326146349 0.0074306982537040095 0.0043115340507492127 -0.0094204582598614046 -0.00047608285415301949
leaf_weight=18.469688549637794 22.490950286388397 34.263312503695488 279.27092183381319 445.06968957930803 30.89041356742382 40.448194444179535 28.120267182588577 1183.8403104096651 19.25391411781311 68.792282536625862 20.857056602835655 17.887554675340652
leaf_count=80 97 148 1201 1921 135 174 118 5011 82 296 89 80
internal_value=0.000186499 0.000288905 0.00173889 -2.90678e-05 -0.00291398 -0.00535581 0.000153904 0.000288023 0.00131725 0.00096559 -0.0053761 -0.00453128
internal_weight=2209.65 2170.33 389.808 1780.52 105.602 71.3386 1674.92 1628.91 367.317 348.063 39.3267 46.0078
internal_count=9432 9263 1676 7587 457 309 7130 6932 1579 1497 169 198
is_linear=0
shrinkage=0.011451


Tree=406
num_leaves=12
num_cat=0
split_feature=5 15 0 1 8 21 12 0 12 30 2
split_gain=7.7555 6.70161 6.32774 5.82328 6.82699 9.73021 6.02024 4.59135 4.79046 3.86141 3.84394
threshold=2.5238067047730648 0.37797619047619052 -12.765229295003422 12.700000000000005 -0.0062980331063800235 -2.4999999999999996 -0.57768199233716466 0.75975359342915827 -0.12723285486443384 -0.51202571937866048 11.450000000000005
decision_type=10 8 10 8 10 2 8 8 10 10 10
left_child=2 7 -1 4 5 -4 -6 8 -2 -9 -5
right_child=1 -3 3 10 6 -7 -8 9 -10 -11 -12
leaf_value=0.005405102746347052 -0.0049012819831222489 0.0030995165391827402 -0.0020574320281041098 -0.00095434669141079636 0.0066398148280880477 0.00037178092543349182 0.0010095829777421921 -0.0033793086748680171 0.0015753501452071773 -0.010276334380553271 -0.0074514378739120261
leaf_weight=31.107886075973511 29.480997756123543 21.787377431988716 278.26357164233923 29.578885927796364 25.136630699038506 961.03492449223995 741.86971367150545 24.238987356424332 29.273681327700615 19.825270175933838 19.626445695757866
leaf_count=137 128 96 1185 126 108 4060 3179 115 122 92 84
internal_value=0.000167553 -0.00259992 0.000333591 0.000255122 0.000351087 -0.000174466 0.00119967 -0.00381975 -0.00169281 -0.00658868 -0.00361041
internal_weight=2211.22 124.606 2086.62 2055.51 2006.3 1239.3 767.006 102.819 58.7547 44.0643 49.2053
internal_count=9432 553 8879 8742 8532 5245 3287 457 250 207 210
is_linear=0
shrinkage=0.011451


Tree=407
num_leaves=15
num_cat=0
split_feature=10 6 21 3 13 9 8 4 21 27 8 4 18 25
split_gain=6.61601 6.91504 8.29534 7.44355 7.70154 13.9461 8.45815 7.20549 6.58769 10.1293 7.93027 5.72519 4.28182 2.1425
threshold=-0.54676679581637233 -0.018974145369791914 6.5000000000000009 0.086934618424598778 0.31503759398496245 0.58411949685534603 0.10861871838462768 1.4737938259331005 -1.0000000180025095e-35 -0.097171668116874235 -0.0037310444316009657 -0.086711842435378314 -0.23273809523809519 1.5000000000000002
decision_type=8 10 2 8 10 8 8 8 2 10 10 10 8 2
left_child=-1 2 8 4 6 -6 -3 12 10 -10 -2 -5 -4 -9
right_child=1 3 7 11 5 -7 -8 13 9 -11 -12 -13 -14 -15
leaf_value=-0.0052545533696056364 -0.0018004428137672593 0.00068345702075027406 -0.00079690327754433957 0.00045358200496278518 0.00094560538945252651 -0.0066347291731336799 0.0040909299197653438 0.0027715987006084993 0.0016146667546081039 -0.0019974785205228904 0.0010157306168291716 0.0081586562001672476 -0.006890887122618229 -0.0018935647553017974
leaf_weight=28.479349434375763 388.4421751499176 554.73591649532318 20.905816957354546 20.745236158370972 91.586886487901211 47.999214604496956 114.83391728997231 23.727796077728271 479.12196786701679 128.60997639596462 197.22971068322659 32.053923644125462 55.797747999429703 26.771053001284599
leaf_count=124 1660 2349 91 92 404 209 494 103 2017 545 838 147 244 115
internal_value=0.000165609 0.000237908 -0.000282819 0.00103532 0.000761223 -0.00168006 0.00127132 -0.00305476 1.41678e-05 0.000848911 -0.000851998 0.00517442 -0.005251 0.000305954
internal_weight=2211.04 2182.56 1320.61 861.955 809.156 139.586 669.57 127.202 1193.4 607.732 585.672 52.7992 76.7036 50.4988
internal_count=9432 9308 5613 3695 3456 613 2843 553 5060 2562 2498 239 335 218
is_linear=0
shrinkage=0.011451


Tree=408
num_leaves=18
num_cat=0
split_feature=22 12 10 9 15 0 8 22 29 19 7 31 25 29 28 9 27
split_gain=9.26106 7.49308 6.48543 11.8788 7.80549 11.3739 8.20785 6.08186 5.21823 8.05749 9.20406 8.36626 9.32621 7.17724 6.77418 7.11142 6.39794
threshold=-7.4999999999999991 0.72970779220779225 0.32203077403733499 -0.74894957983193267 0.31622807017543869 1.2826830937713896 -0.1541779774909148 97.500000000000014 5.2254653241495372 0.20833333333333337 0.97048672547627612 54.212082000341873 2.5000000000000004 2.9054159291001418 -0.046808610795113066 0.017821852060982499 0.064915043173519926
decision_type=10 10 8 10 10 10 10 10 8 8 8 2 2 10 10 10 10
left_child=8 2 4 -4 5 -2 -6 -5 13 10 -10 12 -11 14 -1 -16 -15
right_child=1 -3 3 7 6 -7 -8 -9 9 11 -12 -13 -14 16 15 -17 -18
leaf_value=0.00098797509984155808 0.0023464992080941675 -0.0062929283059469905 -0.0023821609284710903 0.0096016974372413969 0.004512094016486814 -0.00056701063381817758 -0.0039166383134791836 0.0020988767336046809 0.0011749549576594688 -0.00074817440727723667 0.0094949390083270951 0.002926950276973447 -0.0077382297352119713 -0.0026590434368375122 -0.00048627998495665849 -0.0044591601630004658 -0.010812990358803646
leaf_weight=133.35570089519024 414.19831189513206 18.107800364494324 26.438498675823212 37.117784827947617 18.102294117212296 304.39864069223404 79.337617754936218 23.395526126027107 122.14533460140228 630.32656207680702 19.730036601424217 77.943749964237213 25.415011748671532 38.25250144302845 135.17264331877232 104.54180416464806 18.652249366044998
leaf_count=578 1765 79 113 157 81 1310 346 100 527 2639 87 350 107 163 579 443 80
internal_value=-8.34221e-06 0.000870516 0.00101868 0.00397985 0.000700178 0.00111295 -0.00233085 0.00675513 -0.000628532 -0.000120844 0.00237075 -0.000604357 -0.00102663 -0.00166056 -0.0010777 -0.00222641 -0.00542545
internal_weight=2226.63 921.096 902.989 86.9518 816.037 718.597 97.4399 60.5133 1305.54 875.561 141.875 733.685 655.742 429.975 373.07 239.714 56.9048
internal_count=9504 3951 3872 370 3502 3075 427 257 5553 3710 614 3096 2746 1843 1600 1022 243
is_linear=0
shrinkage=0.011451


Tree=409
num_leaves=13
num_cat=0
split_feature=9 21 24 26 10 10 3 25 2 26 26 6
split_gain=7.12652 6.50562 12.946 12.223 8.14531 7.76395 7.58522 6.32465 13.593 6.29191 5.33657 2.67263
threshold=-0.75595238095238082 9.5000000000000018 1.0000000180025095e-35 -0.43316392079839222 0.22960668320544908 -0.062211447417817249 0.028556921782182391 -1.0000000180025095e-35 -13.950000000000001 2.5145584837319679 0.21980738602742778 -1.0435249153733313
decision_type=8 2 2 8 10 10 8 2 10 10 10 10
left_child=-1 2 7 -3 5 -4 10 8 -2 -9 -5 -6
right_child=1 3 4 6 11 -7 -8 9 -10 -11 -12 -13
leaf_value=0.0066430003273609661 -0.0048119195090937138 -0.0088979383751212355 0.003890373442666616 -0.00026228550001809888 0.0041112662516431609 -0.00062683796530660731 0.0051566117469172877 -0.00057178117484751824 0.0013798607898847489 -0.0069608350369875401 -0.006479855168770348 0.01041756177304997
leaf_weight=20.2620480209589 50.674228444695473 29.736122786998749 100.72429721057415 56.553575471043587 18.419275179505348 97.918895833194256 22.474651128053665 1271.4377209097147 493.1583508849144 19.882778733968735 26.001180708408356 19.155115246772766
leaf_count=88 226 127 436 242 78 426 98 5402 2100 84 112 85
internal_value=-8.26971e-06 -7.13342e-05 8.7615e-05 -0.00250289 0.00260698 0.00166899 -0.00064787 -0.000237497 0.000797757 -0.000673675 -0.00225656 0.00745099
internal_weight=2226.4 2206.14 2071.37 134.766 236.218 198.643 105.029 1835.15 543.833 1291.32 82.5548 37.5744
internal_count=9504 9416 8837 579 1025 862 452 7812 2326 5486 354 163
is_linear=0
shrinkage=0.011451


Tree=410
num_leaves=16
num_cat=0
split_feature=10 8 26 12 26 17 12 23 18 26 27 29 26 31 12
split_gain=8.01775 6.10723 8.23637 6.52287 6.20505 10.5371 6.40883 5.9612 8.97144 8.11144 7.09119 6.4028 5.54484 4.85691 3.4643
threshold=0.55082053322451496 0.058205225889100494 -0.53013166790707433 -0.25709547500592278 0.074487451590609585 -0.01904761904761906 0.34400068271036022 -102.41666666666667 0.33578431372549028 -0.32983757972892641 0.10664639440131787 -8.0142857142857125 0.2322030140372188 18.206790082733395 -0.19999999999999998
decision_type=10 10 8 10 10 8 10 8 10 10 10 8 10 2 10
left_child=1 7 3 -3 5 -4 -6 9 10 14 -9 -11 -10 -5 -1
right_child=-2 2 4 13 6 -7 -8 8 12 11 -12 -13 -14 -15 -16
leaf_value=-0.0024563040242578092 0.0063668034911416212 0.0083294901485358105 -0.0055751725144341912 0.0047313469746545749 0.0013298201425403844 0.00058384419239856759 0.0071867531715530987 0.00039816549334641843 0.0076360119176680247 0.0031709270102678118 -0.0020387981528568345 -0.0014399988128019851 -0.00014141087270510622 -0.002679314430108519 -0.0087726518016815833
leaf_weight=22.137587174773216 27.580618441104889 34.912049889564514 44.011684492230415 28.537628918886185 171.98163026571274 196.7258720099926 28.009544275701046 1103.3272182494402 33.259614393115044 45.848942548036575 181.78354805707932 261.67221346497536 18.58002395927906 18.680362805724144 24.430806890130043
leaf_count=98 120 149 189 120 741 844 124 4675 141 194 776 1126 79 82 106
internal_value=0.000304077 0.000226666 0.00130744 0.00462178 0.000683799 -0.000554362 0.00217113 -0.000107884 0.000242155 -0.00142753 5.25751e-05 -0.000747206 0.00488188 0.00180304 -0.00584659
internal_weight=2241.48 2213.9 522.859 82.13 440.729 240.738 199.991 1691.04 1336.95 354.09 1285.11 307.521 51.8396 47.218 46.5684
internal_count=9564 9444 2249 351 1898 1033 865 7195 5671 1524 5451 1320 220 202 204
is_linear=0
shrinkage=0.011451


Tree=411
num_leaves=18
num_cat=0
split_feature=8 26 28 21 11 15 26 27 6 4 4 7 11 15 1 23 20
split_gain=6.60077 8.12956 6.8054 6.79024 6.78062 6.64932 6.19816 5.43443 10.0321 6.59851 8.67946 5.63172 7.37608 15.856 5.38855 10.5921 5.3139
threshold=0.058205225889100494 -0.53013166790707433 0.15153923625918811 -2.4999999999999996 0.0061512404703162335 0.13159063159063158 0.033206001711838885 0.10875352715854937 0.92490314078454228 0.74884105036863546 -0.88625696003560661 -1.6940183763768439 0.069089474044989566 0.11791443850267382 -1.0000000180025095e-35 78.550000000000026 0.18465909090909094
decision_type=10 10 10 2 8 8 10 10 10 10 10 8 8 10 10 10 10
left_child=7 3 5 -2 -4 6 -3 11 14 10 -10 12 13 -1 -9 -16 -13
right_child=1 2 4 -5 -6 -7 -8 8 9 -11 -12 16 -14 -15 15 -17 -18
leaf_value=-0.0052560199718182828 0.0093601494891362436 -0.00079154819556595784 0.00010064616712644085 0.0023676184504002207 -0.0060317635979541661 0.0052640132952461527 0.0026467763240010695 -0.008159675318399482 -0.0013454854428716122 -0.005557321854116149 0.0039993469394822507 0.00029557903294529593 0.0069665296806002619 0.0078398033257654244 0.0020595258488619972 -0.0088194660961069243 -0.0020895088778348295
leaf_weight=28.644144251942635 26.88685816526413 137.57699646055698 90.154800117015839 55.720553360879421 31.374035522341728 55.085895016789436 136.28491830825806 35.527909561991692 100.78175622224808 24.290384456515312 64.976859778165817 1214.6015098020434 36.011199131608009 20.013838618993759 29.170994848012924 18.758800640702248 135.55560973286629
leaf_count=126 115 593 381 238 135 241 591 150 426 107 280 5160 152 87 124 80 578
internal_value=0.000300661 0.00141223 0.000803322 0.00469991 -0.00150663 0.00165804 0.000921762 -4.66162e-05 -0.00152386 -6.6325e-05 0.000757255 0.00023555 0.00308856 0.000163473 -0.00481628 -0.00226051 5.52089e-05
internal_weight=2241.42 533.084 450.477 82.6074 121.529 328.948 273.862 1708.33 273.507 190.049 165.759 1434.83 84.6692 48.658 83.4577 47.9298 1350.16
internal_count=9564 2294 1941 353 516 1425 1184 7270 1167 813 706 6103 365 213 354 204 5738
is_linear=0
shrinkage=0.011451


Tree=412
num_leaves=18
num_cat=0
split_feature=6 26 23 24 23 5 22 10 10 4 7 21 6 6 23 6 10
split_gain=12.2557 7.2102 9.0206 9.47073 10.3744 6.91241 10.1148 11.7387 6.97031 6.64796 6.34315 6.13201 6.09236 5.97176 7.45264 6.31462 5.20833
threshold=0.92490314078454228 0.94031725065489502 -181.23333333333326 -1.0000000180025095e-35 122.78109243697482 -1.5662160628670316 43.500000000000007 -0.26924525532539462 0.52687594535829085 -1.2454229589544141 0.73934813402142563 -4.4999999999999991 2.2566255072786707 -1.6787360901965462 -268.77499999999992 0.79242744571858859 -0.030618906068447357
decision_type=8 10 8 2 10 10 10 10 8 10 10 2 10 10 10 10 10
left_child=5 2 10 11 -5 6 7 -1 13 -8 -2 -4 -12 14 -7 -15 -9
right_child=1 -3 3 4 -6 8 9 16 -10 -11 12 -13 -14 15 -16 -17 -18
leaf_value=-0.0036321221913342048 0.0064660369416357612 -0.0052531106878985923 0.00016700602668757642 7.6197395663629209e-05 0.0034116538624774056 -0.0075004115732764153 -0.0075291860851453007 0.008274579302573434 0.0041146689135503518 0.00067221823083910297 0.0046426539519450888 -0.0063885311053191538 -0.0030475241496067101 -0.00091456260802681353 -0.0022876559703662127 -0.0062837739765456216 0.0023897031604951831
leaf_weight=25.287134647369385 55.669465199112892 26.929732576012611 32.88995249569416 701.71204413473606 147.42583866417408 42.529907792806625 23.138396471738815 38.083092391490936 27.473486661911011 28.235798090696335 27.237874418497086 42.63434274494648 25.560361981391907 704.0188249796629 223.07391042262316 29.311965420842171 41.722911670804024
leaf_count=108 240 118 144 2957 638 185 98 166 119 121 116 185 112 3002 968 125 182
internal_value=-0.000369196 0.000524795 0.000678674 0.000310966 0.000657502 -0.00117021 0.00106832 0.00309809 -0.00151192 -0.00307045 0.00379237 -0.00355705 0.000928104 -0.0016693 -0.00313894 -0.00113465 0.00524296
internal_weight=2242.94 1060.06 1033.13 924.662 849.138 1182.88 156.467 105.093 1026.41 51.3742 108.468 75.5243 52.7982 998.935 265.604 733.331 79.806
internal_count=9584 4510 4392 3924 3595 5074 675 456 4399 219 468 329 228 4280 1153 3127 348
is_linear=0
shrinkage=0.011451


Tree=413
num_leaves=18
num_cat=0
split_feature=6 3 14 3 2 12 5 10 10 10 28 2 24 21 13 14 22
split_gain=11.9797 9.97034 8.72799 8.71174 11.352 10.0633 8.91442 9.60289 8.51764 7.37045 7.34872 6.2778 6.35559 5.25116 5.0443 4.60001 5.95146
threshold=0.92490314078454228 0.042722275586591925 0.60158730158730178 0.038837543973189177 13.950000000000005 0.078555025613849153 -1.5662160628670316 -0.23341256043347045 0.021065204882116665 0.52687594535829085 0.022975888610858312 5.1000000000000094 1.0000000180025095e-35 -1.0000000180025095e-35 0.10000000000000005 0.017105263157894738 -56.499999999999993
decision_type=8 10 10 10 10 10 10 10 10 8 10 10 2 2 10 10 10
left_child=2 11 3 6 5 -5 7 -1 10 -8 -3 12 13 -2 -14 16 -13
right_child=1 8 -4 4 -6 -7 9 -9 -10 -11 -12 15 14 -15 -16 -17 -18
leaf_value=-0.0034648757913586688 -0.00090079263502025055 -0.0023142592662321899 -0.0071505115885491868 -0.0024245800561863064 0.0073496982358341638 0.0041282315914986647 -0.0020056292143195245 0.0034231263421317494 0.004639796524423723 0.0042510950364203128 -0.010159638206225468 0.0039495823052969996 0.0019856810738477959 0.001053061322715461 0.0088396017319344912 0.0080029136166822369 -0.0028229366774451463
leaf_weight=36.854300260543823 302.32305113971233 90.19211645424366 30.379893973469734 85.251837953925133 33.181522220373154 47.182176947593689 834.61556234955788 90.376807898283005 18.235088661313057 24.83709155023098 18.466838076710701 67.206849858164787 55.060349524021149 445.10029485821724 18.537078648805618 22.675954267382622 22.174698948860168
leaf_count=158 1293 383 129 364 144 200 3580 391 81 108 79 282 237 1871 86 102 96
internal_value=-0.000365056 0.000518832 -0.00115708 -0.000995051 0.00143105 -8.10836e-05 -0.00140296 0.0014203 -0.00248461 -0.00182168 -0.0037011 0.000928759 0.000580339 0.000262655 0.00377547 0.00346313 0.00226098
internal_weight=2242.65 1059.97 1182.68 1152.3 165.616 132.434 986.684 127.231 126.894 859.453 108.659 933.078 821.021 747.423 73.5974 112.058 89.3815
internal_count=9584 4510 5074 4945 708 564 4237 549 543 3688 462 3967 3487 3164 323 480 378
is_linear=0
shrinkage=0.011451


Tree=414
num_leaves=17
num_cat=0
split_feature=6 27 0 23 14 24 20 2 7 29 6 29 13 23 7 14
split_gain=11.4186 12.0538 8.68546 8.126 7.74712 8.54214 7.24882 6.82572 8.89374 6.48989 8.35271 7.97521 7.25508 5.50495 4.69904 2.72996
threshold=-1.6787360901965462 -0.28591541306261131 -2.4900752908966459 -264.59047619047607 0.18208556149732621 -1.0000000180025095e-35 0.19182900432900435 -10.200000000000001 0.36923064098974839 -10.734259612936082 -2.2095663249622617 1.6278093348776486 -0.025807525807525818 47.938568376068368 -0.57415031466118294 -0.42796092796092788
decision_type=8 8 8 10 10 2 10 10 8 8 10 8 10 8 10 10
left_child=3 14 7 15 5 -4 -6 13 -9 -5 12 -12 -11 -3 -2 -1
right_child=1 2 4 9 6 -7 -8 8 -10 10 11 -13 -14 -15 -16 -17
leaf_value=-0.0028043706435835185 0.0020717616404381145 -0.00066639442320550661 -0.0029411490344845429 0.00528007485401971 -0.0012435534189750876 0.00045902544156712721 -0.0064828028190653348 0.0023776562039278934 -0.00066623539571957792 -0.0025597833860500061 -0.00022778127989004859 -0.0086029450157092315 0.002331673215069162 0.0057325272856513778 0.009564869034094271 -0.0081715316673838159
leaf_weight=21.670754164457321 20.533684149384499 23.173114731907845 107.49221098423004 18.31585519015789 187.21845921874046 929.13899920880795 41.966915175318718 245.86980561167002 256.70447270572186 85.586380138993263 24.874705873429775 36.688178032636642 73.114154294133186 71.355410695075989 24.103038936853409 31.991769455373287
leaf_count=94 89 104 472 79 790 3917 176 1070 1096 381 108 156 309 313 104 140
internal_value=3.90838e-05 0.000362203 0.000220204 -0.00206607 -0.00031686 0.000104795 -0.00221886 0.00135783 0.00082407 -0.00115236 -0.00170147 -0.00525739 -0.000305939 0.00417015 0.00619864 -0.00606474
internal_weight=2199.8 1907.56 1862.92 292.242 1265.82 1036.63 229.185 597.103 502.574 238.579 220.263 61.5629 158.701 94.5285 44.6367 53.6625
internal_count=9398 8131 7938 1267 5355 4389 966 2583 2166 1033 954 264 690 417 193 234
is_linear=0
shrinkage=0.011451


Tree=415
num_leaves=18
num_cat=0
split_feature=6 27 0 23 24 10 2 7 7 10 0 2 18 23 10 7 13
split_gain=11.1663 11.778 8.49122 7.95594 7.24391 8.99619 6.6777 8.69611 5.5822 7.04403 5.7693 5.4689 5.40987 5.38817 5.08381 4.58545 3.11665
threshold=-1.6787360901965462 -0.28591541306261131 -2.4900752908966459 -264.59047619047607 -1.0000000180025095e-35 -0.19374368164690739 -10.200000000000001 0.36923064098974839 0.51375863838762603 -0.012136384009408028 -0.59274469541409924 -1.0000000180025095e-35 0.35912698412698418 47.938568376068368 0.1130340357663986 -0.57415031466118294 -0.02219485495347567
decision_type=8 8 8 10 2 8 10 8 10 8 10 8 10 8 8 10 10
left_child=3 15 6 14 5 -4 13 -8 9 16 -10 -11 -6 -3 -1 -2 -5
right_child=1 2 4 8 12 -7 7 -9 10 11 -12 -13 -14 -15 -16 -17 -18
leaf_value=-0.010603132967510668 0.0020483225553324883 -0.00065891016375046161 -0.0081767022291569947 -0.0082123787113403592 -0.0002722951078929637 -0.0011860987773488433 0.0023516079575246185 -0.00065855977701544523 -0.0021395332575604065 -0.0035105714586485589 0.0062149178366454338 0.001014096082495946 0.0024016314999642761 0.0056721757048197579 -0.0032415607645809603 0.0094481490529574694 -0.0022579224315458402
leaf_weight=19.399590134620667 20.538385599851608 23.175465524196625 30.827307537198067 27.562865994870663 1021.0262597203255 104.72480531036854 245.75460970401764 256.73016984760761 18.818650409579277 55.851857617497444 24.08585749566555 91.581437706947327 109.22344225645065 71.296232379972935 34.214859902858734 24.129419937729836 20.614324510097504
leaf_count=85 89 104 135 126 4304 455 1070 1096 80 243 106 391 461 313 149 104 87
internal_value=3.86168e-05 0.000358113 0.000217689 -0.00204359 -0.000313297 -0.00280795 0.0013427 0.000814807 -0.00113959 -0.00196 0.00257371 -0.000708013 -1.26401e-05 0.00412528 -0.00600217 0.00612537 -0.00572976
internal_weight=2199.56 1907.43 1862.76 292.129 1265.8 135.552 596.956 502.485 238.515 195.61 42.9045 147.433 1130.25 94.4717 53.6145 44.6678 48.1772
internal_count=9398 8131 7938 1267 5355 590 2583 2166 1033 847 186 634 4765 417 234 193 213
is_linear=0
shrinkage=0.011451


Tree=416
num_leaves=12
num_cat=0
split_feature=19 7 9 4 6 14 2 2 14 14 27
split_gain=5.8479 7.32853 6.15415 6.84089 6.2843 7.95875 9.17447 6.35615 8.89258 5.39514 4.03192
threshold=0.86190476190476206 -0.31518258737238075 -0.63564213564213545 0.064264342526250587 -3.0195302631084333 -0.18164268164268163 -13.950000000000001 -3.8000000000000109 -0.18715659340659335 -0.095049877658573298 0.08601578288675267
decision_type=10 10 8 10 8 8 10 8 10 8 10
left_child=2 -2 3 -1 7 6 -6 -4 -9 -7 -3
right_child=1 10 4 -5 5 9 -8 8 -10 -11 -12
leaf_value=0.0082399267085846422 0.0020684160517646273 -0.0082147039373867796 -0.0081471607779128059 -0.00059773561215075409 -0.0048327473554982984 -0.0023545905203975412 0.0022685416704895109 -0.0063303328205971095 0.0015224702882752346 0.00010849286227087381 -0.0016484662377018605
leaf_weight=25.277531236410141 24.595891326665878 29.208732232451439 20.984788045287132 20.458834812045097 25.016194820404053 125.69294439256191 343.81486339122057 28.058862686157227 54.808678060770035 1511.2887183427811 21.488838478922844
leaf_count=111 108 126 95 87 112 538 1468 124 237 6437 92
internal_value=9.93198e-05 -0.00302353 0.000209304 0.00433458 0.000118538 0.000261096 0.00177909 -0.00261904 -0.00116561 -8.15072e-05 -0.0054887
internal_weight=2230.69 75.2935 2155.4 45.7364 2109.67 2005.81 368.831 103.852 82.8675 1636.98 50.6976
internal_count=9535 326 9209 198 9011 8555 1580 456 361 6975 218
is_linear=0
shrinkage=0.011451


Tree=417
num_leaves=13
num_cat=0
split_feature=12 11 15 9 5 14 12 0 11 27 6 2
split_gain=6.63121 6.93687 10.2526 8.21492 6.75777 6.59878 9.05836 6.51949 5.72753 5.69447 4.94406 3.5712
threshold=0.78759398496240618 0.10172571764804779 -0.22967032967032969 0.076127016344407647 -2.407864097280195 0.57359307359307365 0.12978300768998444 12.191649555099248 0.21049259003871665 0.020925400687025666 -1.1358461105283975 1.0000000180025095e-35
decision_type=10 10 10 8 10 10 8 10 10 10 8 8
left_child=1 5 3 -3 11 7 -7 10 -6 -5 -1 -4
right_child=-2 2 4 9 8 6 -8 -9 -10 -11 -12 -13
leaf_value=-0.00121258556057208 -0.0063089633854796308 0.0037025785149370247 0.0037991516362174422 -0.00050936249994205647 0.0031976564374712703 -0.0093435702162382485 0.00047666089416271691 -0.0064664591614630364 -0.0012959437302980305 -0.0084615625788782168 0.00035567221211260717 0.011097445418360488
leaf_weight=318.04013981670141 20.320280626416206 21.363472610712051 19.244038343429565 22.189275681972504 145.97568132728338 22.982157945632935 25.581023156642914 19.474961251020432 49.420442879199982 24.796004593372345 1523.8746218904853 17.364734470844269
leaf_count=1384 89 94 85 95 628 96 110 91 212 111 6459 81
internal_value=9.81216e-05 0.000158898 0.00177457 -0.00210844 0.00292125 -9.57054e-05 -0.00423391 1.37278e-05 0.00206058 -0.00476537 8.45452e-05 0.00739673
internal_weight=2230.63 2210.31 300.354 68.3488 232.005 1909.95 48.5632 1861.39 195.396 46.9853 1841.91 36.6088
internal_count=9535 9446 1306 300 1006 8140 206 7934 840 206 7843 166
is_linear=0
shrinkage=0.011451


Tree=418
num_leaves=18
num_cat=0
split_feature=6 10 25 8 9 6 26 26 1 29 31 6 3 13 10 31 19
split_gain=9.78225 7.35457 7.13615 7.12595 8.69965 5.86155 6.04442 10.9079 12.783 7.12972 5.61266 5.56088 5.55192 5.49173 5.42256 8.13161 6.47213
threshold=1.7167197703807957 -0.22949344747839484 1.0000000180025095e-35 -0.059612845954408987 0.15761613066151067 1.8147292349638182 -0.039999101744530356 -0.53013166790707433 1.0000000180025095e-35 -1.0243421052631569 -19.284226904220755 1.330453854764764 0.030410838436397473 -0.33095238095238094 0.27862759101086604 63.796483916628638 0.16666666666666674
decision_type=10 8 2 10 10 10 10 10 10 8 2 10 10 10 8 2 8
left_child=1 11 3 13 -5 -2 7 9 -9 -7 -8 -1 -12 -3 16 -16 -4
right_child=5 2 14 4 -6 6 10 8 -10 -11 12 -13 -14 -15 15 -17 -18
leaf_value=-0.0033606292590316941 0.007682805828574165 5.0894427436732213e-05 -0.00030667297694058178 0.0019563335823484674 -0.00139863216907425 -0.0024613372880300959 0.0071873239914116436 -0.0073096555729985887 0.0030827882990228394 0.0050770652094679763 0.0029719712263680843 0.0026538578043821901 -0.0035165526857063281 -0.002215174270812094 -0.00081941568277376438 0.0063478955652825787 -0.0035931012915781345
leaf_weight=163.26290458440781 19.71504482626915 534.23294522613287 132.41601713001728 432.43922831118107 131.78406862914562 23.808302253484726 31.574524715542793 43.679001733660698 23.410480067133904 50.304018676280975 89.90400005877018 22.484785914421082 20.782216265797615 189.47005365788937 122.79075632989407 24.291756391525269 193.06905248016119
leaf_count=704 84 2251 563 1847 562 104 135 187 103 214 397 95 92 805 518 108 836
internal_value=-0.000164618 -0.000462802 -0.000233691 0.000208052 0.001172 0.0017464 0.00131656 -0.000362177 -0.00368859 0.00265503 0.00297676 -0.00262573 0.00174002 -0.000543861 -0.00143622 0.000387481 -0.00225943
internal_weight=2249.42 1946.24 1760.49 1287.93 564.223 303.178 283.463 141.202 67.0895 74.1123 142.261 185.748 110.686 723.703 472.568 147.083 325.485
internal_count=9605 8289 7490 5465 2409 1316 1232 608 290 318 624 799 489 3056 2025 626 1399
is_linear=0
shrinkage=0.011451


Tree=419
num_leaves=18
num_cat=0
split_feature=6 9 28 22 31 9 28 29 5 26 31 28 29 18 8 31 21
split_gain=9.56418 6.91282 8.00985 6.88984 6.61175 7.56306 5.8441 10.2984 8.0096 8.92156 9.34597 5.6553 5.14127 5.1254 5.01557 7.21966 6.10547
threshold=1.7167197703807957 0.11773005498495696 0.22127806038804951 -126.49999999999999 96.177753248932518 1.0000000180025095e-35 -0.0089693973679521224 -14.864850427350424 -0.56002803741759688 -0.16024591053693713 -5.5633423054797495 0.069517648383978101 0.35891477803242516 0.91287878787878796 0.062371589548884367 67.970953733084016 13.500000000000002
decision_type=10 10 10 10 2 8 10 10 10 10 2 10 10 8 10 2 2
left_child=1 4 3 -3 14 -6 8 -8 13 -10 -11 -5 -9 -2 16 -16 -1
right_child=6 2 -4 11 5 -7 7 12 9 10 -12 -13 -14 -15 15 -17 -18
leaf_value=-0.00042594921608837469 0.0065269658206667715 -0.0067523238129157696 0.0026516236283208264 -0.00077759125129489733 -0.0011162480353542436 0.0089448508294631239 0.0041866038408478997 -0.0057904008009043309 -0.0033119085240982987 0.0096414963927660795 0.00015830757576327427 -0.0047177366752884208 0.00074777284025570189 -7.9847736864754868e-06 0.001646675950643182 -0.0056605019506118992 -0.0050573902194152014
leaf_weight=1272.9209283217788 77.528302982449532 45.107398957014084 41.965678036212921 170.39228866994381 17.423409014940262 21.338752470910549 38.393256977200508 39.569727957248688 43.059965744614601 20.366499021649361 38.779301434755325 65.90189453959465 25.712198123335838 19.70098190009594 254.8070183545351 18.408142507076263 37.797464057803154
leaf_count=5404 347 195 181 725 79 99 165 167 183 85 168 281 109 92 1079 81 165
internal_value=-0.000162709 -0.000457547 -0.00198459 -0.00268059 -0.000152556 0.00447969 0.00172712 -0.000476602 0.00287049 0.000624014 0.00349443 -0.00188661 -0.00323361 0.00521174 -0.000267743 0.00114184 -0.000561995
internal_weight=2249.17 1946.06 323.367 281.402 1622.7 38.7622 303.11 103.675 199.435 102.206 59.1458 236.294 65.2819 97.2293 1583.93 273.215 1310.72
internal_count=9605 8289 1382 1201 6907 178 1316 441 875 436 253 1006 276 439 6729 1160 5569
is_linear=0
shrinkage=0.011451


Tree=420
num_leaves=14
num_cat=0
split_feature=31 28 19 10 29 9 7 9 21 11 31 14 20
split_gain=10.3431 8.03746 5.76235 7.74555 6.18781 5.88758 5.74391 5.61217 5.32972 10.3402 5.49893 6.42638 6.39918
threshold=102.05040405783622 0.18694582765657222 -0.39444444444444438 -0.089779614021152296 -8.1808583959899721 -0.32315462315462312 0.54057901914860029 -0.75595238095238082 12.500000000000002 0.038834545186732468 -45.615054406134952 0.17902930402930406 0.43095238095238103
decision_type=2 10 8 10 10 8 8 10 2 10 2 10 10
left_child=1 8 3 -3 7 -6 -2 -4 10 -10 12 -12 -1
right_child=6 2 4 -5 5 -7 -8 -9 9 -11 11 -13 -14
leaf_value=-0.0014759107387781088 0.0015788791954034652 -0.0027048617471415242 -0.0036066009904821947 0.0064554949377597631 -0.010248139963939336 -0.0032542079807473348 0.0088532555577288691 0.0018225305740077764 -0.0069176263606395214 0.0025381755864397467 0.0010479111400451854 -0.00080409479570291435 0.0046201982628727824
leaf_weight=286.65116207301617 31.582260966300964 24.338325351476669 43.345188744366169 22.890974745154381 18.414623245596886 100.18612781912088 25.792108401656151 57.073455199599266 36.023025810718536 25.38186714053154 1210.6162893027067 307.66572092473507 23.86320298910141
leaf_count=1256 152 105 189 98 83 436 121 250 157 107 5098 1315 102
internal_value=0.000142401 1.4011e-05 -0.00184614 0.00176285 -0.00262736 -0.00439104 0.00491276 -0.000529207 0.000276583 -0.00302368 0.000388449 0.000672432 -0.00099858
internal_weight=2213.82 2156.45 266.249 47.2293 219.019 118.601 57.3744 100.419 1890.2 61.4049 1828.8 1518.28 310.514
internal_count=9469 9196 1161 203 958 519 273 439 8035 264 7771 6413 1358
is_linear=0
shrinkage=0.011451


Tree=421
num_leaves=16
num_cat=0
split_feature=28 5 25 26 0 8 19 25 16 27 0 28 11 8 28
split_gain=8.05256 5.76212 5.37951 6.6726 5.32791 4.84182 7.05602 4.75178 4.72336 7.53849 6.53153 4.30666 6.40192 4.02066 3.4695
threshold=0.18694582765657222 -2.4684831984545013 1.0000000180025095e-35 -0.92426310307896953 1.2826830937713896 0.15135718249786428 -1.0000000180025095e-35 4.5000000000000009 1.0000000180025095e-35 -0.057957147579493488 -1.4387405886379196 -0.098890122246156703 0.062316678290691659 -0.0062980331063800235 -0.072965537050574569
decision_type=10 8 2 10 10 10 10 2 2 10 8 10 8 8 10
left_child=1 11 3 -2 -4 6 -5 8 10 -10 -3 -1 -13 -6 -9
right_child=2 7 4 5 13 -7 -8 14 9 -11 -12 12 -14 -15 -16
leaf_value=-0.00043426458203230708 0.004789092961640911 0.00095978885301722342 -0.0074896190479577353 0.0015052738718371709 -0.0052199466098327455 -0.005360070040221673 -0.0037261808504978288 -0.0069674495251286399 0.0033284018377289066 0.00019658962391147584 -0.00063465458034348465 0.00060486578727825626 0.0080675705608781612 0.002321118321734603 -7.1836550164864791e-05
leaf_weight=28.81072311848402 24.450312733650208 571.53511691838503 35.561122685670853 84.538891986012459 16.841767087578773 33.957180500030518 55.403706230223179 19.689253464341164 162.94945408403873 262.67487265914679 818.54699492454529 26.257059693336487 35.09393410384655 19.126879513263702 18.082727193832397
leaf_count=134 106 2427 152 365 82 145 244 84 697 1122 3476 113 157 84 81
internal_value=0.000140782 0.0003983 -0.00171026 -0.000733411 -0.00438745 -0.00152511 -0.000573676 0.000260208 0.000344429 0.00139891 2.10491e-05 0.00321447 0.00491427 -0.00124042 -0.00372444
internal_weight=2213.52 1943.64 269.88 198.35 71.5298 173.9 139.943 1853.48 1815.71 425.624 1390.08 90.1617 61.351 35.9686 37.772
internal_count=9469 8291 1178 860 318 754 609 7887 7722 1819 5903 404 270 166 165
is_linear=0
shrinkage=0.011451


Tree=422
num_leaves=14
num_cat=0
split_feature=0 3 7 14 1 2 2 8 14 2 15 15 11
split_gain=10.0084 8.35109 7.24319 7.17591 9.46567 8.87756 6.3557 8.7536 5.92919 5.35957 3.48339 3.2329 2.55358
threshold=-8.3586584531143018 -0.074618096357226868 -1.6940183763768439 -0.22163742690058474 7.7000000000000037 11.450000000000005 -7.700000000000002 -0.021300026304243627 -1.0000000180025095e-35 -2.5499999999999967 0.11791443850267382 -0.09513035983624217 -0.12432621792492614
decision_type=8 8 8 8 10 8 10 10 10 8 8 8 10
left_child=6 10 8 5 -5 -4 -1 12 -3 -10 -2 -9 -8
right_child=1 2 3 4 -6 -7 7 11 9 -11 -12 -13 -14
leaf_value=0.0084455938371470925 -0.0087601864995213302 -0.0026379325337213518 0.001777377954094241 -0.0010305517484508655 0.0021575926050602118 -0.0037899834274627603 0.00089227376506495232 0.0086226058036622307 0.00013812718871083853 0.0053723349300147626 -0.0018974136062786526 0.0024061785005031343 -0.0046961512975654922
leaf_weight=22.938364513218403 20.409108713269234 25.433870419859886 295.08204190433025 1461.8628227338195 132.62143956124783 42.389004439115524 20.25360532104969 19.595991112291813 40.648047789931297 69.033752143383026 18.827479489147663 25.54036621004343 21.698890268802643
leaf_count=107 88 111 1261 6210 563 188 87 94 172 298 82 118 96
internal_value=-0.000187966 -0.000364232 -0.000263986 -0.000443518 -0.000764591 0.00107202 0.00316837 0.00172512 0.00229269 0.00344502 -0.00555333 0.00519076 -0.00202628
internal_weight=2216.33 2106.31 2067.07 1931.96 1594.48 337.471 110.027 87.0889 135.116 109.682 39.2366 45.1364 41.9525
internal_count=9475 8973 8803 8222 6773 1449 502 395 581 470 170 212 183
is_linear=0
shrinkage=0.011451


Tree=423
num_leaves=15
num_cat=0
split_feature=0 3 7 14 2 18 2 7 2 29 2 5 15 5
split_gain=9.79537 8.17234 7.07936 7.0119 8.67797 6.38296 6.23617 6.55057 5.80019 7.43365 5.69964 3.80525 5.67043 3.73947
threshold=-8.3586584531143018 -0.074618096357226868 -1.6940183763768439 -0.22163742690058474 11.450000000000005 0.46547619047619054 -7.700000000000002 4.0331871352658739 -2.5499999999999967 8.096130952380955 6.3500000000000094 0.29938352264801732 -0.099999999999999978 0.78416567680258331
decision_type=8 8 8 8 8 10 10 8 8 8 10 10 8 8
left_child=6 13 8 4 -4 -5 -1 11 9 -3 -10 12 -8 -2
right_child=1 2 3 5 -6 -7 7 -9 10 -11 -12 -13 -14 -15
leaf_value=0.0083705089899961792 -0.0086772838822703428 0.0033247207031754907 0.0017567999748811436 -0.00067021589711606518 -0.0037481198741960019 -0.0069064198899417223 0.0057897985657333834 -0.0041566360455322767 0.0057251188485268664 -0.0052668970536822709 -0.0013838665577051398 0.006371208953410209 -0.0029472834881616155 -0.0015603801438278712
leaf_weight=22.885351374745369 21.237307958304882 27.297229588031769 295.12735506892204 1573.299730733037 42.379095010459423 21.167127817869186 16.812129929661751 18.912461906671524 64.603799000382423 24.378216758370399 18.829560279846191 29.923239424824715 21.38181434571743 17.977535605430603
leaf_count=107 92 114 1261 6683 188 90 82 82 280 106 81 131 100 78
internal_value=-0.000185798 -0.000360095 -0.000260955 -0.000438439 0.00105958 -0.000755839 0.0031364 0.00170718 0.00226671 -0.000743797 0.00412247 0.00335961 0.00093174 -0.00549478
internal_weight=2216.21 2106.3 2067.08 1931.97 337.506 1594.47 109.915 87.0296 135.109 51.6754 83.4334 68.1172 38.1939 39.2148
internal_count=9475 8973 8803 8222 1449 6773 502 395 581 220 361 313 182 170
is_linear=0
shrinkage=0.011451


Tree=424
num_leaves=18
num_cat=0
split_feature=24 21 22 10 3 5 2 15 3 9 9 29 7 18 30 26 5
split_gain=7.55163 8.30329 8.90759 9.41519 7.74668 6.69309 6.4518 6.39993 8.78777 8.86934 8.26764 5.48683 5.4706 13.0176 7.41881 4.63357 4.49286
threshold=-1.0000000180025095e-35 -9.4999999999999982 -118.49999999999999 -0.20687325235738793 -0.013282221864094555 2.4470354944749881 7.6500000000000066 -0.028708791208791214 -0.014468880141848104 -0.46609195402298847 -0.047269116186693126 -21.785714285714281 0.67052050936411278 -0.25137362637362631 -0.80515873015872985 0.57356931415750345 -0.48822774074137748
decision_type=2 2 10 8 8 10 10 10 8 8 8 10 10 10 8 10 8
left_child=1 4 11 16 -1 7 -5 12 9 -9 -10 -3 14 -14 -2 -7 -4
right_child=5 2 3 6 -6 15 -8 8 10 -11 -12 -13 13 -15 -16 -17 -18
leaf_value=0.0073560815770035495 -0.0058174588943689914 -0.0031023080519764464 -0.0045956118124870536 -0.0032358655223630583 -0.00093448905108509106 -0.00091347081639756456 0.0033609902101196325 0.0070500365370260469 0.00059407636483884015 -0.00084328519576640736 0.0035153622004011542 0.0038303475645551218 0.0040671912297016765 -0.0042085171821394851 0.0006898014464085491 -0.0067195935067045119 -0.012771513580870197
leaf_weight=24.488608226180077 22.937376201152802 22.468558266758919 19.329126238822937 121.84727820754051 35.522752836346626 97.506565764546394 22.547191575169563 19.654652655124664 206.0098672658205 229.12780110538006 332.03742810338736 41.981334745883942 33.338519304990768 93.244459837675095 870.69375246018171 21.530490681529045 17.592016041278839
leaf_count=105 98 100 83 527 154 434 97 83 880 978 1426 179 143 397 3687 95 79
internal_value=0.000362458 -0.00130744 -0.0022394 -0.00353576 0.00249201 0.000627923 -0.00219512 0.000801374 0.0015769 -0.000202613 0.00239895 0.0014065 0.00020262 -0.00201909 0.000518589 -0.00199502 -0.00864773
internal_weight=2231.86 305.777 245.766 181.316 60.0114 1926.08 144.394 1807.04 786.83 248.782 538.047 64.4499 1020.21 126.583 893.631 119.037 36.9211
internal_count=9545 1324 1065 786 259 8221 624 7692 3367 1061 2306 279 4325 540 3785 529 162
is_linear=0
shrinkage=0.011451


Tree=425
num_leaves=16
num_cat=0
split_feature=24 0 2 8 3 25 19 19 13 3 28 14 6 28 22
split_gain=7.38327 7.44255 7.13621 7.85738 8.43849 10.3153 7.02681 6.852 7.21271 8.45092 7.30349 6.55143 6.1994 8.36492 6.57314
threshold=-1.0000000180025095e-35 -12.765229295003422 7.6500000000000066 -0.14549438952424018 -0.012387602475290358 -2.4999999999999996 0.33974358974358981 0.08333333333333337 -0.38214285714285706 0.015730875704320083 -0.18298425429718798 -0.011834733893557379 -1.2652870339352977 0.16159396745822655 -230.49999999999997
decision_type=2 10 10 8 8 2 8 8 10 8 10 8 8 10 8
left_child=2 -2 3 -1 5 -5 -4 8 9 -3 -10 -6 13 -9 -14
right_child=1 7 6 4 11 -7 -8 12 10 -11 -12 -13 14 -15 -16
leaf_value=-0.0084303480228485796 0.0064599063120785363 0.0095806354433006016 -0.0013072228180839632 0.0076091368337936538 -0.00037872598245313382 -0.00089371653014890787 0.007639120758209922 -0.00036424301005858086 0.0041279664491793034 -1.8830355642097604e-05 0.00059144086792880786 -0.0056820277458927747 0.0048944123835889383 -0.0057005628593831265 0.00021269260012114966
leaf_weight=22.259565681219101 27.546526879072189 29.043165549635887 24.350494042038918 22.892667084932327 52.907658413052559 90.419558435678482 20.898529723286629 139.60521423816681 90.397694416344166 20.200174406170845 483.36504177749157 71.927316829562187 40.20533812046051 52.586442902684212 1043.0283073037863
leaf_count=99 121 124 104 98 228 392 91 602 396 90 2058 312 180 237 4413
internal_value=0.000358299 0.000620756 -0.00129324 -0.00202305 -0.00140242 0.000858384 0.00287532 0.000533804 0.00151743 0.00569487 0.00115275 -0.00344825 5.27931e-05 -0.00183891 0.000389346
internal_weight=2231.63 1925.98 305.656 260.407 238.147 113.312 45.249 1898.43 623.006 49.2433 573.763 124.835 1275.43 192.192 1083.23
internal_count=9545 8221 1324 1129 1030 490 195 8100 2668 214 2454 540 5432 839 4593
is_linear=0
shrinkage=0.011451


Tree=426
num_leaves=18
num_cat=0
split_feature=28 23 0 21 25 8 23 18 27 3 21 29 0 22 30 3 10
split_gain=12.138 7.88838 8.82358 11.924 9.07415 6.93995 6.42617 9.58996 8.29523 8.24806 8.02033 6.48874 6.17896 5.10083 8.32967 6.77902 4.99854
threshold=-0.049056000853390881 -580.61904761904748 8.4654346338124569 1.0000000180025095e-35 4.5000000000000009 0.056842391442901243 -143.56666666666669 0.35912698412698418 0.19335471666617943 0.013500249198397986 -4.4999999999999991 -7.7340909090909085 -3.2375085557837102 -49.499999999999993 -0.3887626262626262 0.043922590663545098 -0.079532742709147494
decision_type=10 8 8 2 2 10 10 8 10 10 2 10 10 10 10 8 8
left_child=1 -1 4 -4 5 -3 7 16 13 10 -9 -11 -10 14 -8 -15 -2
right_child=6 2 3 -5 -6 -7 8 9 12 11 -12 -13 -14 15 -16 -17 -18
leaf_value=-0.0058152370385979391 -0.0019590216365415357 0.00084796029986941265 -0.0087971313199299989 0.0008193317435088919 -0.0066928508619470105 0.0033987574833105527 0.0018662660419606694 -0.0091756055595914893 -0.0081084785900796316 0.0060406471759216276 -0.0012294035281958402 -0.00099583496640585066 -0.0016615168691708423 0.0013637367421490379 -0.0031505690284088185 -0.0025905857121183954 -0.0069544826383504685
leaf_weight=23.109499484300613 43.560304470360279 946.4962989911437 27.874290615320206 41.240570873022079 18.655817821621895 163.63814019411802 64.821499302983284 19.682929202914238 27.011601805686951 32.23633049428463 93.460086524486542 35.642601251602173 67.617959544062614 372.19324474036694 128.49776947498322 66.445694036781788 68.227423936128616
leaf_count=99 187 3998 125 176 79 729 278 86 116 136 406 152 284 1596 547 292 293
internal_value=-5.18333e-05 0.000718131 0.000847316 -0.00310574 0.00109104 0.00122576 -0.000973949 -0.00240414 -0.000395925 -0.000769581 -0.00265714 0.00237195 -0.00354537 7.88929e-05 -0.00146776 0.000761726 -0.00503092
internal_weight=2240.41 1221.01 1197.91 69.1149 1128.79 1110.13 1019.4 292.81 726.588 181.022 113.143 67.8789 94.6296 631.958 193.319 438.639 111.788
internal_count=9579 5206 5107 301 4806 4727 4373 1260 3113 780 492 288 400 2713 825 1888 480
is_linear=0
shrinkage=0.011451


Tree=427
num_leaves=18
num_cat=0
split_feature=28 23 0 21 25 7 24 28 23 18 27 21 14 28 17 30 22
split_gain=11.8637 7.71274 8.63062 11.6897 8.87435 7.2849 7.05769 9.87691 7.97784 14.4247 12.0492 7.53496 6.51486 6.44916 6.44714 6.31675 4.40021
threshold=-0.049056000853390881 -580.61904761904748 8.4654346338124569 1.0000000180025095e-35 4.5000000000000009 -3.3008442956712369 1.0000000180025095e-35 0.010661651183524003 -95.897817460317427 -0.074933155080213878 0.19335471666617943 3.5000000000000004 -0.047338935574229683 -0.018274647339304211 0.042261904761904771 0.90083333333333349 -49.499999999999993
decision_type=10 8 8 2 2 8 2 10 10 8 10 2 10 10 8 10 10
left_child=1 -1 4 -4 5 -3 8 -8 9 -2 13 14 -13 -10 -9 -11 -12
right_child=6 2 3 -5 -6 -7 7 11 10 15 16 12 -14 -15 -16 -17 -18
leaf_value=-0.0057500325014370034 -0.012008658068241678 -0.0054903616422386052 -0.008717323471833625 0.0008100191969755699 -0.0066193465304257336 0.001339570005279892 0.0058273905252806393 -0.0026464371030836863 -0.0040184304971690385 -0.0026318753638631823 -0.00097814218170304431 -0.0069976091039706543 0.00030444283303174155 0.00057013348978747621 0.0048856000961241385 0.0041229599399756284 -0.0068767268482193182
leaf_weight=23.111432865262032 20.411233678460121 20.228577330708504 27.813786000013351 41.244617938995361 18.65434704720974 1089.7734241858125 43.427760854363441 22.293218567967415 43.723606526851654 270.06704978644848 25.6226786673069 30.478836297988892 32.889674678444862 421.64334964007139 42.303154289722443 18.874568685889244 47.668139085173607
leaf_count=99 89 86 125 176 79 4641 184 96 186 1162 109 133 142 1810 181 80 201
internal_value=-5.13899e-05 0.000709915 0.000837679 -0.00307357 0.00107866 0.0012119 -0.00096299 0.00115308 -0.00139124 -0.00285484 -0.000548211 -0.000455104 -0.00324375 0.000133913 0.0022857 -0.0021822 -0.00484181
internal_weight=2240.23 1220.83 1197.71 69.0584 1128.66 1110 1019.4 171.393 848.011 309.353 538.658 127.965 63.3685 465.367 64.5964 288.942 73.2908
internal_count=9579 5206 5107 301 4806 4727 4373 736 3637 1331 2306 552 275 1996 277 1242 310
is_linear=0
shrinkage=0.011451


Tree=428
num_leaves=18
num_cat=0
split_feature=8 11 9 18 31 30 23 11 2 14 3 14 18 14 3 30 9
split_gain=10.3882 11.1388 8.55152 8.16022 7.97899 7.51654 7.45003 7.42778 6.96507 5.50247 7.69897 7.59782 10.8685 8.3515 7.98441 6.74155 5.12323
threshold=-0.076656568499487279 -0.10172571764804776 -0.054516317016316991 -0.18834841628959273 93.958121973821008 -0.23543256720215727 279.58333333333343 0.037497724790680649 -2.5499999999999967 0.21846590909090913 0.029964747356051761 0.089285714285714302 0.33578431372549028 -0.21380952380952375 -0.057153795656102006 0.13332369385000967 -0.13106060606060607
decision_type=8 8 8 10 2 8 10 10 10 8 8 10 8 10 10 8 10
left_child=9 -2 3 5 6 -3 -4 -6 -5 11 15 12 13 -1 -14 -11 -17
right_child=1 2 4 8 7 -7 -8 -9 -10 10 -12 -13 14 -15 -16 16 -18
leaf_value=-0.010439500098462173 -0.0020950478308714216 0.0050426663664904451 -0.00028681075087793787 0.0064059812863446509 0.00051850378232025309 -0.0018962594112568077 0.0032310571768235201 0.0091290298074289521 0.0019688695507406001 -0.010408184926466854 0.0010708582457644319 0.0028586674226463815 -0.005615547409878986 -0.0027707780180087844 0.0018027342874612994 -4.7802205952378924e-05 -0.0072080145598443649
leaf_weight=21.616409793496132 234.56186531484127 26.383530586957932 1108.7606716901064 75.257856771349907 28.514819324016571 83.539646923542023 84.322861477732658 23.831869028508663 121.64579932391644 26.924679279327393 28.84127826243639 55.067522779107094 22.227292001247406 119.7074379324913 112.14247472584248 28.54775096476078 23.571754783391953
leaf_count=95 1012 113 4691 321 133 357 365 116 518 114 123 235 102 520 480 122 100
internal_value=-0.000160541 0.000227249 0.000578916 0.00228909 0.000156601 -0.000210555 -3.65248e-05 0.00450374 0.00368056 -0.00173816 -0.00397629 -0.00100165 -0.00177772 -0.00398701 0.000554074 -0.00581146 -0.00333595
internal_weight=2225.47 1786.82 1552.26 306.827 1245.43 109.923 1193.08 52.3467 196.904 438.647 107.885 330.761 275.694 141.324 134.37 79.0442 52.1195
internal_count=9517 7626 6614 1309 5305 470 5056 249 839 1891 459 1432 1197 615 582 336 222
is_linear=0
shrinkage=0.011451


Tree=429
num_leaves=18
num_cat=0
split_feature=8 11 9 18 5 0 4 2 20 14 14 18 14 2 13 12 14
split_gain=10.1601 10.8884 8.35743 7.97365 7.82336 7.35703 7.26898 6.80204 5.60924 5.37996 7.4286 10.6304 8.19851 7.01804 5.59092 7.17757 4.95226
threshold=-0.076656568499487279 -0.10172571764804776 -0.054516317016316991 -0.18834841628959273 -1.9999820682386484 4.5188227241615335 0.16154120358412541 -2.5499999999999967 -0.10357142857142856 0.21846590909090913 0.089285714285714302 0.33578431372549028 -0.21380952380952375 20.300000000000001 0.17817460317460321 -0.19437017231134876 0.3458041958041958
decision_type=8 8 8 10 8 8 8 10 10 8 10 8 10 8 8 10 10
left_child=9 -2 3 8 5 -4 -6 -5 -3 10 11 12 -1 -13 15 -11 -17
right_child=1 2 4 7 6 -7 -8 -9 -10 14 -12 13 -14 -15 -16 16 -18
leaf_value=-0.010344553624600699 -0.0020715304494553451 -0.0029728836973436767 0.0043654523964793308 0.0063310336584595098 -0.001924054058384193 -0.0036190990739187905 0.00033908473799423101 0.0019465678250693507 0.0021835008064721205 -0.0066713359243637848 0.0028261259387547116 0.0015954393418540259 -0.0027398756154273928 -0.0059116634157585285 -0.0074914432929421293 -0.0026131211119207695 0.0049631078188284985
leaf_weight=21.571353510022163 234.51608487963676 50.905640348792076 91.858676791191101 75.28447662293911 233.7604326531291 17.567148193717003 902.13622683286667 121.63819217681885 59.017956137657166 26.291034244000912 55.071365877985954 116.04199799150229 119.67899110913277 18.327506184577942 37.173767685890198 24.486478269100189 19.92572782933712
leaf_count=95 1012 219 418 321 993 74 3820 518 251 115 235 497 520 85 158 103 83
internal_value=-0.000158748 0.000224759 0.000572439 0.00226301 0.000154901 0.00306955 -0.000127505 0.00363838 -0.000207927 -0.0017191 -0.000990721 -0.00175831 -0.00394412 0.000547511 -0.00393222 -0.0020087 0.00080898
internal_weight=2225.25 1786.68 1552.17 306.846 1245.32 109.426 1135.9 196.923 109.924 438.568 330.691 275.62 141.25 134.37 107.877 70.7032 44.4122
internal_count=9517 7626 6614 1309 5305 492 4813 839 470 1891 1432 1197 615 582 459 301 186
is_linear=0
shrinkage=0.011451


Tree=430
num_leaves=14
num_cat=0
split_feature=25 19 4 0 30 3 31 8 6 14 15 4 30
split_gain=7.61969 5.55002 6.40114 6.23782 6.46592 5.43948 6.94364 10.4047 6.54783 6.57454 5.92964 5.18778 4.04462
threshold=5.5000000000000009 0.60357142857142876 0.53006997100501818 -2.5503080082135514 0.10633332115039434 0.015061534429554603 30.453032781019264 -0.0037310444316009657 2.6680447461172201 0.46291208791208799 -0.49074074074074064 1.3366243817601413 -0.31226503759398488
decision_type=2 10 10 8 8 10 2 8 10 10 8 10 10
left_child=1 5 3 -3 -5 6 10 -8 9 -7 -1 -4 -10
right_child=-2 2 11 4 -6 8 7 -9 12 -11 -12 -13 -14
leaf_value=0.0053569355606109675 -0.006342764100179899 0.00075390466019458564 0.0053512437038942375 -0.0018263360051988516 -0.01035113563526458 0.0012571504101268889 -0.0012977983742992337 0.0025418972205928981 0.0089765832065387095 -0.0041573794289867334 -0.0006071031343868943 -0.0021326213800214443 0.0018180896962324306
leaf_weight=21.655787885189056 22.771677449345589 21.027979031205177 20.048757180571556 20.870236873626709 26.802972331643105 518.80781026184559 138.78146490454674 275.07410442829132 21.71911646425724 30.530638620257378 1072.4484212547541 28.768832951784134 20.031138449907303
leaf_count=93 100 89 85 89 119 2204 591 1209 96 130 4560 123 88
internal_value=0.000152702 0.000221308 -0.00219331 -0.00442989 -0.00669538 0.000357144 -7.95843e-06 0.00125429 0.00128754 0.00095158 -0.000485885 0.000971411 0.00562412
internal_weight=2239.34 2216.57 117.519 68.7012 47.6732 2099.05 1507.96 413.856 591.089 549.338 1094.1 48.8176 41.7503
internal_count=9576 9476 505 297 208 8971 6453 1800 2518 2334 4653 208 184
is_linear=0
shrinkage=0.011451


Tree=431
num_leaves=14
num_cat=0
split_feature=25 21 2 23 2 19 9 21 5 23 28 25 22
split_gain=7.45761 5.63019 14.4441 9.16541 7.95666 6.73004 7.37871 10.838 6.88307 5.57982 5.06731 6.84129 3.17186
threshold=5.5000000000000009 2.5000000000000004 26.649999999999995 -251.27499999999995 -7.6500000000000048 0.60357142857142876 -0.30073529411764699 -13.499999999999998 0.071456535492726583 -315.98883572567775 -0.03981078782678197 1.0000000180025095e-35 27.500000000000004
decision_type=2 2 8 8 10 10 10 2 10 10 10 2 10
left_child=1 5 3 9 -5 6 8 -8 -1 -3 11 -7 -12
right_child=-2 2 -4 4 -6 10 7 -9 -10 -11 12 -13 -14
leaf_value=-0.0001201251219701615 -0.0062780563393011928 -0.00074783363971225273 0.0089948061748352272 -0.0021462979095465979 0.0019491726426974383 0.003962330553335335 0.0066647787929710054 0.00055427107080577027 -0.00263301346304171 -0.0079825233133581051 -0.0088950431510232547 -0.0043667238865912348 -0.0026606931127874079
leaf_weight=627.89569713175297 22.749893754720688 37.932960242033005 28.951535321772099 73.129605814814568 398.17986609041691 23.024460583925247 39.568268537521362 709.92940355092287 184.41985104233027 21.619137182831764 22.121973514556885 27.830640703439713 21.694817960262299
leaf_count=2646 100 161 139 312 1703 98 172 3049 794 92 96 119 95
internal_value=0.000150971 0.00021882 0.0012109 0.000775702 0.00131159 -0.000116805 6.34638e-05 0.000882466 -0.000692307 -0.00343318 -0.00307048 -0.000593313 -0.00589389
internal_weight=2239.05 2216.3 559.813 530.862 471.309 1656.49 1561.81 749.498 812.316 59.5521 94.6719 50.8551 43.8168
internal_count=9576 9476 2407 2268 2015 7069 6661 3221 3440 253 408 217 191
is_linear=0
shrinkage=0.011451


Tree=432
num_leaves=18
num_cat=0
split_feature=14 3 1 22 11 9 23 15 29 21 3 3 21 25 12 26 0
split_gain=6.33383 9.59129 8.02567 8.82026 6.88251 7.95241 9.16647 8.25304 7.31634 7.29841 15.7423 11.5648 17.4087 9.88469 9.50355 8.23501 7.11757
threshold=-0.20806277056277053 -0.08680365365585567 -5.1000000000000076 -153.49999999999997 -0.091591241954976407 0.63714733542319768 66.526785714285737 -0.13717105263157894 2.2695507708665592 -1.0000000180025095e-35 -0.059061957151129212 0.074618096357226896 1.5000000000000002 -1.4999999999999998 0.53713810641627557 0.082734939799383261 -1.2197125256673524
decision_type=8 10 10 10 8 8 10 10 10 2 10 8 2 2 10 8 10
left_child=1 -1 -3 -4 5 6 7 -2 -8 10 15 14 -13 -12 -11 -6 -7
right_child=4 2 3 -5 9 16 8 -9 -10 11 13 12 -14 -15 -16 -17 -18
leaf_value=-0.0061692820873549782 -0.0017391203971488009 -0.0023838590171487957 -0.0026882194838450217 0.0031533071022157616 -0.010910389957918074 0.0060177699328404673 -0.0026217682069407059 -0.008529815601322344 0.0049760922734014201 0.000322525340413948 0.0021880644391814503 0.00095608874761839364 0.0091995531754446268 -0.0011685300214764871 -0.0061403151199837837 -0.0031684978545887059 -0.0018428135815455823
leaf_weight=20.501702442765236 40.973174557089806 52.044302344322205 38.068090111017227 278.34395384788513 24.77241038531065 25.379670783877373 57.100067026913166 55.60111677646637 22.673203557729721 761.89727317541838 159.39489170908928 111.50047785788774 47.526927158236504 408.41531747579575 30.387444093823433 64.987974017858505 35.431071102619171
leaf_count=96 176 224 163 1190 112 107 247 242 97 3223 683 468 224 1738 134 286 155
internal_value=6.50345e-06 0.00133325 0.00176103 0.00244635 -0.000273418 -0.00209168 -0.00331986 -0.00568024 -0.000439095 -4.64497e-06 -0.000931774 0.000636412 0.00344768 -0.000224819 6.97238e-05 -0.00536944 0.00146735
internal_weight=2235 388.958 368.456 316.412 1846.04 237.158 176.348 96.5743 79.7733 1608.88 657.571 951.312 159.027 567.81 792.285 89.7604 60.8107
internal_count=9565 1673 1577 1353 7892 1024 762 418 344 6868 2819 4049 692 2421 3357 398 262
is_linear=0
shrinkage=0.011451


Tree=433
num_leaves=14
num_cat=0
split_feature=14 9 3 8 26 26 11 26 0 12 27 29 29
split_gain=6.21715 7.21089 7.25992 6.76428 14.3627 7.44128 6.80744 8.0809 7.92623 6.5535 5.96458 5.26272 4.69339
threshold=0.58368347338935589 0.50025641025641032 0.012414578622255592 -0.0083688404252350839 0.25204794963864446 -0.078520299359267756 -0.091591241954976407 0.33339508459923434 5.2936344969199167 0.021671112558287079 0.0015893350957173898 10.388095238095239 16.95317460317461
decision_type=10 10 10 10 10 10 10 10 8 8 10 10 8
left_child=1 3 12 4 5 -1 7 -5 -8 -2 -11 -6 -3
right_child=9 2 -4 6 11 -7 8 -9 -10 10 -12 -13 -14
leaf_value=-0.00027762606922765551 -0.0083540530851679388 0.0026173262862308161 -0.007518070087976979 -0.0020488014032382677 -0.0024801341005201562 0.0019506266716018143 0.0022471448943835238 0.0033418071457708555 -0.001455659683333763 -0.0052250107775536278 0.0029527278130217246 -0.008625032198964315 -0.004305771378157866
leaf_weight=845.82334137707949 22.441553473472595 27.789980605244637 30.952018216252327 151.09645330905914 172.46939122676849 255.29071650654078 504.32974524796009 47.357545346021652 88.722096651792526 21.185450956225395 24.536952793598175 19.98627382516861 22.750101700425148
leaf_count=3586 94 119 134 645 744 1099 2177 200 381 90 109 87 100
internal_value=6.35976e-06 0.000113961 -0.00321371 0.000244998 -0.000265196 0.000239852 0.00107834 -0.000755587 0.00169219 -0.00338188 -0.000856937 -0.00314568 -0.000514429
internal_weight=2234.73 2166.57 81.4921 2085.08 1293.57 1101.11 791.506 198.454 593.052 68.164 45.7224 192.456 50.5401
internal_count=9565 9272 353 8919 5516 4685 3403 845 2558 293 199 831 219
is_linear=0
shrinkage=0.011451


Tree=434
num_leaves=10
num_cat=0
split_feature=0 31 10 21 20 4 4 4 26
split_gain=7.80732 5.87269 9.35503 7.22 11.6986 6.39473 7.03412 6.14703 2.449
threshold=-12.765229295003422 96.177753248932518 -0.14346753799673129 13.500000000000002 0.086309523809523836 4.5171804034072975 2.8040986710539868 0.90444073383020884 -0.30065839311517167
decision_type=8 2 8 2 10 10 10 10 10
left_child=-1 3 -3 5 8 6 -2 -4 -5
right_child=1 2 7 4 -6 -7 -8 -9 -10
leaf_value=0.0071603483106336876 -8.0678771765597639e-05 -0.0039248923039597056 0.0086028040149174357 -0.010998888117889193 0.0027682749309179341 0.0048753355181672675 -0.0035024834920340826 0.00080749993375475574 -0.0047786260597594424
leaf_weight=18.724518895149231 1950.0129511132836 18.364051580429077 31.83832723647356 18.48272667825222 19.678719595074654 32.17062945663929 81.430560111999512 22.663489930331707 17.804815843701363
leaf_count=87 8311 82 150 80 83 138 348 108 79
internal_value=-7.4497e-05 -0.000138431 0.00304314 -0.000248722 -0.00428256 -0.000137983 -0.00021894 0.00540992 -0.0080873
internal_weight=2211.17 2192.45 72.8659 2119.58 55.9663 2063.61 2031.44 54.5018 36.2875
internal_count=9466 9379 340 9039 242 8797 8659 258 159
is_linear=0
shrinkage=0.011451


Tree=435
num_leaves=7
num_cat=0
split_feature=0 9 31 4 3 15
split_gain=7.65177 6.32932 7.00344 6.56555 6.09836 4.7356
threshold=-12.765229295003422 -0.63564213564213545 123.66369166400149 4.5171804034072975 -0.074618096357226868 0.11145617667356798
decision_type=8 8 2 10 8 8
left_child=-1 5 3 4 -3 -2
right_child=1 2 -4 -5 -6 -7
leaf_value=0.0070965934706640034 0.0011098887437436058 -0.0049449535961694152 0.0062353536019712835 0.0046680462263840846 -0.00029715195009032857 0.0082305572846853893
leaf_weight=18.682591393589973 33.059690803289413 37.04052422940731 21.062386475503445 33.662863910198212 2048.4752057269216 19.027237042784691
leaf_count=87 142 162 102 145 8746 82
internal_value=-7.3644e-05 -0.000136873 -0.000233382 -0.000299604 -0.000381245 0.00378177
internal_weight=2211.01 2192.33 2140.24 2119.18 2085.52 52.0869
internal_count=9466 9379 9155 9053 8908 224
is_linear=0
shrinkage=0.011451


Tree=436
num_leaves=18
num_cat=0
split_feature=3 6 25 23 17 21 3 2 21 21 23 12 6 4 26 10 3
split_gain=8.89703 13.1271 10.1631 8.61095 9.14659 8.48873 14.6854 8.68839 18.6096 8.26827 7.35481 7.27927 7.01172 6.30435 6.27652 9.84348 9.69411
threshold=0.014218106738738469 2.7844590601480661 -1.0000000180025095e-35 224.59166666666667 -0.23722943722943718 1.0000000180025095e-35 0.086934618424598778 -6.3500000000000076 -1.4999999999999998 1.5000000000000002 224.59166666666667 0.1544494720965309 0.75015631513130476 -0.25135603371614773 0.94031725065489502 0.12920405700927531 -0.040999949002988027
decision_type=8 10 2 8 8 2 8 10 2 2 8 10 10 10 10 10 8
left_child=2 5 3 4 -1 7 10 8 -2 -8 -7 -9 -6 -3 15 -4 -17
right_child=1 13 14 -5 12 6 9 11 -10 -11 -12 -13 -14 -15 -16 16 -18
leaf_value=0.0053810599596044876 -0.008289663303180192 0.0029846760787236243 -0.0015524689019614023 0.0038521057256905565 -0.0022306227740186784 -0.00066485089613943884 0.0015776271090672219 -0.00017683314822359813 3.43261762888181e-05 0.0092695887025127724 0.0030996794024387101 0.0039013472576671822 0.0021489405079727171 0.01072071121921897 -0.0049370491132741849 0.0058549782116835963 -0.00012612778829056463
leaf_weight=34.734505198895931 50.144441924989223 34.333583697676659 689.98399046063423 104.98099863529205 154.85000856220722 183.26405856013298 30.111297264695168 278.63604509830475 114.76267585158348 47.445911638438702 107.41789494454861 71.598966225981712 68.687600523233414 23.330186560750008 53.683168113231659 47.262971699237823 137.31578442454338
leaf_count=149 236 148 2933 445 656 784 132 1174 484 224 456 310 299 107 228 204 591
internal_value=9.24535e-05 0.000938952 -0.000524509 0.00109796 -2.85248e-05 0.000591085 0.00191712 -0.000358049 -0.00251985 0.00632188 0.000730171 0.000662668 -0.000882517 0.00620084 -0.00115976 -0.000924341 0.00142085
internal_weight=2232.54 941.045 1291.5 363.253 258.272 883.381 368.239 515.142 164.907 77.5572 290.682 350.235 223.538 57.6638 928.246 874.563 184.579
internal_count=9560 4055 5505 1549 1104 3800 1596 2204 720 356 1240 1484 955 255 3956 3728 795
is_linear=0
shrinkage=0.011451


Tree=437
num_leaves=18
num_cat=0
split_feature=3 6 25 13 17 15 2 11 11 4 17 28 8 11 14 31 6
split_gain=8.69854 12.8567 9.93391 8.33341 9.32259 7.29912 9.12064 7.71132 7.06483 6.20008 6.11219 6.48444 6.04999 4.92192 9.27349 7.80046 5.51546
threshold=0.014218106738738469 2.7844590601480661 -1.0000000180025095e-35 -0.28660714285714278 -0.23722943722943718 0.13159063159063158 -7.6500000000000048 0.11098831821872769 0.084907421106009476 -0.25135603371614773 0.057556935817805417 -0.13439398398281724 0.13285511573050274 0.044843631870137131 0.29880952380952391 -98.558290782262802 1.1988583838421698
decision_type=8 10 2 10 8 10 10 10 10 10 10 10 8 10 10 2 10
left_child=2 13 3 -1 -5 6 7 -4 -8 -3 11 -7 -6 14 15 -2 -15
right_child=1 9 5 4 12 10 8 -9 -10 -11 -12 -13 -14 16 -16 -17 -18
leaf_value=0.0045887418103011755 -0.0059363783407918843 0.0029521178135630318 -0.0052193428537717461 0.0053469670708152228 0.00020401927652925137 0.0045264468135651301 -0.00045342984228833661 0.0017089400169029096 -0.0038976005638273413 0.010630225408895286 0.0059579814065177702 -0.001134722597930712 -0.0045464899984083698 0.0012601443941753876 -0.0050091231334418503 0.00071652597396140401 0.0061926896496984464
leaf_weight=70.878601081669331 23.346192628145218 34.322123885154724 130.8377530425787 39.586055621504784 211.26497182250023 32.76279029250145 493.79352003335953 24.751481056213379 92.158534549176693 23.265361070632935 25.950601443648338 127.95881527662277 41.495409339666367 162.81824253499508 42.590958848595619 618.48629032820463 35.859776392579079
leaf_count=300 113 148 562 168 902 138 2085 104 395 107 112 560 179 704 183 2638 162
internal_value=9.15192e-05 0.000928738 -0.000518478 0.00108566 0.000227893 -0.00114653 -0.00165574 -0.0041146 -0.00099892 0.00613972 0.000874959 3.3144e-05 -0.000585716 0.000584579 0.000123266 0.000468658 0.00216806
internal_weight=2232.13 940.689 1291.44 363.225 292.346 928.213 741.541 155.589 585.952 57.5875 186.672 160.722 252.76 883.101 684.423 641.832 198.678
internal_count=9560 4055 5505 1549 1249 3956 3146 666 2480 255 810 698 1081 3800 2934 2751 866
is_linear=0
shrinkage=0.011451


Tree=438
num_leaves=15
num_cat=0
split_feature=13 16 3 18 31 23 22 3 22 4 4 2 8 3
split_gain=6.80259 11.5863 9.08078 10.6744 7.79134 7.33925 7.21673 9.14202 8.34878 6.66081 4.55761 6.07258 3.70178 3.45554
threshold=0.32379032258064527 1.5000000000000002 -0.029023022969782316 0.20972222222222225 79.830574722417865 636.17647058823547 182.50000000000003 0.014265691678895133 58.500000000000007 -1.3140751994945121 2.2483730371575557 -5.0499999999999963 0.0073884595011078644 -0.0014066383737337815
decision_type=10 2 10 10 2 10 10 10 10 10 10 8 10 10
left_child=4 2 10 9 5 6 8 -8 -1 -4 11 -2 13 -6
right_child=1 -3 3 -5 12 -7 7 -9 -10 -11 -12 -13 -14 -15
leaf_value=-2.8277680984757012e-05 -0.0013799186053042071 0.0056733359321442635 0.00055475465040866526 0.0016102489504282345 -0.001337091965264302 0.0065941708018541602 -0.0044110523363858007 0.0019106018096094746 0.002230088630162485 -0.0065981451346718498 -0.0034903723300204613 0.0070731075491112768 0.0076071540155684186 0.0048908856630088442
leaf_weight=1507.1047149300575 20.313693732023239 24.590435653924942 20.163331419229507 35.392719864845276 20.948449909687042 22.399391204118729 94.429799176752567 43.363239109516144 249.62872032821178 107.21716444939375 18.489641778171062 23.54035858809948 24.221478529274464 25.110515907406807
leaf_count=6388 87 111 86 153 96 95 422 187 1062 465 85 110 112 111
internal_value=8.7235e-05 -0.00169161 -0.00251041 -0.00392934 0.00031125 0.000173275 9.50797e-05 -0.00242202 0.000293352 -0.00546889 0.00119665 0.00319532 0.00403782 0.0020795
internal_weight=2236.91 249.707 225.117 162.773 1987.21 1916.93 1894.53 137.793 1756.73 127.38 62.3437 43.8541 70.2804 46.059
internal_count=9570 1097 986 704 8473 8154 8059 609 7450 551 282 197 319 207
is_linear=0
shrinkage=0.011451


Tree=439
num_leaves=14
num_cat=0
split_feature=13 16 31 23 22 16 22 18 2 21 6 24 11
split_gain=6.64635 11.332 7.62803 7.17709 7.0561 8.31691 8.1583 6.29511 9.95448 8.68827 3.68507 3.66855 4.49193
threshold=0.32379032258064527 1.5000000000000002 79.830574722417865 636.17647058823547 182.50000000000003 -1.0000000180025095e-35 58.500000000000007 0.21479835953520168 20.349999999999998 1.0000000180025095e-35 -0.57556176340991405 1.5000000000000002 0.035327749183955211
decision_type=10 2 2 10 10 2 10 10 8 2 10 2 8
left_child=2 7 3 4 6 -6 -1 8 9 -2 -9 12 -4
right_child=1 -3 11 -5 5 -7 -8 10 -10 -11 -12 -13 -14
leaf_value=-2.7954030243113912e-05 -0.0021138530629902182 0.0056166434191416929 0.0098920178580540943 0.0065209282159457713 -0.0064252670162004352 -0.00043665937574693356 0.0022044110321048729 -0.0020611305494289403 0.0038723006639475076 -0.0075358889280641812 0.0044505742054307242 -0.0001550060941259069 0.0028283956973900069
leaf_weight=1507.1039452850819 92.802380621433258 24.561073251068592 19.252848297357559 22.399046719074249 44.557201534509659 93.170097194612026 249.65224276483059 21.190118849277496 21.102783918380737 66.819190263748169 23.277434349060059 19.984794832766056 30.966108873486519
leaf_count=6388 403 111 83 95 199 410 1062 90 104 286 103 93 143
internal_value=8.63136e-05 -0.00167181 0.000307772 0.000171318 9.39906e-05 -0.00239557 0.000289999 -0.00248088 -0.00342817 -0.00440534 0.00136285 0.00399714 0.00563
internal_weight=2236.84 249.753 1987.09 1916.88 1894.48 137.727 1756.76 225.192 180.724 159.622 44.4676 70.2038 50.219
internal_count=9570 1097 8473 8154 8059 609 7450 986 793 689 193 319 226
is_linear=0
shrinkage=0.011451


Tree=440
num_leaves=15
num_cat=0
split_feature=25 18 27 27 12 27 31 18 4 3 21 30 0 30
split_gain=7.12799 6.5106 9.36807 11.2991 6.95191 9.19088 6.51753 5.14145 4.85256 9.61982 5.85502 4.66772 6.71515 4.15376
threshold=-5.4999999999999991 -0.36249045072574476 -0.057957147579493488 -0.13312140237628381 0.13333333333333339 0.11139898760807457 -88.066844955317933 -0.54653679653679643 -1.3366243817601409 -0.059061957151129212 -14.499999999999998 1.0000000180025095e-35 0.21492128678986869 -0.53660714285714273
decision_type=2 8 10 10 8 10 2 10 8 10 2 10 8 10
left_child=-1 2 3 7 5 -4 11 -2 9 -8 -10 12 -3 -6
right_child=1 6 4 -5 13 -7 8 -9 10 -11 -12 -13 -14 -15
leaf_value=0.0061394189579733393 0.00091039812972915015 -0.0013033258692024716 0.0011301015689132716 -0.011067473438295648 0.0053712315200204995 -0.0056986425191565245 -0.0067418340391872432 -0.005865284142696635 0.0057366828266834135 -0.00036102385259659871 0.00036705880117537221 0.0011593634666241205 -0.0086580678524025723 8.2472307947023532e-05
leaf_weight=23.095999956130981 32.791465193033218 37.874526396393776 50.296928316354752 26.518652930855751 30.835739329457283 52.100713983178139 34.964935317635536 25.711979568004608 26.436430290341377 238.28631763160229 1545.5799701586366 26.426645755767822 28.265344701707363 51.058529637753963
leaf_count=100 140 167 214 113 132 223 158 111 112 1013 6573 118 145 221
internal_value=-9.93155e-05 -0.000166422 -0.0018324 -0.00496082 -0.000376521 -0.00235872 6.56582e-05 -0.00209982 0.000214829 -0.00119184 0.000459738 -0.00288838 -0.00450114 0.00210098
internal_weight=2230.24 2207.15 269.314 85.0221 184.292 102.398 1937.83 58.5034 1845.27 273.251 1572.02 92.5665 66.1399 81.8943
internal_count=9540 9440 1154 364 790 437 8286 251 7856 1171 6685 430 312 353
is_linear=0
shrinkage=0.011451


Tree=441
num_leaves=18
num_cat=0
split_feature=26 15 15 10 27 8 26 27 3 3 10 10 29 19 8 0 0
split_gain=7.66258 7.23384 8.18127 7.59798 8.09855 7.20785 8.08711 7.06417 6.62139 10.6878 9.80701 9.4603 7.03164 6.2195 5.92145 5.74437 5.68163
threshold=0.043908478189567675 -0.071428571428571425 -0.25760368663594463 -0.26924525532539462 0.25637106983675212 0.0062980331063800252 0.49793421251022013 -0.037500873725252494 -0.015142337976983554 -0.029530978575564578 -0.014437182449230644 0.36074186234370753 13.946095938375352 -0.093073593073593058 0.075019868682496091 -4.0191649555099227 -5.6303901437371637
decision_type=8 10 8 8 10 10 10 8 10 10 8 8 10 8 10 10 8
left_child=1 2 3 -1 -5 6 7 -2 9 11 -11 -3 -10 -4 -15 -9 -8
right_child=5 8 13 4 -6 -7 16 15 12 10 -12 -13 -14 14 -16 -17 -18
leaf_value=-0.0057072286306651399 0.0032799081065040692 -0.0010478826211256576 -0.0097108215095318088 -0.00031285342617731434 0.0077534463750556695 0.0020152814725953793 0.0031355874417379301 -0.0019321363791291052 0.00098892944152484917 -0.00080262979992079021 -0.0093599996749282321 0.0074470896015485623 -0.0058113444852518105 -0.0046389084936895126 0.00018233438138941349 0.00061683765727369442 -0.003478651891559353
leaf_weight=26.291160359978676 100.50367832183838 177.62124610692263 20.869147941470146 97.367346838116646 18.934120163321495 312.83732935041189 19.328990146517754 150.15820503234863 424.99425867199898 32.753563418984413 37.536441221833229 18.36198116838932 20.262825310230255 103.81113356351852 49.033072218298912 500.49010166525841 118.8638409525156
leaf_count=114 433 779 91 423 87 1345 82 636 1815 140 161 80 87 445 212 2101 509
internal_value=-9.82551e-05 -0.00082392 -0.00226279 -0.000227273 0.00103685 0.000522283 -4.00643e-06 0.000464928 -0.00018277 -0.00160903 -0.0054172 -0.000229561 0.000671285 -0.00392643 -0.00309812 2.72118e-05 -0.00254297
internal_weight=2230.02 1027.84 316.306 142.593 116.301 1202.18 889.345 751.152 711.53 266.273 70.29 195.983 445.257 173.713 152.844 650.648 138.193
internal_count=9540 4434 1372 624 510 5106 3761 3170 3062 1160 301 859 1902 748 657 2737 591
is_linear=0
shrinkage=0.011451


Tree=442
num_leaves=16
num_cat=0
split_feature=5 24 22 29 10 23 4 6 5 4 21 10 1 4 22
split_gain=7.14114 7.9453 12.2645 10.6608 7.20989 10.374 8.0798 7.077 6.90339 7.49566 6.76215 6.23364 5.54601 2.20418 1.28354
threshold=-3.1133250281758613 1.0000000180025095e-35 189.50000000000003 -5.0794786096256672 -0.18298994030100693 -344.67051282051278 -2.9263188894270358 1.688522348159998 -3.5663210099188452 -2.3631741740540444 6.5000000000000009 -0.16681615829375915 5.1000000000000094 0.012342234231595974 -14.499999999999998
decision_type=8 2 10 8 8 10 8 10 10 10 2 8 10 8 10
left_child=8 4 3 10 5 -2 14 -7 9 -1 -3 -8 -5 -11 -6
right_child=1 2 -4 12 6 7 11 -9 -10 13 -12 -13 -14 -15 -16
leaf_value=-0.0038759223847040095 -0.0084856479600013881 0.0009182906361227068 -0.0051500639254862335 0.002850650227148319 0.0027982610690343592 -0.0027398277928363064 0.0050418347402469924 0.0013154130957571952 0.0086494338214316204 0.0016767045868375863 -0.0073609098263568411 -0.00036342448413882809 0.00826419296861018 0.0074412568426960686 0.007197279225334181
leaf_weight=22.669311553239822 29.41861267387867 36.576005756855011 30.834993436932564 173.2855838239193 18.318969070911407 165.13336408138275 27.840008184313774 85.053810521960258 22.127285823225975 18.665597334504128 19.247739091515541 1520.4174432754517 28.688864640891552 16.493180803954601 18.656990401446819
leaf_count=97 128 157 134 752 79 713 118 361 100 84 84 6472 127 80 80
internal_value=-3.71853e-05 -0.0001624 0.00160339 0.0024223 -0.000436176 -0.00212924 -0.000136785 -0.00136137 0.00330889 0.00119055 -0.0019892 -0.000264114 0.00364411 0.00446852 0.00510552
internal_weight=2233.43 2153.47 288.633 257.798 1864.84 279.606 1585.23 250.187 79.9554 57.8281 55.8237 1548.26 201.974 35.1588 36.976
internal_count=9566 9205 1254 1120 7951 1202 6749 1074 361 261 241 6590 879 164 159
is_linear=0
shrinkage=0.011451


Tree=443
num_leaves=18
num_cat=0
split_feature=24 22 4 17 4 11 11 28 2 2 22 27 23 23 11 9 30
split_gain=6.75165 9.98793 9.68958 6.35231 9.19605 12.6738 8.00394 6.13019 6.0804 4.45087 7.45949 6.41354 5.79297 5.04886 7.10433 6.18838 4.08725
threshold=1.0000000180025095e-35 189.50000000000003 -1.4737938259331 0.1657509157509158 0.69687742953538645 0.084907421106009476 -0.0061512404703162318 -0.0076390492496064824 -15.299999999999995 7.7000000000000037 -8.4999999999999982 0.049825319972378795 2.9659090909090655 -339.62142857142851 0.062316678290691659 -0.54880952380952375 -0.19047619047619044
decision_type=2 10 8 10 10 10 10 10 10 10 10 10 10 8 10 10 8
left_child=3 2 -2 9 5 7 -6 -5 -4 13 12 -12 -11 15 -15 -1 -10
right_child=1 -3 8 4 6 -7 -8 -9 16 10 11 -13 -14 14 -16 -17 -18
leaf_value=0.00049017445613003577 -0.002010827123246601 -0.0043992219481612709 0.0093307589581764772 -0.0023437599517249583 0.0057625831600883956 0.003083740546935736 -0.0020376615418116061 -0.0078481833447951073 0.0054862847382221936 -0.0014663420413446788 0.0016353396533784815 0.0085102533057745504 0.0042275157854753335 -0.00048924068102628772 0.0015322889613263513 -0.0048590006472639538 0.0017221588364555991
leaf_weight=49.43072535097599 54.019637808203697 32.170782908797264 19.949618957936764 45.895168021321297 28.81401988863945 27.066603198647499 41.012931928038597 64.817583069205284 51.774353876709938 99.255320027470589 44.674266293644905 29.365476161241531 29.945613950490952 1124.5175869390368 285.21261616051197 65.512951746582985 139.76244453340769
leaf_count=214 234 140 95 196 122 119 176 279 223 419 188 130 130 4787 1226 282 606
internal_value=-3.67002e-05 0.00156684 0.00229888 -0.000283771 -0.00217301 -0.00388258 0.00120502 -0.00559389 0.00340255 -5.60355e-05 0.00153294 0.00441336 -0.000131807 -0.000268422 -7.97227e-05 -0.002569 0.00275505
internal_weight=2233.2 297.677 265.506 1935.52 207.606 137.779 69.827 110.713 211.486 1727.91 203.241 74.0397 129.201 1524.67 1409.73 114.944 191.537
internal_count=9566 1298 1158 8268 892 594 298 475 924 7376 867 318 549 6509 6013 496 829
is_linear=0
shrinkage=0.011451


Tree=444
num_leaves=18
num_cat=0
split_feature=22 12 10 22 29 30 5 20 2 29 8 29 12 30 5 18 23
split_gain=12.5368 10.0823 6.13429 7.94723 6.75735 6.21678 6.10412 5.80757 6.56298 8.89786 7.85544 5.4795 4.45125 3.48145 4.22795 3.01503 1.79394
threshold=-223.49999999999997 -0.11774125179519294 0.13208879505600937 167.00000000000003 -7.8574862637362619 1.2520833333333334 0.62815523784160632 -0.59166666666666645 -3.8000000000000109 -1.6074929971988803 0.027631713846700021 1.4995981030463785 0.0701365214277931 -0.17337183888908023 -1.0337669951069985 -0.016736694677871169 -17.978174603174576
decision_type=8 8 10 10 10 10 10 8 10 8 8 8 10 8 10 10 10
left_child=6 7 5 4 -4 11 13 -2 9 -9 -10 -3 -5 -1 -15 -8 -16
right_child=1 2 3 12 -6 -7 15 8 10 -11 -12 -13 -14 14 16 -17 -18
leaf_value=0.00096381572974566106 0.0033954695742152026 0.0010018911826008409 -0.00020429345356121249 0.00060384669312656884 0.0033597922619257752 -0.0059200035515164619 0.0025281034076406758 -0.0083169767506548996 -0.0028335783766512898 -0.0022266688953072925 0.0010617765304855502 -0.0007384847209084218 -0.0070813134056934377 0.0027128022464817112 0.011122411389754183 -0.0035118636125154026 0.0057370615236037132
leaf_weight=22.618075802922249 24.182868771255016 316.62697594612837 113.88309386372566 18.381781950592995 179.0562953427434 25.687415674328804 21.647186473011971 47.732781603932381 172.07523189485073 91.986880071461201 111.37123553454876 939.61548656225204 20.470956668257713 27.789286673069 19.581389337778091 20.422561675310135 18.320332132279873
leaf_count=99 104 1355 494 80 762 112 92 208 743 407 473 3989 88 129 86 87 83
internal_value=-0.000259625 -0.000477837 -5.58854e-05 0.0013303 0.00197688 -0.000415162 0.00317492 -0.00199761 -0.00231064 -0.00433676 -0.00130412 -0.000299538 -0.0034962 0.0048745 0.00619791 -0.000412961 0.00866264
internal_weight=2191.45 2061.07 1613.72 331.792 292.939 1281.93 130.379 447.349 423.166 139.72 283.446 1256.24 38.8527 88.3091 65.691 42.0697 37.9017
internal_count=9391 8815 6880 1424 1256 5456 576 1935 1831 615 1216 5344 168 397 298 179 169
is_linear=0
shrinkage=0.011451


Tree=445
num_leaves=17
num_cat=0
split_feature=22 12 13 28 10 28 15 5 18 5 4 4 28 28 15 18
split_gain=12.2659 9.8573 6.01062 8.64302 7.66648 8.21327 6.55533 5.97819 5.34727 5.25432 5.47635 6.84562 4.95694 8.06765 5.30278 2.94835
threshold=-223.49999999999997 -0.11774125179519294 0.28660714285714289 -0.36373543530419622 0.17011626915395925 0.061366245884792288 -0.31622807017543858 0.62815523784160632 -0.13333333333333333 2.7409862777851806 -3.1244829078244023 -2.4608217704839439 0.080958279202572883 -0.049056000853390881 -0.076696832579185512 -0.016736694677871169
decision_type=8 8 8 8 8 10 10 10 10 10 10 10 10 10 10 10
left_child=7 9 4 -4 6 -6 -3 12 -5 10 -2 -12 13 14 -1 -9
right_child=1 2 3 8 5 -7 -8 15 -10 -11 11 -13 -14 -15 -16 -17
leaf_value=0.010945238316160377 0.002721769002837673 0.004215568199036763 -0.0073741304751634412 -0.00091401181342138011 0.0036321087540851131 -0.0015913859960795919 -0.00034993984970628018 0.0025000210044452405 0.0022951087079890512 -0.0073751813244219214 -0.0081302276029151018 -0.0016865014764124013 0.0087687815490237186 -0.0018344584892946291 0.0019078859759842479 -0.003472683312135958
leaf_weight=17.024215653538704 33.45513054728508 43.602689728140831 24.737375691533089 646.17023749649525 170.33146540820599 50.896531343460083 602.49139074981213 21.64712330698967 75.458434849977493 21.841354891657829 22.373498603701591 369.55714653432369 27.932956576347351 26.200495533645153 17.068326279520988 20.423948124051094
leaf_count=80 145 187 113 2736 724 221 2569 92 330 103 98 1589 122 114 81 87
internal_value=-0.000256674 -0.000472469 -5.52886e-05 -0.000808282 0.000592815 0.00242921 -3.78255e-05 0.00314168 -0.000576646 -0.00197543 -0.00168714 -0.00206745 0.00482498 0.0029224 0.00654336 -0.000408394
internal_weight=2191.21 2060.92 1613.69 746.366 867.322 221.228 646.094 130.297 721.629 447.227 425.386 391.931 88.226 60.293 34.0925 42.0711
internal_count=9391 8815 6880 3179 3701 945 2756 576 3066 1935 1832 1687 397 275 161 179
is_linear=0
shrinkage=0.011451


Tree=446
num_leaves=11
num_cat=0
split_feature=7 10 21 20 21 21 20 21 6 12
split_gain=7.94771 6.12515 14.8628 11.0529 7.36746 6.8437 10.0307 7.54084 6.37857 4.49723
threshold=-4.8721207197994625 0.28275322922395313 -7.4999999999999991 0.30277777777777787 14.500000000000002 -13.499999999999998 -0.12310606060606059 -1.0000000180025095e-35 -1.2912269681905613 -0.2339122440866627
decision_type=8 10 2 10 2 2 8 2 10 10
left_child=-1 4 -3 8 5 6 -2 -7 -4 -6
right_child=1 2 3 -5 9 7 -8 -9 -10 -11
leaf_value=0.0067791026700160188 -0.0029385241971134767 -0.0071146187357333532 0.0018712273563519326 -0.0039543157354397411 -0.0087900303187647653 -0.00095422162509539461 0.0069349632155649059 0.00052151387473547755 0.0064412699398937326 -0.0017049627193528602
leaf_weight=23.087926492094994 19.388035237789154 20.510333836078644 82.485444977879524 25.244135357439518 18.369748532772064 772.00468731671572 41.503058135509491 1100.3851693868637 78.614731520414352 31.795954138040543
leaf_count=100 81 87 352 108 81 3311 183 4696 341 137
internal_value=0.000190574 0.000119095 0.00199094 0.00301482 -7.67207e-05 3.64096e-05 0.0037934 -8.70687e-05 0.0041186 -0.00438016
internal_weight=2213.39 2190.3 206.855 186.344 1983.45 1933.28 60.8911 1872.39 161.1 50.1657
internal_count=9477 9377 888 801 8489 8271 264 8007 693 218
is_linear=0
shrinkage=0.011451


Tree=447
num_leaves=13
num_cat=0
split_feature=14 14 12 22 13 10 2 12 18 6 31 2
split_gain=8.41446 7.73856 10.5509 7.38636 8.32122 8.14301 7.88872 6.9955 5.03336 4.44035 4.32893 3.13538
threshold=0.57359307359307365 -0.59545454545454535 -0.033304523192163531 231.50000000000003 -0.33095238095238094 0.25040818747051452 19.050000000000001 -0.18552955665024626 -0.79285714285714282 0.019721189438631024 -32.714787483776142 1.0000000180025095e-35
decision_type=10 8 8 10 8 8 8 10 10 10 2 10
left_child=1 2 -1 4 5 -3 -6 -2 -9 10 -5 -11
right_child=7 3 -4 9 6 -7 -8 8 -10 11 -12 -13
leaf_value=-0.0012480713498806903 -0.0080469741450166603 0.0014975799512260621 0.0081359577403727398 -0.0089605109312932019 -0.00017507590651757269 0.0075981371193994318 0.0021407459576458115 0.0028452977393891663 -0.0050960581540761577 -0.0023412761017716009 -0.0024693946922262565 0.0034263291758465614
leaf_weight=26.706654146313667 28.156895190477371 158.12304239720106 36.962212353944778 20.525095030665398 1556.9833035692573 34.535595923662186 219.47806461900473 23.013448342680931 18.108716607093811 32.553633764386177 39.137122318148613 19.021991103887558
leaf_count=116 119 692 157 102 6606 151 962 101 77 141 171 82
internal_value=0.000188389 0.0003158 0.00422741 0.000194778 0.000357296 0.00261345 0.000111731 -0.00372031 -0.000677148 -0.00266717 -0.00477638 -0.000197602
internal_weight=2213.31 2144.03 63.6689 2080.36 1969.12 192.659 1776.46 69.2791 41.1222 111.238 59.6622 51.5756
internal_count=9477 9180 273 8907 8411 843 7568 297 178 496 273 223
is_linear=0
shrinkage=0.011451


Tree=448
num_leaves=18
num_cat=0
split_feature=4 29 1 24 3 8 9 22 22 28 6 9 15 28 29 9 28
split_gain=9.26387 8.76837 8.20745 8.4008 10.9785 8.97843 7.88615 9.09125 6.76214 9.67377 6.05316 6.02304 7.11588 5.85884 5.31189 5.01681 4.5018
threshold=-3.0134629564930253 -2.6090909090909089 3.8000000000000118 1.0000000180025095e-35 -0.026779175892859271 0.017780338696298446 0.58411949685534603 -125.49999999999999 7.5000000000000009 -0.0031488154379432469 0.85886188978161448 0.4777667984189724 1.0000000180025095e-35 -0.15153923625918805 5.8601190476190501 -0.13106060606060607 -0.061366245884792274
decision_type=8 10 8 2 8 10 10 8 8 8 10 8 8 10 8 10 10
left_child=1 11 3 6 15 -6 7 -2 13 16 -11 12 -1 -4 -15 -5 -10
right_child=2 -3 8 4 5 -7 -8 -9 9 10 -12 -13 -14 14 -16 -17 -18
leaf_value=-0.0063084500331254366 0.0020503005206483444 0.0093228480939421821 0.0036511497062275181 0.0011420146734853977 0.00086848595044132797 0.0062987911337634801 -0.0060886370916563015 -0.0011084347031703186 0.0038868496187110758 0.0015469541289248321 -0.0049367425907298245 0.0046368218951262554 0.0031697139112239325 -0.0026615192946442294 0.001130216157562603 -0.0064279720001821526 0.010194628030043382
leaf_weight=20.234897047281265 132.80806497484446 23.963201120495796 38.293140195310116 18.860540881752968 112.46558944880962 61.458115115761757 37.118736296892166 1142.6444700807333 54.640679433941841 227.71395128965378 19.939246773719788 39.370062485337257 20.06222577393055 124.52689687162638 78.542333662509918 27.993417322635651 20.624369710683823
leaf_count=87 574 103 174 81 487 271 159 4870 235 964 86 169 88 532 340 120 88
internal_value=1.59615e-05 0.003347 -0.000149609 -0.00058411 0.00147955 0.00280398 -0.000931794 -0.000778634 0.00103039 0.00211246 0.00101315 0.00148743 -0.00161474 -0.000419139 -0.00119606 -0.00340733 0.00568922
internal_weight=2201.26 103.63 2097.63 1533.35 220.778 173.924 1312.57 1275.45 564.281 322.918 247.653 79.6672 40.2971 241.362 203.069 46.854 75.265
internal_count=9428 447 8981 6562 959 758 5603 5444 2419 1373 1050 344 175 1046 872 201 323
is_linear=0
shrinkage=0.011451


Tree=449
num_leaves=16
num_cat=0
split_feature=1 23 28 23 18 29 6 14 17 15 23 3 29 29 28
split_gain=7.86143 9.22083 7.25356 6.0746 8.92487 6.68047 5.82402 5.38818 4.9136 5.48934 4.69347 5.34976 5.11391 3.86076 3.6669
threshold=5.1000000000000094 -580.61904761904748 -0.14539465564694229 569.64285714285722 -0.36249045072574476 -4.17063492063492 0.019721189438631024 0.3577380952380953 -0.16575091575091572 -0.12763526463216865 165.21111111111114 0.02788627726175941 -9.5889894419306163 -8.7509664312295872 0.052513918167231534
decision_type=8 8 8 10 8 8 10 10 10 10 10 10 10 10 10
left_child=1 -1 13 4 5 -3 -6 -5 10 -10 11 -4 -12 -2 -11
right_child=2 3 8 7 6 -7 -8 -9 9 14 12 -13 -14 -15 -16
leaf_value=-0.0060437096187622589 0.0020815365179463943 -0.0066437990109404384 0.001635566398453513 0.0079010324041753118 -0.00048175840274744465 -0.0014901807892706643 0.0010203412632802447 -9.0379819990575193e-05 0.0030587672431270233 -0.00018006100148540606 0.0090564571390448819 -0.0040059493902849293 0.0013390933567840823 0.0092530097550745909 -0.0060591989699528819
leaf_weight=35.259505644440651 18.370462372899055 40.002420693635941 197.02139450609684 22.028327725827694 1010.206891104579 178.16806618869305 508.17756853252649 21.56067268550396 23.438726976513863 24.882128030061722 21.154732570052147 24.171051874756813 23.828398585319519 21.830416947603226 31.00792121887207
leaf_count=153 81 173 837 97 4304 764 2195 92 101 107 92 103 102 96 131
internal_value=1.58519e-05 -0.000299711 0.00149908 -0.000183732 -0.000290387 -0.00245237 2.11947e-05 0.00400604 0.000957485 -0.00153488 0.00170226 0.00100896 0.00504722 0.00606279 -0.0034746
internal_weight=2201.11 1815.4 385.705 1780.14 1736.55 218.17 1518.38 43.589 345.504 79.3288 266.176 221.192 44.9831 40.2009 55.89
internal_count=9428 7778 1650 7625 7436 937 6499 189 1473 339 1134 940 194 177 238
is_linear=0
shrinkage=0.011451


Tree=450
num_leaves=18
num_cat=0
split_feature=0 16 25 1 29 0 5 23 12 8 8 10 19 13 5 15 5
split_gain=8.99159 6.20124 6.05441 7.70459 7.46883 8.22518 5.42135 5.33031 7.64357 5.79473 5.74882 5.27632 6.59568 8.10689 10.7454 7.64032 7.1324
threshold=-0.33949349760438524 -1.0000000180025095e-35 -1.0000000180025095e-35 -6.3500000000000076 2.0022435897435895 -3.17453798767967 0.16856108074927925 -364.0378787878787 -0.10781440781440781 0.0049074545249617749 0.037756357467892861 0.28275322922395313 -0.39444444444444438 -0.033210784313725476 0.32631161304986983 1.0000000180025095e-35 -0.60885441139677843
decision_type=10 2 2 10 8 8 8 8 10 10 8 10 8 10 10 8 10
left_child=1 2 3 -1 5 -4 -5 8 10 -9 -3 12 16 15 -15 -14 -2
right_child=11 7 4 6 -6 -7 -8 9 -10 -11 -12 -13 13 14 -16 -17 -18
leaf_value=-0.004978150519898329 -0.0011223728622275738 4.0825551244650515e-05 0.0061524011004952849 0.004443943575802598 -0.0045906931912159154 -0.0029210507758065008 -0.00011417859302453455 0.0010906815579524473 0.0032986045731469953 0.003283001356087281 -0.0084496238328094931 0.001966244430600555 0.0023325680928908601 -0.0010259143800654285 -0.0053746026578827344 -0.00086194300777677618 0.0048581198398493898
leaf_weight=23.115656346082687 49.37585361301899 19.285799294710159 22.50832810997963 65.458333417773247 75.159117728471756 29.525175258517265 70.842130213975906 478.30689822137356 25.80242520570755 236.33935250341892 22.163412064313889 106.15792196989059 123.17527259141207 235.47469457983971 108.62224166095257 473.10485402494669 54.439702108502388
leaf_count=98 209 81 96 287 318 125 297 2025 112 1044 95 455 545 983 465 2034 234
internal_value=0.000244095 0.00100015 -0.000439988 0.00104512 -0.00229711 0.0010319 0.00208577 0.00152796 -0.00154253 0.00181807 -0.00456065 -0.000458337 -0.000705923 -0.00100859 -0.00240637 -0.000200187 0.00202465
internal_weight=2218.86 1068.51 286.609 159.416 127.193 52.0335 136.3 781.898 67.2516 714.646 41.4492 1150.35 1044.19 940.377 344.097 596.28 103.816
internal_count=9503 4578 1221 682 539 221 584 3357 288 3069 176 4925 4470 4027 1448 2579 443
is_linear=0
shrinkage=0.011451


Tree=451
num_leaves=18
num_cat=0
split_feature=0 24 18 16 25 12 29 10 13 3 8 3 3 21 18 30 28
split_gain=8.78874 6.12957 7.45652 6.77442 8.26968 7.49544 6.1382 5.15631 6.48877 8.44846 7.57095 6.27164 7.78234 6.95597 5.56516 5.92222 5.04983
threshold=-0.33949349760438524 1.0000000180025095e-35 -0.16666666666666666 -1.0000000180025095e-35 -1.0000000180025095e-35 0.14344455679137177 2.0022435897435895 0.28275322922395313 0.32379032258064527 -0.029530978575564689 0.11850941980269918 0.041910210258538257 0.059517134763985798 14.500000000000002 0.75811688311688319 0.050066844919786115 -0.21857020075875852
decision_type=10 2 10 2 2 8 8 10 10 10 10 8 10 2 8 10 8
left_child=1 3 -3 4 5 -1 -6 8 11 -10 -11 13 -13 -2 15 -9 -5
right_child=7 2 -4 16 6 -7 -8 14 9 10 -12 12 -14 -15 -16 -17 -18
leaf_value=-0.0016801474004670338 0.0003309703169952163 0.0069958887566052555 0.0009064398452721899 -0.0018232785157144148 0.00017963359620986661 0.0034815035839146744 -0.0052089183187145572 -0.0017860096102419068 0.0021360165094845666 -0.0028890635499373646 -0.010991452304636228 -0.003248277149612692 0.0022411756563747013 -0.0048490725697393541 0.0058340473806395791 0.0054429705007003537 0.001591088823373023
leaf_weight=72.083040088415146 705.61061120778322 46.483324900269508 60.351833380758762 61.80615396797657 44.978398993611336 74.272621244192123 71.398296818137169 53.85302460193634 24.594502344727516 45.802125409245491 22.460495457053185 168.8123889490962 41.817201316356659 35.048594430088997 32.558557540178299 19.76664225757122 636.84282924234867
leaf_count=305 3018 213 267 280 190 321 302 231 106 191 94 734 176 151 140 84 2700
internal_value=0.000241328 0.000988949 0.00358272 0.000698443 -0.000867507 0.000943175 -0.00313707 -0.000453099 -0.000697884 -0.00357622 -0.00563504 -0.000414631 -0.00215482 8.17309e-05 0.0019435 0.00018619 0.00128759
internal_weight=2218.54 1068.22 106.835 961.381 262.732 146.356 116.377 1150.32 1044.15 92.8571 68.2626 951.289 210.63 740.659 106.178 73.6197 698.649
internal_count=9503 4578 480 4098 1118 626 492 4925 4470 391 285 4079 910 3169 455 315 2980
is_linear=0
shrinkage=0.011451


Tree=452
num_leaves=15
num_cat=0
split_feature=24 9 10 23 14 22 20 31 27 4 26 31 9 7
split_gain=10.0131 10.155 8.92609 6.77415 6.76702 7.72525 8.48932 6.8774 7.27548 6.29606 5.87976 5.73016 3.71029 2.51048
threshold=-1.0000000180025095e-35 0.49481299481299484 -0.33063573058689255 -457.59999999999997 -0.59545454545454535 301.50000000000006 0.76388888888888895 -104.87663238630215 0.017056915684335257 2.353546029286123 -0.67962112201904612 -47.111118392627638 -0.20587157940099113 0.016217688506063064
decision_type=2 8 10 10 8 10 8 2 10 8 10 2 10 10
left_child=1 2 -1 -3 11 7 13 -6 -9 10 -4 -2 -13 -7
right_child=4 3 9 -5 5 6 -8 8 -10 -11 -12 12 -14 -15
leaf_value=-0.0084054765015168544 0.0086633953729590568 -0.0019862995582678685 0.0054923253554930648 -0.009274606263464524 -0.005655579697671359 -0.0083565262680890696 0.0030086824017547314 0.00084349269750279353 -0.00072773369734666527 0.006016427650125891 -0.0014471705908242415 -0.0021601437120372545 0.0048757396886894289 -0.0030195736578954554
leaf_weight=18.283519633114338 21.356651768088341 31.686468183994293 16.948577091097832 35.853759296238422 24.83254961669445 27.945732295513153 17.779799804091454 1192.6879614815116 570.89918324351311 18.753421247005463 176.56024517863989 19.509493008255959 18.586947351694107 21.27820186316967
leaf_count=81 94 142 74 155 117 124 82 5055 2458 81 765 82 80 93
internal_value=-7.56463e-05 -0.00202549 -0.000874455 -0.00590782 0.000228478 0.00010593 -0.00369211 0.00024954 0.000334781 -0.000201617 -0.000822701 0.00400966 0.00129728 -0.00612026
internal_weight=2212.96 298.086 230.546 67.5402 1914.88 1855.42 67.0037 1788.42 1763.59 212.262 193.509 59.4531 38.0964 49.2239
internal_count=9483 1298 1001 297 8185 7929 299 7630 7513 920 839 256 162 217
is_linear=0
shrinkage=0.011451


Tree=453
num_leaves=16
num_cat=0
split_feature=24 9 10 23 19 4 2 16 10 27 5 4 4 12 4
split_gain=9.789 9.93571 8.74064 6.62677 6.3072 6.15964 8.09194 6.04952 11.8465 8.6256 6.78497 8.00622 5.72487 5.69942 3.84103
threshold=-1.0000000180025095e-35 0.49481299481299484 -0.33063573058689255 -457.59999999999997 0.86190476190476206 2.353546029286123 7.7000000000000037 -1.0000000180025095e-35 0.24218031776171314 0.064915043173519926 -2.7797511252510829 -2.8501810661552263 0.38315320937923031 0.12525303643724708 -1.8880235363646578
decision_type=2 8 10 10 10 10 10 2 10 10 8 8 10 8 10
left_child=1 2 -1 -3 7 6 -4 8 9 -2 14 -12 -6 -10 -9
right_child=4 3 5 -5 12 -7 -8 10 13 -11 11 -13 -14 -15 -16
leaf_value=-0.0083208365593852914 -0.00074641062279038966 -0.0019648225361638162 -0.0016890337065686707 -0.0091750922225425791 -0.0066597661075524645 0.0059532152611321294 0.0053901160413498206 0.0011167691536666652 -0.00022880319560930661 -0.0049851092016515693 0.0042627881645516197 0.00030379058404106097 0.0001859847042257465 0.0058848963153353548 0.0062751826597218594
leaf_weight=18.264853775501251 242.50555470585823 31.673334866762161 169.98886144161224 35.834912292659283 32.03253298997879 18.742621064186096 23.520622447133064 34.403065770864487 37.123156800866127 84.510026752948761 69.972027346491814 1298.0608041957021 31.334831267595291 42.551396027207375 42.371496051549911
leaf_count=81 1047 142 736 155 140 81 103 148 159 360 301 5517 134 183 196
internal_value=-7.48274e-05 -0.00200295 -0.000864498 -0.00584418 0.000225851 -0.000198959 -0.00081312 0.000347926 -0.00088482 -0.00184968 0.000695171 0.000508251 -0.00330769 0.00305792 0.00399301
internal_weight=2212.89 298.025 230.517 67.5082 1914.86 212.252 193.509 1851.5 406.69 327.016 1444.81 1368.03 63.3674 79.6746 76.7746
internal_count=9483 1298 1001 297 8185 920 839 7911 1749 1407 6162 5818 274 342 344
is_linear=0
shrinkage=0.011451


Tree=454
num_leaves=17
num_cat=0
split_feature=24 9 4 4 4 8 23 9 9 5 31 8 4 31 11 5
split_gain=9.18462 12.0665 9.66594 7.38366 7.33642 7.1878 7.69124 6.8674 6.79684 6.34644 5.89908 16.2877 8.96418 4.68422 4.48452 4.18096
threshold=-1.0000000180025095e-35 0.26706930864018036 1.8407610847437055 2.6154691321447516 4.844806986114274 -0.14301207270520319 21.36071428571427 -0.63564213564213545 -0.74894957983193267 1.4721818777257165 -64.365922970591086 -0.14549438952424018 -4.7577607775450605 -4.205768778650735 0.041106836501573325 -0.4231344877960776
decision_type=2 8 10 10 10 10 10 8 10 8 2 8 8 2 10 10
left_child=1 2 5 7 8 -1 -7 13 -5 15 11 -9 -12 -2 -10 -3
right_child=3 9 -4 4 -6 6 -8 10 14 -11 12 -13 -14 -15 -16 -17
leaf_value=-0.0073994415675916487 0.0090756480156511041 -0.0040153388246980913 0.0063174429770202446 -0.0087515824751012248 0.0028268531996599846 -0.0022980148591647286 0.0028005605127415902 0.0068638630794930515 -0.0046587962979405765 -0.0010110913050592526 -0.0057654374263925914 -0.0030582428093849172 0.00093363951338647938 0.001448356616548647 0.0012857343289728474 -0.010405015095531578
leaf_weight=20.130167827010155 20.584234088659286 26.557828694581985 26.021632581949234 25.342621132731438 28.351905032992363 95.463501401245594 64.391648665070534 25.178326696157455 33.925281345844269 31.211025714874268 25.982413023710251 135.09098507463932 1575.3426275476813 21.584696397185326 31.632946863770485 29.559960007667542
leaf_count=91 91 115 112 109 123 412 278 114 144 140 110 601 6704 91 138 126
internal_value=0.000252541 -0.00163261 -0.000116077 0.000540564 -0.00221141 -0.00106598 -0.000241162 0.000723251 -0.00379193 -0.00518225 0.000612851 -0.00147763 0.000822603 0.00525434 -0.0018063 -0.00746325
internal_weight=2216.35 293.336 206.007 1923.02 119.253 179.985 159.855 1803.76 90.9008 87.3288 1761.59 160.269 1601.33 42.1689 65.5582 56.1178
internal_count=9499 1274 893 8225 514 781 690 7711 391 381 7529 715 6814 182 282 241
is_linear=0
shrinkage=0.011451


Tree=455
num_leaves=18
num_cat=0
split_feature=24 9 21 4 4 4 3 4 9 9 31 8 4 13 0 8 20
split_gain=8.9805 11.8017 9.51069 10.437 7.21927 7.17391 7.06307 6.86422 6.71442 6.70941 5.76459 15.9151 8.76602 5.70652 5.63399 5.30271 4.66163
threshold=-1.0000000180025095e-35 0.26706930864018036 -9.4999999999999982 0.1431133347248347 2.6154691321447516 4.844806986114274 0.027098867898208593 -0.28672276747520814 0.11111111111111115 -0.63564213564213545 -64.365922970591086 -0.14549438952424018 -4.7577607775450605 -0.10000000000000002 0.58316221765913856 0.03014185192257041 -0.22678571428571423
decision_type=2 8 2 10 10 10 10 10 8 8 2 8 8 10 8 10 10
left_child=1 2 15 7 9 8 -5 -4 14 13 11 -11 -12 -2 -6 -1 -3
right_child=4 16 3 6 5 -7 -8 -9 -10 10 12 -13 -14 -15 -16 -17 -18
leaf_value=0.0005282730412121833 0.0094601811037241731 -0.0031410324060124934 -0.002300427687278592 -0.0002409940146171441 0.0043046708515808553 0.0027959157471263139 0.0076489858160996693 -0.010044301705940215 -0.006386078864870145 0.0067767843624541796 -0.0057023968518138419 -0.0030253434090821794 0.00092298339677335077 0.0010656014138786013 -0.0043211044924901928 0.0089734295644927648 -0.0087310332932564183
leaf_weight=18.707067012786865 20.323350444436073 57.105821087956429 66.931412152945995 62.660833165049553 18.787936300039291 28.344747893512249 18.831640526652336 18.932427600026131 52.484065726399422 25.218118861317635 25.976197466254234 135.00400029122829 1575.2908088639379 21.879486843943596 19.620907813310623 19.899180620908737 30.197127357125282
leaf_count=81 90 251 295 269 80 123 80 81 227 114 110 601 6704 92 84 87 130
internal_value=0.00024961 -0.00161472 -0.000114799 -0.00130023 0.000534396 -0.00218695 0.00162925 -0.00407175 -0.00374983 0.000715035 0.000605864 -0.00146098 0.00081319 0.00519188 -0.000100303 0.00495921 -0.00512576
internal_weight=2216.2 293.266 205.963 167.356 1922.93 119.238 81.4925 85.8638 90.8929 1803.69 1761.49 160.222 1601.27 42.2028 38.4088 38.6062 87.3029
internal_count=9499 1274 893 725 8225 514 349 376 391 7711 7529 715 6814 182 164 168 381
is_linear=0
shrinkage=0.011451


Tree=456
num_leaves=9
num_cat=0
split_feature=10 7 0 30 11 0 12 28
split_gain=7.41746 5.52423 5.31221 6.58763 5.24404 4.69836 4.67277 4.81888
threshold=0.55082053322451496 -4.8721207197994625 8.3148528405201922 1.2520833333333334 -0.16598843759110746 -2.2792607802874723 -0.19999999999999998 0.051153375201833898
decision_type=10 8 10 10 8 10 8 10
left_child=1 -1 3 4 -3 -5 -4 -8
right_child=-2 2 6 5 -6 -7 7 -9
leaf_value=0.0057634449523166643 0.0061153929144480874 0.0020802898707340581 0.0019481047883118199 8.5381075108289733e-05 -0.00024791609038578939 -0.0069978432080285424 -0.0022902517201663954 -0.0082668418065943092
leaf_weight=19.025689795613289 23.416425958275795 135.45655324310064 22.556730672717094 20.11326901614666 1863.8007055521011 30.8003049492836 71.589556589722633 23.232056692242622
leaf_count=82 103 585 105 90 7947 133 319 110
internal_value=-0.000205601 -0.000275126 -0.000329875 -0.000193805 -8.95351e-05 -0.00423449 -0.00269208 -0.00380178
internal_weight=2209.99 2186.57 2167.55 2050.17 1999.26 50.9136 117.378 94.8216
internal_count=9474 9371 9289 8755 8532 223 534 429
is_linear=0
shrinkage=0.011451


Tree=457
num_leaves=15
num_cat=0
split_feature=5 30 22 10 0 1 7 22 9 14 10 8 8 1
split_gain=7.37678 7.20483 9.81827 6.65754 5.80028 5.19677 8.61132 6.46951 4.43093 4.3424 3.9401 4.64747 3.81231 2.69166
threshold=2.160225421011043 -0.46360342555994721 -40.499999999999993 0.52687594535829085 9.2648870636550296 -6.3500000000000076 -1.2125319659206846 210.50000000000003 -0.2775985663082437 -0.042200854700854711 -0.14039027594987261 0.034611839517315203 -0.065327451661986613 1.0000000180025095e-35
decision_type=10 10 10 10 10 8 8 10 8 8 8 8 10 10
left_child=3 8 -3 4 5 6 -1 -7 -2 -10 -6 -12 -11 -4
right_child=1 2 13 -5 10 7 -8 -9 9 12 11 -13 -14 -15
leaf_value=0.00427707004370214 -0.0047323094105558494 0.00029470542975895513 -0.010420220223802632 0.0065856548844125794 0.0007317890216827997 0.00046467603875231139 -0.0020339706350215427 -0.0026169622253557141 0.0048093924871116123 -0.0048323549223233536 -0.0088171132498329093 -0.0018227129687519686 0.0020099795055239862 -0.0046460015168693913
leaf_weight=31.131469465792179 21.638445407152176 28.068996474146843 28.822414204478264 19.180571511387825 22.578903302550316 1563.5971828177571 263.71049915254116 94.084404647350311 25.52155527472496 18.981870368123055 22.339626051485538 28.145711928606033 22.813752412796021 19.301347926259041
leaf_count=133 98 122 130 84 102 6662 1119 410 115 86 104 126 99 84
internal_value=-0.000203262 -0.00252622 -0.00509433 -1.48876e-05 -7.95225e-05 3.95165e-05 -0.00135951 0.000288797 -0.000305159 0.00115016 -0.00323241 -0.00499185 -0.00112445 -0.00819888
internal_weight=2209.92 165.148 76.1928 2044.77 2025.59 1952.52 294.842 1657.68 88.9556 67.3172 73.0642 50.4853 41.7956 48.1238
internal_count=9474 734 336 8740 8656 8324 1252 7072 398 300 332 230 185 214
is_linear=0
shrinkage=0.011451


Tree=458
num_leaves=11
num_cat=0
split_feature=5 21 31 21 20 20 14 23 11 9
split_gain=8.76536 6.51045 7.99918 5.62099 8.77215 5.71525 4.80644 7.62255 6.55495 3.82047
threshold=-2.5506619414204468 16.500000000000004 116.96931178424019 -13.499999999999998 -0.038690476190476185 0.26038961038961045 -0.19999999999999998 100.11428571428571 0.049793336472446 0.75595238095238104
decision_type=8 2 2 2 8 10 10 10 10 8
left_child=6 2 3 4 -2 -5 -1 8 -8 -9
right_child=1 -3 -4 5 -6 -7 7 9 -10 -11
leaf_value=0.0085440620490822572 -0.0025338961553487945 -0.0050051354599026212 0.0066693783614652658 8.8659350399769482e-05 0.006511815797589149 -0.0019292044770720046 0.0035458608139595435 0.0077098812068590247 -0.0042896596991514463 0.0014186426251322668
leaf_weight=17.521324887871742 21.073054999113083 33.130850732326508 23.08649555593729 1767.6798208802938 39.879512846469879 204.77480167895555 24.545498222112656 31.72198099642992 30.859945863485336 21.361361756920815
leaf_count=77 89 145 112 7537 174 877 107 144 138 97
internal_value=0.000157507 -1.97927e-05 6.21094e-05 -1.50553e-05 0.00339084 -0.000121407 0.00308239 0.00215379 -0.000817517 0.00522692
internal_weight=2215.63 2089.62 2056.49 2033.41 60.9526 1972.45 126.01 108.489 55.4054 53.0833
internal_count=9497 8934 8789 8677 263 8414 563 486 245 241
is_linear=0
shrinkage=0.011451


Tree=459
num_leaves=17
num_cat=0
split_feature=21 7 4 18 24 9 7 22 0 4 7 29 3 4 4 27
split_gain=6.13326 7.45774 5.59764 8.24652 5.2919 9.19155 9.56652 7.108 6.21052 7.58372 7.18475 6.49929 5.50004 5.03055 2.99226 2.98939
threshold=9.5000000000000018 0.60473726092183022 -0.74884105036863524 -0.11111111111111112 1.0000000180025095e-35 -0.45601135190918468 -1.3638091053790384 118.50000000000001 7.9822039698836429 -2.645736089204842 1.4158935077497183 2.2695507708665592 0.013500249198397986 0.10230627859560383 -0.54718360502197128 0.26233740580881076
decision_type=2 10 8 8 2 10 10 10 10 8 10 8 10 10 10 8
left_child=4 2 -2 -4 8 15 -7 -8 9 11 -11 -1 14 -5 -10 -6
right_child=1 -3 3 13 5 6 7 -9 12 10 -12 -13 -14 -15 -16 -17
leaf_value=0.0070189865400517313 -0.0077532900579848655 0.0024428475760822871 0.0038943906567142942 -0.0012115740473409868 0.0083909746024604416 0.008441486891677584 0.0011479968380094232 -0.0043533019732308938 -0.006705749315750428 0.00027744879660269637 -0.0026154325468929918 0.00097742493862133166 0.0012589837643951734 -0.0084165403002811646 -0.0011307386928337954 0.0027516995695421155
leaf_weight=37.703253537416458 30.689022168517113 33.971120595932007 21.716472521424294 28.848852336406708 30.67255861312151 18.251299515366554 130.70172761380672 39.565893098711967 38.647758267819881 1532.3646471425891 120.83406379818916 60.31188490986824 27.87592801451683 22.427070945501328 19.052103132009506 21.831607535481453
leaf_count=159 133 147 96 124 132 79 574 169 177 6518 518 262 126 97 87 99
internal_value=0.000155789 -0.00217917 -0.00369946 -0.00194064 0.000311123 0.00190401 0.000715402 -0.000142287 0.000101494 0.000249138 6.50417e-05 0.00333295 -0.00289857 -0.00443006 -0.00489866 0.00610965
internal_weight=2215.47 137.653 103.681 72.9924 2077.81 241.023 188.519 170.268 1836.79 1751.21 1653.2 98.0151 85.5758 51.2759 57.6999 52.5042
internal_count=9497 597 450 317 8900 1053 822 743 7847 7457 7036 421 390 221 264 231
is_linear=0
shrinkage=0.011451


Tree=460
num_leaves=15
num_cat=0
split_feature=22 21 14 7 4 3 4 0 15 20 26 13 11 13
split_gain=8.04677 8.16581 9.66466 11.0072 7.128 6.80223 9.77033 5.90568 4.65195 4.61384 5.25508 4.1508 4.08686 2.85022
threshold=-223.49999999999997 -14.499999999999998 -0.31005097413766136 -0.62738139229614709 -2.086324705931037 -0.042692913743587517 0.73084349516122071 -12.765229295003422 -0.16575091575091572 1.0000000180025095e-35 -0.18537213315218418 0.2436507936507937 -0.037497724790680635 -0.099450549450549416
decision_type=8 2 8 10 10 8 8 10 8 8 10 10 10 8
left_child=8 12 3 -3 -5 6 -4 -7 11 10 -10 -1 -2 -11
right_child=1 2 5 4 -6 7 -8 -9 9 13 -12 -13 -14 -15
leaf_value=-0.0045177944788748993 0.00094038696495405989 -0.0048075340290854585 -0.0013967996017567794 0.0070615120698199639 0.0016271126079634864 0.0041222219073055264 0.003583156946676882 -0.0010570597103868021 -0.0030838255858706694 0.0031768665701085433 0.0043985790155421419 0.0029248737418922826 0.0073144017597603292 0.0092278025775757219
leaf_weight=18.792401015758514 26.667287394404411 29.41253237426281 96.874678567051888 37.855387777090073 181.59257454425097 28.775050953030586 109.35288524627686 1555.2094577476382 19.151083037257195 18.903688862919807 32.036105155944824 19.217533797025681 25.880038246512413 24.477434128522873
leaf_count=81 113 128 419 164 784 129 461 6637 82 81 141 89 114 111
internal_value=-0.000123337 -0.000297061 -0.000412495 0.00169907 0.002583 -0.000706547 0.00124686 -0.000961287 0.00260526 0.00395747 0.00159549 -0.000769199 0.00413165 0.00667853
internal_weight=2224.2 2091.62 2039.07 248.86 219.448 1790.21 206.228 1583.98 132.578 94.5683 51.1872 38.0099 52.5473 43.3811
internal_count=9534 8949 8722 1076 948 7646 880 6766 585 415 223 170 227 192
is_linear=0
shrinkage=0.011451


Tree=461
num_leaves=15
num_cat=0
split_feature=22 21 14 7 4 3 21 5 15 30 13 15 31 4
split_gain=7.87092 7.98871 9.44483 10.7626 6.96159 6.67756 13.1974 7.31661 4.55291 4.50882 4.05919 4.01259 6.66223 6.09585
threshold=-223.49999999999997 -14.499999999999998 -0.31005097413766136 -0.62738139229614709 -2.086324705931037 -0.042692913743587517 1.0000000180025095e-35 -1.1655669558859232 -0.16575091575091572 -0.1400347021399653 0.2436507936507937 0.018019480519480522 -32.714787483776142 0.4318433833298217
decision_type=8 2 8 10 10 10 2 8 8 10 10 10 2 10
left_child=8 9 3 -3 -5 6 -4 -7 10 -2 -1 13 -13 -10
right_child=1 2 5 4 -6 7 -8 -9 11 -11 -12 12 -14 -15
leaf_value=-0.0044659753362983664 0.00091821182070127337 -0.0047567220364869512 -0.0010062142479376744 0.0069774584835519153 0.0016083630295294761 0.00070374826866122719 0.0031905296599600897 -0.0014748828497863548 0.010103803169457616 0.0076232441392009211 0.0028947444220843669 0.0066520996966004612 -0.0018640755390519172 0.0016969403399779009
leaf_weight=18.800404846668243 28.12347400188446 29.393507853150368 261.45644502341747 37.88054196536541 181.61343625187874 245.8899317085743 156.53852856904268 1126.2921220585704 24.769741863012314 24.38699771463871 19.20219013094902 19.589184999465942 29.203384339809418 20.938852041959763
leaf_count=81 121 128 1127 164 784 1061 688 4770 109 106 89 84 128 94
internal_value=-0.000121829 -0.000293602 -0.000407739 0.00167955 0.00255318 -0.000698448 0.000568023 -0.00108433 0.00257758 0.00408837 -0.000760836 0.00391604 0.00159831 0.00633195
internal_weight=2224.08 2091.57 2039.06 248.887 219.494 1790.18 417.995 1372.18 132.504 52.5105 38.0026 94.5012 48.7926 45.7086
internal_count=9534 8949 8722 1076 948 7646 1815 5831 585 227 170 415 212 203
is_linear=0
shrinkage=0.011451


Tree=462
num_leaves=18
num_cat=0
split_feature=13 19 5 28 2 31 9 16 3 19 9 20 22 9 28 8 8
split_gain=8.58193 7.11241 6.72879 10.1926 8.32893 7.66164 6.79346 6.65615 6.97946 8.98931 6.53728 5.44284 5.06429 4.39849 10.3152 5.49428 8.07196
threshold=0.31503759398496245 0.3708333333333334 0.45392352807206965 -0.065099173799445867 10.150000000000007 35.664348746617414 -0.46609195402298847 1.5000000000000002 -0.029023022969782316 -0.82575757575757558 0.25036162005785928 -0.51190476190476175 -69.499999999999986 0.15761613066151067 0.059347994074098874 0.069049407585827519 0.087212960176328166
decision_type=10 10 10 8 10 2 8 2 10 10 10 10 8 10 10 10 10
left_child=2 7 3 4 10 6 -5 8 11 -10 -1 -2 -7 15 -15 -4 -17
right_child=1 -3 13 5 -6 12 -8 -9 9 -11 -12 -13 -14 14 -16 16 -18
leaf_value=0.0013834743801308179 -0.0010808738822111307 -0.0077644348658436353 -0.00077835099858864138 0.0051984618470438263 0.010215090930669522 -0.0021850804924898829 -0.00031920952136603589 0.0048743568062468772 -0.0013472834101831207 -0.0075166220029692721 0.0063288449678598098 0.0059760972909052171 0.002836253819763962 -0.0004076196533913791 -0.0082478326260552095 0.0089816255340990393 0.00049708696605227788
leaf_weight=192.62115861475468 40.946791455149651 23.495380282402039 373.66925117373466 29.615668579936028 18.215357504785061 29.737981826066971 869.37196715176105 20.676134303212166 104.51979805529118 43.586090356111526 42.362973913550377 21.254811733961105 203.65506694465876 72.17989245057106 31.039364844560623 18.589855045080185 62.593318939208984
leaf_count=823 181 103 1634 126 85 130 3659 94 459 190 184 100 878 305 136 78 266
internal_value=0.000125188 -0.00184943 0.000384264 0.000811758 0.00288561 0.00034663 -0.000133744 -0.00122727 -0.00184057 -0.00318825 0.00229032 0.00136813 0.00219208 -0.000676823 -0.00280285 -0.00019099 0.00249692
internal_weight=2198.13 254.479 1943.65 1385.58 253.199 1132.38 898.988 230.984 210.307 148.106 234.984 62.2016 233.393 558.072 103.219 454.852 81.1832
internal_count=9431 1127 8304 5885 1092 4793 3785 1024 930 649 1007 281 1008 2419 441 1978 344
is_linear=0
shrinkage=0.011451


Tree=463
num_leaves=18
num_cat=0
split_feature=13 25 3 8 3 6 12 5 10 6 5 4 31 2 0 12 5
split_gain=8.38766 9.29668 11.7172 9.41091 6.6717 8.14753 6.64876 8.30882 9.36012 9.6263 7.20715 9.67973 7.65668 7.13752 6.26065 6.04585 6.02102
threshold=0.31503759398496245 -1.0000000180025095e-35 -0.027508090614886679 0.069049407585827519 -0.041548719855361786 0.7712794296433283 0.12525303643724708 -1.1269506439144685 0.12920405700927531 -1.4218951545420915 0.54444444444444462 1.0317444131919991 37.128941774029734 5.1000000000000094 -7.0814510609171792 0.18699633699633703 0.15202402714730104
decision_type=10 2 10 10 8 10 10 10 8 10 10 10 2 10 8 10 10
left_child=6 -2 4 16 -3 -6 10 -8 9 -9 11 12 -1 -13 -12 -10 -4
right_child=1 2 3 -5 5 -7 7 8 15 -11 14 13 -14 -15 -16 -17 -18
leaf_value=-0.00028897161948127434 0.0011533824192886744 -0.0039469225816348265 -0.005429485350093406 -0.0094834742132840228 -0.0014908181396201012 0.0094332649048862478 0.0052796388851749773 -0.0070350879453194718 0.00788075651214948 0.00035331307736192216 0.0035518963879734404 0.0022134698849011042 0.0020917619996456021 0.0097978812654934671 -0.0017762189538954448 0.0019502121468296858 0.0019488434209305907
leaf_weight=871.09453308582306 88.910191193223 23.547626346349716 37.381955504417419 46.844184562563896 18.061805158853531 16.790792636573315 69.726170003414154 26.259850397706032 28.640692681074142 163.48191045224667 30.93917715549469 63.515604466199875 221.65325403958559 21.495174422860146 345.61309412866831 100.93795499205589 22.991911858320236
leaf_count=3663 398 101 163 206 82 80 309 112 121 696 131 267 959 95 1520 431 97
internal_value=0.00012383 -0.00182808 -0.00342686 -0.00566361 0.000697091 0.00384985 0.000380015 0.00171742 0.00093026 -0.000690152 4.46701e-05 0.000485629 0.000194912 0.00419216 -0.00133297 0.00329447 -0.00262898
internal_weight=2197.89 254.528 165.618 107.218 58.4002 34.8526 1943.36 389.047 319.32 189.742 1554.31 1177.76 1092.75 85.0108 376.552 129.579 60.3739
internal_count=9431 1127 729 466 263 162 8304 1669 1360 808 6635 4984 4622 362 1651 552 260
is_linear=0
shrinkage=0.011451


Tree=464
num_leaves=13
num_cat=0
split_feature=23 7 5 21 17 30 23 30 7 9 21 31
split_gain=11.7093 9.95681 8.48667 7.12752 9.94152 6.81108 12.4499 7.96514 6.13274 5.7642 5.23286 3.51816
threshold=-580.61904761904748 -0.083266727765071949 -2.8568805104529864 -8.4999999999999982 -0.40692640692640686 0.61172862225493807 125.53968253968254 0.48342490842490843 -4.8721207197994625 -0.065628855347366774 9.5000000000000018 1.0000000180025095e-35
decision_type=8 10 8 2 10 10 10 10 8 10 2 2
left_child=11 2 -2 4 -3 7 -7 -5 -4 -6 -10 -1
right_child=1 3 8 5 9 6 -8 -9 10 -11 -12 -13
leaf_value=-0.0026599266005458123 0.0064560907445331047 0.011195065480375863 0.0049614416325202866 0.000553981319581656 0.0063907434066105108 0.0057616255634480827 -0.0044797970324730032 -0.0052134715200424127 -0.00070588376657293255 -0.0017421285697294864 -0.0043008320787390527 -0.0090303909655230618
leaf_weight=24.771332189440727 21.10097947716713 19.798322722315788 23.422924235463142 752.6677688062191 18.600108571350574 72.589452892541885 19.232457339763641 32.104057118296623 1117.8651323541999 27.578919589519501 55.120447278022766 21.679489344358444
leaf_count=109 95 86 101 3250 79 312 81 138 4760 121 238 93
internal_value=-7.08932e-05 5.22673e-05 -0.000631649 0.000935498 0.0045463 0.0006605 0.00359979 0.000313842 -0.00076016 0.00157772 -0.000877149 -0.00571834
internal_weight=2206.53 2160.08 1217.51 942.571 65.9774 876.594 91.8219 784.772 1196.41 46.179 1172.99 46.4508
internal_count=9463 9261 5194 4067 286 3781 393 3388 5099 200 4998 202
is_linear=0
shrinkage=0.011451


Tree=465
num_leaves=13
num_cat=0
split_feature=23 7 22 5 31 30 3 7 9 30 3 2
split_gain=11.4506 9.7312 8.86537 8.30772 7.88962 10.7895 6.54541 6.38044 6.35704 7.88679 5.56452 3.5463
threshold=-580.61904761904748 -0.083266727765071949 -209.49999999999997 -2.8568805104529864 -8.9201371315428997 -0.27777777777777768 0.059517134763985798 -4.8721207197994625 0.55131578947368431 0.61172862225493807 -0.00089949429339675191 10.200000000000005
decision_type=8 10 10 8 2 10 10 8 10 10 8 10
left_child=10 3 4 -2 -3 -6 7 -5 9 -4 -1 -8
right_child=1 2 8 6 5 -7 11 -9 -10 -11 -12 -13
leaf_value=-0.0010342774659696191 0.0063929696791981691 0.0094730571962752703 0.00040682499914080478 0.0049049554963997745 -0.003411218178276124 0.006749670131205668 0.0060462159099592717 -0.0010529065151794008 -0.0041366829877086111 0.0040798202999261894 -0.009035102538146076 -5.9374543631177839e-05
leaf_weight=19.990712076425552 21.072016566991806 27.275131076574326 741.46874881535769 23.428957045078278 25.529978208243847 28.181213103234768 26.971071138978004 1123.2794539779425 35.22373341023922 84.861829936504364 26.459665894508362 22.715213969349861
leaf_count=86 95 117 3191 101 115 128 114 4787 152 364 116 97
internal_value=-7.00574e-05 5.17383e-05 0.000924918 -0.000624397 0.00453152 0.00193729 -0.000751464 -0.000928416 0.000582674 0.000786998 -0.00565479 0.00329086
internal_weight=2206.46 2160.01 942.541 1217.47 80.9863 53.7112 1196.39 1146.71 861.554 826.331 46.4504 49.6863
internal_count=9463 9261 4067 5194 360 243 5099 4888 3707 3555 202 211
is_linear=0
shrinkage=0.011451


Tree=466
num_leaves=18
num_cat=0
split_feature=11 19 2 14 0 8 14 14 14 31 7 3 5 11 3 3 5
split_gain=8.46713 8.28092 8.25753 9.06906 7.34344 8.51795 7.25152 6.40751 7.85534 7.21837 6.36841 6.3123 6.08571 6.47755 5.53919 4.83214 6.16952
threshold=-0.10521647346944672 -0.30732323232323228 7.7000000000000037 0.1570028011204482 -2.0054757015742655 -0.12800941563111271 -0.24072802197802196 0.17902930402930406 0.1570028011204482 -93.525895401715147 -0.71340104212747713 -0.056570191772445426 2.8935959241865254 -0.14907723410634247 -0.044006948465547362 0.053822656232187967 0.071456535492726583
decision_type=8 10 10 8 10 8 10 10 10 2 10 8 8 10 10 10 10
left_child=1 4 7 15 -1 -6 -7 8 9 -2 -3 -9 13 -12 -13 16 -4
right_child=2 10 3 -5 5 6 -8 11 -10 -11 12 14 -14 -15 -16 -17 -18
leaf_value=0.0033067020711922898 -0.0038498159769207057 0.0023083752477433168 0.0057257077326616328 -5.0836709112446428e-05 0.005376045557928655 0.00093602357194435052 -0.0060614509266772032 -0.0072212725478201564 0.0053346050561998417 0.00045827758623509822 -0.00092638233559376166 0.0042149377983461082 -0.010752054484644696 -0.0066632441129208797 -0.0013802754568331551 0.0080456213582074578 -0.00037846572510158845
leaf_weight=58.297636017203331 52.523462221026421 19.452411845326424 48.352719098329544 105.99337248504162 17.221798703074455 31.430152952671051 49.495606154203415 21.73050881922245 40.980172395706177 1241.0089610144496 56.323955297470093 24.662011869251728 17.90444565564394 47.367507413029671 278.52066212892532 35.592537052929401 38.836439698934555
leaf_count=245 242 87 212 456 79 142 217 93 176 5267 244 114 82 204 1193 156 165
internal_value=8.65223e-05 -0.00170686 0.000369576 0.00240576 0.000108968 -0.00179986 -0.00335823 8.80112e-05 0.000439209 0.000281467 -0.00371199 -0.00135242 -0.0046824 -0.00357272 -0.00091694 0.00451535 0.0030244
internal_weight=2185.69 297.494 1888.2 228.775 156.445 98.1476 80.9258 1659.43 1334.51 1293.53 141.048 324.913 121.596 103.691 303.183 122.782 87.1892
internal_count=9374 1300 8074 989 683 438 359 7085 5685 5509 617 1400 530 448 1307 533 377
is_linear=0
shrinkage=0.011451


Tree=467
num_leaves=18
num_cat=0
split_feature=11 19 17 2 14 0 0 8 14 14 14 29 3 6 4 25 3
split_gain=8.27999 8.10233 10.1542 8.07601 8.87446 7.72988 7.17896 8.3273 7.09994 6.26214 7.68222 6.32992 8.02588 6.09994 5.97409 5.12505 4.73191
threshold=-0.10521647346944672 -0.30732323232323228 0.07634032634032635 7.7000000000000037 0.1570028011204482 4.0793976728268317 -2.0054757015742655 -0.12800941563111271 -0.24072802197802196 0.17902930402930406 0.1570028011204482 -4.17063492063492 -0.027265032107618211 2.5289813679057969 1.3665351386421873 -1.0000000180025095e-35 0.053822656232187967
decision_type=8 10 10 10 8 8 10 8 10 10 10 10 8 10 10 2 10
left_child=1 6 5 9 16 -3 15 -8 -9 10 14 12 -11 -13 -2 -1 -5
right_child=3 2 -4 4 -6 -7 7 8 -10 11 -12 13 -14 -15 -16 -17 -18
leaf_value=0.0073223936904636914 -3.4133662761823951e-05 -0.0036741801795603202 -0.010967414459477161 0.0029917628325389326 -5.0257885530186807e-05 0.0039811476902840174 0.00530900287599254 0.00092534669740809402 -0.005999699571405441 -0.0081688339146591543 0.0052761362413961833 -0.00072197186057136695 -0.0016028686700926738 0.0060004862222416341 0.0022159322060921645 0.00044767671292688315 0.0079626229640979672
leaf_weight=23.493974626064301 1114.4628816321492 100.00689826905727 20.651393502950668 87.144525215029716 105.99399852007627 20.312733165919781 17.247796416282654 31.43635056167841 49.43956983089447 32.642695590853691 40.967256709933281 180.15491147339344 93.183900654315948 18.957317635416985 179.00810717791319 34.792311072349548 35.558817774057388
leaf_count=99 4740 430 91 377 456 96 79 142 217 140 176 771 405 84 769 146 156
internal_value=8.55336e-05 -0.00168829 -0.00367238 0.000365414 0.00237947 -0.00236706 0.000107899 -0.00177969 -0.0033223 8.69947e-05 0.000434215 -0.00133693 -0.00334012 -6.41503e-05 0.000278236 0.0032699 0.00446733
internal_weight=2185.46 297.381 140.971 1888.07 228.697 120.32 156.41 98.1237 80.8759 1659.38 1334.44 324.939 125.827 199.112 1293.47 58.2863 122.703
internal_count=9374 1300 617 8074 989 526 683 438 359 7085 5685 1400 545 855 5509 245 533
is_linear=0
shrinkage=0.011451


Tree=468
num_leaves=18
num_cat=0
split_feature=6 27 10 8 10 7 7 0 8 15 18 18 7 30 15 26 30
split_gain=6.74028 9.44386 11.1747 9.55528 8.72155 8.21234 7.07471 8.4723 6.96112 6.86396 6.73101 6.79955 17.3377 6.45184 5.33578 5.9876 5.19856
threshold=-1.1601212448902483 -0.088831024374525336 0.18301890254540645 -0.034611839517315189 0.14042817175496161 -0.083266727765071949 -0.48868632515548016 2.0232717316906226 -0.091162797886014571 0.29857142857142865 -0.083333333333333343 0.14339826839826847 -0.61456187760705949 0.13583099906629323 0.27311577311577317 -0.32983757972892641 -0.12283272283272283
decision_type=8 8 10 10 8 10 10 8 10 10 8 10 10 8 8 10 10
left_child=4 2 6 -4 5 9 7 -2 -8 -1 -6 13 -13 -12 15 -7 -5
right_child=1 -3 3 16 10 14 8 -9 -10 -11 11 12 -14 -15 -16 -17 -18
leaf_value=-0.0068297362130114499 -0.0077241996054493904 -2.8725412576694516e-05 0.0016136194179886814 0.012576802572046611 -0.003059961302345635 0.0063866052511576659 -0.0024811531434125859 0.0022237816075402783 0.004274645394456553 0.00026629750073872276 0.00011979421223154966 -0.010177808289267395 0.0022599748434140679 0.0069019940041702473 -0.005508418173376892 -0.0009630684692155904 0.0048001024310792466
leaf_weight=79.7338927090168 24.648226201534271 1567.1999103501439 42.880537837743759 25.42237950861454 54.749821752309799 17.361317351460457 28.423970803618431 19.748164132237434 64.068668864667416 22.922206118702888 31.77869188785553 18.722220107913017 60.132832825183868 43.076680451631546 24.271207913756371 74.486217893660069 22.121374145150185
leaf_count=353 104 6696 183 108 236 76 123 87 273 103 137 81 256 190 107 324 93
internal_value=-1.98091e-05 0.000288036 0.00246567 0.00557374 -0.00131129 -0.00290477 0.000395617 -0.00333157 0.00219564 -0.00525371 0.000364931 0.00159274 -0.000753285 0.00404903 -0.000810126 0.000461989 0.00907415
internal_weight=2221.75 1794.51 227.313 90.4243 427.235 218.775 136.889 44.3964 92.4926 102.656 208.46 153.71 78.8551 74.8554 116.119 91.8475 47.5438
internal_count=9530 7667 971 384 1863 963 587 191 396 456 900 664 337 327 507 400 201
is_linear=0
shrinkage=0.011451


Tree=469
num_leaves=18
num_cat=0
split_feature=6 10 1 10 11 5 10 19 25 9 4 29 19 26 1 15 9
split_gain=6.59035 8.80917 12.213 8.52833 8.45357 6.49375 9.44255 5.67329 5.74801 5.64752 5.29168 5.09189 7.64681 5.79685 4.79406 4.74217 6.57009
threshold=-1.1601212448902483 -0.13203922609261828 -3.8000000000000109 0.14042817175496161 -0.22097411923422292 -0.32554198314369115 0.28275322922395313 0.40256410256410263 -2.4999999999999996 -0.065628855347366774 -1.1518095652881102 -2.3472222222222219 -0.1775210084033613 -0.40304555395449709 -5.0499999999999963 0.18670029660741735 -1.0000000180025095e-35
decision_type=8 10 10 8 10 10 10 8 2 10 10 8 10 10 10 10 10
left_child=3 2 15 11 -3 10 -7 9 -9 -4 -6 12 -1 -13 -15 16 -2
right_child=1 4 7 -5 5 6 -8 8 -10 -11 -12 13 -14 14 -16 -17 -18
leaf_value=-0.009589874138701885 -0.0020642787767258587 0.0071485827076163688 0.00091912188312915808 0.00036060157117760163 -0.00021576231077226872 -0.000574679134730872 0.0038121111098368722 0.0064292935659202429 0.0006633136696690263 -0.0032819075657359261 0.0032175884981968891 0.0027924238834925006 -0.0013973085531196786 -0.0072795394994858917 -0.0017262319080092936 0.0021043152891129803 -0.0067945576817839146
leaf_weight=31.017586722970009 198.87067534029484 29.249593436717987 73.226222977042198 208.4572196751833 80.966271489858627 405.11773356050253 75.80303955078125 23.050541535019875 523.64256568998098 96.878300413489342 214.19225953519344 29.033522486686707 28.76901064068079 24.855322778224945 105.00106602907181 26.052082166075706 47.452042683959007
leaf_count=136 840 127 313 900 344 1724 322 100 2216 415 951 128 125 114 460 112 203
internal_value=-1.95698e-05 0.000284805 -0.000439027 -0.00129679 0.0011735 0.000942404 0.000121064 0.000345706 0.000913918 -0.00147691 0.0022774 -0.00287304 -0.00570619 -0.00178772 -0.00282073 -0.0025 -0.00299131
internal_weight=2221.64 1794.5 989.172 427.134 805.329 776.079 480.921 716.798 546.693 170.105 295.159 218.677 59.7866 158.89 129.856 272.375 246.323
internal_count=9530 7667 4199 1863 3468 3341 2046 3044 2316 728 1295 963 261 702 574 1155 1043
is_linear=0
shrinkage=0.011451


Tree=470
num_leaves=18
num_cat=0
split_feature=23 6 31 28 18 5 0 6 20 28 18 3 22 5 30 22 22
split_gain=5.60622 8.64744 8.71849 9.26646 6.31393 5.98305 5.97814 5.15463 4.8964 6.0622 6.79751 6.39243 5.96775 6.48988 7.40668 4.83122 4.661
threshold=239.91666666666666 1.1988583838421698 68.889900040658304 -0.027823633679359718 -0.26527777777777767 0.57622955389288932 -3.3073237508555766 2.0843385314226324 0.267948717948718 0.24376366983273448 0.25000000000000006 -0.013473083151840147 364.50000000000006 3.6018968317311324 0.88203463203463217 535.00000000000011 -230.49999999999997
decision_type=10 10 2 10 8 10 10 10 10 10 8 8 10 10 8 10 8
left_child=8 2 3 4 -2 7 -5 -3 12 10 11 -10 13 16 -15 -14 -1
right_child=1 5 -4 6 -6 -7 -8 -9 9 -11 -12 -13 15 14 -16 -17 -18
leaf_value=0.0025156187994314987 -0.0050155876980573231 0.0060688958105778873 -0.006781505355673771 -0.0017884074961768213 0.0013415512707333813 0.0099542659752532014 0.0041163003164822526 -0.00034413399655387896 -0.0062893529819233428 -0.0069026019238708535 0.0015273240128717497 -0.00085330690448171779 -0.0087649058909485145 0.009780679350793511 0.00013079941538475594 -0.0004834961230738877 -0.00030762114678093187
leaf_weight=80.077632926404476 44.678385823965073 30.645188763737679 21.00551800429821 28.681865215301514 36.960635751485825 19.063926503062248 98.224480964243412 34.453496359288692 44.765878364443779 27.754884079098701 72.706173151731491 76.190777517855167 18.162664406001568 17.961768783628941 23.745096519589424 18.29694527387619 1524.4568218365312
leaf_count=355 191 133 93 121 159 80 426 153 191 120 311 327 80 79 109 85 6503
internal_value=-0.000128594 0.00128817 0.000133301 0.000849063 -0.00214988 0.0044124 0.00277943 0.00270553 -0.000362381 -0.00196052 -0.00123112 -0.00288849 -0.000151402 -4.89978e-05 0.00437466 -0.00469177 -0.000165741
internal_weight=2217.83 313.713 229.551 208.545 81.639 84.1626 126.906 65.0987 1904.12 221.418 193.663 120.957 1682.7 1646.24 41.7069 36.4596 1604.53
internal_count=9516 1356 990 897 350 366 547 286 8160 949 829 518 7211 7046 188 165 6858
is_linear=0
shrinkage=0.011451


Tree=471
num_leaves=13
num_cat=0
split_feature=25 23 6 11 31 28 28 20 21 4 9 15
split_gain=7.86371 5.61054 8.74015 8.58387 8.34268 8.63456 6.09841 8.29375 7.38564 5.65682 4.7798 6.02947
threshold=-5.4999999999999991 239.91666666666666 1.1988583838421698 0.2235338155373213 68.889900040658304 -0.027823633679359718 -0.027823633679359718 0.59166666666666679 1.0000000180025095e-35 1.2454229589544146 0.32750190985485111 0.08333333333333337
decision_type=2 10 10 10 2 10 10 10 2 10 10 8
left_child=-1 3 4 6 5 -3 8 -8 -2 -5 11 -4
right_child=1 2 10 9 -6 -7 7 -9 -10 -11 -12 -13
leaf_value=0.0068028108583076752 -0.00052420787964141716 -0.0021257331620776034 0.0085066239267404965 -0.0018238568733839596 -0.0066983255434220111 0.0026409472351195478 -0.00077924463348351956 -0.0055582795431293403 0.0013869922474843955 -0.0097197557884119417 -0.00077521757075814076 0.0013614615015258963
leaf_weight=20.60330756008625 668.95843529701233 81.633767172694206 40.42426211386919 29.040690034627914 21.030924111604691 125.76160829514265 677.83524332940578 50.589845761656761 438.28962466865778 19.964183419942856 18.391628086566925 25.32235524058342
leaf_count=89 2840 350 177 125 93 542 2925 218 1879 89 80 109
internal_value=-0.000127129 -0.000194142 0.00122514 -0.00042987 5.94908e-05 0.000763919 -0.000302662 -0.0011159 0.000232693 -0.00512735 0.00436455 0.00579571
internal_weight=2217.85 2197.24 312.565 1884.68 228.426 207.395 1835.67 728.425 1107.25 49.0049 84.1382 65.7466
internal_count=9516 9427 1351 8076 985 892 7862 3143 4719 214 366 286
is_linear=0
shrinkage=0.011451


Tree=472
num_leaves=12
num_cat=0
split_feature=5 21 0 3 1 3 8 23 1 31 30
split_gain=8.9474 9.20352 6.77982 6.59705 5.53274 5.15989 4.8697 4.8895 3.5165 2.8404 2.22096
threshold=2.160225421011043 -16.499999999999996 -12.765229295003422 0.05906449782075935 12.700000000000005 0.041046086409918532 0.066480927895930589 -60.289251207729471 -1.0000000180025095e-35 -0.7425097496585521 -1.0971405228758169
decision_type=10 2 10 8 10 8 8 10 10 2 10
left_child=1 -1 -3 6 5 -4 7 10 -9 -6 -2
right_child=3 2 4 -5 9 -7 -8 8 -10 -11 -12
leaf_value=0.0065233390071136165 -0.0044429660239483039 0.0055753324079871082 0.00048396593315646328 0.00379751314266799 -0.0067153300502749659 -0.00091633497354802083 0.00030282446775653168 -0.0057528840676755429 -0.000187961859872886 -0.0013193935607499617 -0.0097946834302323187
leaf_weight=29.379395812749863 20.192783772945404 28.964120045304298 1478.1003732308745 18.211723670363426 21.538486465811729 449.42603579908609 34.505320355296135 24.705101057887077 36.160492360591888 31.174818806350231 24.710689097642899
leaf_count=128 92 129 6291 84 92 1949 146 111 160 135 113
internal_value=2.802e-05 0.000232095 0.000137981 -0.002587 5.66128e-05 0.000157266 -0.00342986 -0.00464188 -0.00248437 -0.00358016 -0.00748767
internal_weight=2197.07 2038.58 2009.2 158.486 1980.24 1927.53 140.274 105.769 60.8656 52.7133 44.9035
internal_count=9430 8724 8596 706 8467 8240 622 476 271 227 205
is_linear=0
shrinkage=0.011451


Tree=473
num_leaves=11
num_cat=0
split_feature=27 26 5 21 20 0 23 17 11 0
split_gain=9.02323 6.76426 7.45239 5.96934 7.3128 4.9795 4.87943 6.6882 5.05411 4.65803
threshold=-0.41094790832440309 0.61881572200377466 1.1272217340373494 -13.499999999999998 -0.14087301587301584 -12.765229295003422 407.22500000000008 -0.24158249158249154 -0.11330860022036147 -5.3182751540041062
decision_type=8 8 10 2 10 10 10 8 8 10
left_child=1 2 -1 4 9 -5 8 -8 -7 -2
right_child=3 -3 -4 5 -6 6 7 -9 -10 -11
leaf_value=0.0037955547742823861 0.0047023140575806529 -0.010133780735081624 -0.0055304020516932116 0.0046303232206341537 0.0090257515200923965 -0.00177725229746488 -0.0036025840906480536 0.0037492353352371562 5.7375111324796053e-05 -0.0025896794011906741
leaf_weight=18.078840300440788 21.236118242144585 17.500280328094959 27.549907252192497 29.947173103690147 20.849177673459053 221.82612420618534 19.431136235594749 85.517982468008995 1711.4453153982759 23.539542600512505
leaf_count=78 94 77 128 133 90 967 83 372 7308 100
internal_value=2.76562e-05 -0.0042161 -0.00183387 0.000154479 0.00353701 4.60497e-05 -2.27892e-05 0.002374 -0.000153669 0.000886895
internal_weight=2196.92 63.129 45.6287 2133.79 65.6248 2068.17 2038.22 104.949 1933.27 44.7757
internal_count=9430 283 206 9147 284 8863 8730 455 8275 194
is_linear=0
shrinkage=0.011451


Tree=474
num_leaves=15
num_cat=0
split_feature=5 19 10 12 31 31 7 11 9 11 14 5 30 9
split_gain=6.1338 4.9699 7.41738 6.18826 4.79872 4.21415 8.58929 5.95937 9.25534 6.46455 5.06416 4.17261 4.55238 2.45594
threshold=2.8243139985878583 -0.56980519480519465 0.2105115986164374 0.50115207373271897 -30.865135729843015 96.177753248932518 0.45821335060608825 0.17166548331256651 0.063156565152935398 0.13773514010650953 0.23145604395604399 3.6018968317311324 0.72792397660818731 0.069577215918679367
decision_type=10 8 10 8 2 2 10 10 8 10 10 10 8 8
left_child=1 2 3 4 -1 7 10 9 -9 -3 -7 13 -13 -2
right_child=11 5 -4 -5 -6 6 -8 8 -10 -11 -12 12 -14 -15
leaf_value=0.0059447848311408704 -0.0082332400211368104 -0.00028604309462244013 -0.0041736558739100564 0.0092950262139586317 5.6871961945833052e-05 0.0085590382581285599 -0.0030130416820054687 0.0012469990561144678 -0.0056043490710923124 0.003543462935745108 0.00079225750950182624 0.0034674974384472828 -0.0033877362244053339 -0.0027856811704209416
leaf_weight=26.738572686910629 22.081918224692345 1766.5778006389737 19.46709767729044 18.62181381881237 53.802887976169586 26.807598292827606 23.490342557430267 42.155260249972343 65.366502225399017 59.095063075423241 18.614492624998093 19.777547508478165 32.954746246337891 22.722276762127876
leaf_count=113 101 7525 85 84 232 128 108 180 281 255 89 88 151 101
internal_value=-0.000210454 -8.08755e-05 0.00218979 0.00345844 0.00204413 -0.000216099 0.00255289 -0.000315646 -0.00292701 -0.000160845 0.00543328 -0.00300833 -0.000805516 -0.0055514
internal_weight=2218.27 2120.74 118.63 99.1633 80.5415 2002.11 68.9124 1933.19 107.522 1825.67 45.4221 97.5365 52.7323 44.8042
internal_count=9521 9080 514 429 345 8566 325 8241 461 7780 217 441 239 202
is_linear=0
shrinkage=0.011451


Tree=475
num_leaves=13
num_cat=0
split_feature=5 0 21 2 5 13 2 5 5 30 18 27
split_gain=6.00294 5.83843 5.39673 16.4659 6.35498 5.64764 10.0757 6.61127 4.08939 4.45261 3.15757 1.74227
threshold=2.8243139985878583 -12.024640657084188 2.5000000000000004 16.500000000000004 -0.52541062088324375 -0.33095238095238094 -15.200000000000001 0.47223192786584017 3.6018968317311324 0.72792397660818731 0.54356060606060619 -0.21881863096562634
decision_type=10 8 2 8 8 8 10 10 10 8 8 10
left_child=1 -1 5 4 -4 6 -3 -7 10 -10 -2 -5
right_child=8 2 3 11 -6 7 -8 -9 9 -11 -12 -13
leaf_value=0.0057941084502935785 -0.0079725347790253892 -0.0056058987893447135 0.0021234000731856139 0.010071262919298347 -0.0005527940819084323 -0.00030510960443349774 0.0029561474303308379 -0.0022266332402930914 0.0034272122224498543 -0.0033523465222273863 -0.0017324212782593574 0.0048615316866779919
leaf_weight=21.296032160520554 26.546025708317757 20.564302511513233 167.77549812197685 21.990284338593483 375.65984316170216 1076.8599606379867 119.83869951963425 299.69825674593449 19.788612216711044 32.928437292575836 18.20001494884491 16.996680185198784
leaf_count=100 120 99 722 102 1605 4575 517 1278 88 151 82 82
internal_value=-0.000208036 -7.98895e-05 -0.000141285 0.00079513 0.000275011 -0.000501002 0.00168165 -0.000724325 -0.00297698 -0.000796522 -0.00549675 0.00791925
internal_weight=2218.14 2120.68 2099.38 582.422 543.435 1516.96 140.403 1376.56 97.4631 52.717 44.746 38.987
internal_count=9521 9080 8980 2511 2327 6469 616 5853 441 239 202 184
is_linear=0
shrinkage=0.011451


Tree=476
num_leaves=18
num_cat=0
split_feature=25 3 21 14 6 24 17 26 30 11 2 4 14 28 26 4 30
split_gain=8.36419 9.01449 12.3409 8.75689 8.92786 9.02962 8.04375 6.48753 7.70675 6.46453 6.48849 6.46285 6.10431 9.74295 5.62819 5.31858 3.62336
threshold=1.0000000180025095e-35 0.061314408453040654 1.5000000000000002 0.21846590909090913 2.437947443429624 1.0000000180025095e-35 -0.041666666666666664 0.63497713093912012 -0.029586834733893504 -0.11741225386133679 -11.450000000000001 4.5171804034072975 0.067269984917043765 -0.14539465564694229 0.15687252839138408 -0.78735028954339048 -0.11623298199385158
decision_type=2 8 2 10 10 2 8 10 10 8 10 10 10 10 10 10 10
left_child=3 7 -3 11 5 6 -5 9 -9 15 -11 12 14 -14 -1 -2 -6
right_child=1 2 -4 4 16 -7 -8 8 -10 10 -12 -13 13 -15 -16 -17 -18
leaf_value=0.00081633358304959865 -0.00075145842617244292 -0.0021992292058541085 0.0084077352647442712 0.00068567633889457416 0.0067175266179745731 0.004140623366245739 -0.0046282842076437658 -0.0087952166266251925 0.00013375482010146306 -0.0051822774219806638 -0.00029075438773499168 0.0059611727508622238 0.0088788590666781728 0.0013573233153760136 -0.0010892343689293696 -0.007593241014457768 -0.00030159000053416588
leaf_weight=909.5300196185708 26.113259896636009 28.040090844035149 28.403991848230362 50.245770290493965 20.584114976227283 23.830148376524448 143.15085389465094 32.565333053469658 20.460734143853188 38.313481882214546 406.74450051784515 30.194100826978683 28.078902900218964 106.97065651416779 261.05315300822258 34.529866710305214 17.558226153254509
leaf_count=3874 117 124 132 215 92 107 615 139 88 164 1732 130 123 461 1121 154 79
internal_value=-2.93725e-05 -0.00116257 0.00317407 0.000409033 -0.00153128 -0.00242916 -0.00325005 -0.00160391 -0.00539074 -0.0012003 -0.000718927 0.000780537 0.000657766 0.00295689 0.000390995 -0.0046871 0.00353642
internal_weight=2206.37 615.171 56.4441 1591.2 255.369 217.227 193.397 558.727 53.0261 505.701 445.058 1335.83 1305.63 135.05 1170.58 60.6431 38.1423
internal_count=9467 2650 256 6817 1108 937 830 2394 227 2167 1896 5709 5579 584 4995 271 171
is_linear=0
shrinkage=0.011451


Tree=477
num_leaves=17
num_cat=0
split_feature=25 3 31 9 26 30 6 15 13 0 8 5 9 18 5 22
split_gain=8.1787 8.81822 15.0919 6.68522 6.34594 7.54164 5.3785 5.58478 5.49912 6.92647 6.63335 4.94109 5.96187 5.29384 4.56049 3.44272
threshold=1.0000000180025095e-35 0.061314408453040654 -28.393934213122403 0.63714733542319768 0.63497713093912012 -0.029586834733893504 2.6680447461172201 -0.24943438914027147 0.32379032258064527 9.2648870636550296 0.15135718249786428 -0.14030901144750416 0.2368734335839599 -0.11904761904761904 -1.2873560345900361 34.500000000000007
decision_type=2 8 2 10 10 10 10 8 10 10 8 10 10 10 10 8
left_child=3 4 -3 6 11 -6 8 -8 9 -1 -10 13 -13 -2 -9 -4
right_child=1 2 15 -5 5 -7 7 14 10 -11 -12 12 -14 -15 -16 -17
leaf_value=0.00071276239265651812 -0.0012014445173181307 -0.0060116773232285724 0.010283046292984021 -0.0044438356673367719 -0.0087014767210195788 0.0001322706250862504 0.0082320926423278731 -0.0019732217906153113 -0.00030414865599071196 -0.0047489733534254999 -0.0056772634936843982 -0.0016324448624826921 -0.0068968511391624228 0.0023447980857562206 0.0035493719310090302 0.0034604842618078412
leaf_weight=1260.2720201537013 167.34774377942085 16.230675011873245 19.453258633613586 35.783635154366493 32.546478241682053 20.460858330130577 20.732755042612553 29.224467381834984 117.87510434538126 30.545266725122929 39.848297171294689 224.98550636321306 31.740282773971558 81.543355599045753 56.85535354167223 20.704015001654625
leaf_count=5356 705 72 90 155 139 88 94 132 515 144 174 979 136 347 247 94
internal_value=-2.90156e-05 -0.00114975 0.00314168 0.000404475 -0.00158614 -0.00533212 0.000517864 0.0029896 0.000334319 0.000581148 -0.00167972 -0.00118696 -0.00229939 -3.64596e-05 0.00167368 0.0068788
internal_weight=2206.15 615.012 56.3879 1591.14 558.624 53.0073 1555.35 106.813 1448.54 1290.82 157.723 505.617 256.726 248.891 86.0798 40.1573
internal_count=9467 2650 256 6817 2394 227 6662 473 6189 5500 689 2167 1115 1052 379 184
is_linear=0
shrinkage=0.011451


Tree=478
num_leaves=16
num_cat=0
split_feature=24 9 11 31 31 11 31 31 10 30 12 4 21 10 0
split_gain=7.30167 11.9893 7.78364 7.456 6.27086 8.23862 5.72842 8.77812 5.53816 5.16137 5.0732 4.57979 4.51334 4.13459 4.01597
threshold=1.0000000180025095e-35 -0.29348185689649103 0.078403460681073914 38.968488881891524 102.05040405783622 0.32186012034816164 -88.066844955317933 -72.388632534865891 0.25978323532733089 0.11932773109243704 -0.26666666666666661 -3.3163131023599668 1.5000000000000002 -0.082206691890351055 -0.33949349760438524
decision_type=2 10 10 2 2 10 2 2 8 8 10 10 2 10 8
left_child=4 11 9 -4 5 6 8 -8 -1 10 -3 -2 -11 -13 -6
right_child=1 2 3 -5 14 -7 7 -9 -10 12 -12 13 -14 -15 -16
leaf_value=-0.0049007965452108285 0.0015786745705054998 -0.0043167725294846948 -0.00048744771991757527 0.008434297270311291 0.0082074118573840608 -0.0074417884235795772 0.0038962977892871694 -0.00030454065675684537 0.0011754562485633245 -0.0064080946594590096 0.0021232003043536551 0.010581431642607241 -0.00068984310550905927 0.0042699821036925245 0.00055877712034530685
leaf_weight=64.150770135223866 31.312298737466335 19.732316523790359 23.405984103679657 25.024921357631683 17.668735422194004 20.697762727737427 67.178067713975906 1692.0453407764435 27.921956747770309 32.601571261882782 74.653400003910065 24.553944602608681 40.098548591136932 33.058585271239281 17.89014832675457
leaf_count=302 139 86 101 118 90 91 294 7178 130 141 321 106 174 146 79
internal_value=-1.65124e-05 0.00162833 0.000164289 0.00417416 -0.000279501 -0.000370686 -0.000288996 -0.00014272 -0.00306288 -0.0010099 0.000756147 0.0051491 -0.00328885 0.00704961 0.00443991
internal_weight=2211.99 304.442 215.517 48.4309 1907.55 1871.99 1851.3 1759.22 92.0727 167.086 94.3857 88.9248 72.7001 57.6125 35.5589
internal_count=9496 1332 941 219 8164 7995 7904 7472 432 722 407 391 315 252 169
is_linear=0
shrinkage=0.011451


Tree=479
num_leaves=18
num_cat=0
split_feature=2 4 22 17 28 26 8 12 12 0 27 25 27 17 2 28 8
split_gain=5.78851 8.7737 8.33693 8.33681 10.0589 9.71735 7.75243 7.20349 6.90969 6.66993 6.24632 4.82403 6.21888 5.7844 6.05885 4.71474 4.01148
threshold=-7.6500000000000048 -1.4737938259331 364.50000000000006 -0.16575091575091572 0.029706969635026257 -1.0299315500820807 -0.081013289341380842 -0.32203065134099612 -0.26666666666666661 2.0698151950718668 -0.081081973336913152 1.0000000180025095e-35 0.045719107181886751 -0.045454545454545456 -10.200000000000001 -0.02970696963502625 0.026749603861303598
decision_type=8 8 10 8 10 8 8 10 8 10 10 2 10 8 10 10 10
left_child=1 6 3 4 9 10 -1 -6 -7 -2 -5 13 15 -3 -15 -13 -4
right_child=2 11 16 5 7 8 -8 -9 -10 -11 -12 12 -14 14 -16 -17 -18
leaf_value=-0.00036211637301141164 0.0068879559429288516 0.0053881714859595137 -0.0016988597302941295 0.0087324844642286334 0.0050935922252311932 -0.002334887611914074 -0.0097139960916966094 -0.0017942321169035242 0.00010627832463495554 0.00063448420506367377 0.0019176971972859479 0.0026503272681753769 -0.0071517149303604371 0.0013781312182180687 -0.0034743918035789936 -0.0048471462841949602 -0.0085855084664218893
leaf_weight=19.456436842679977 72.496603444218636 25.538023829460144 27.11944418400526 22.752305775880814 26.013730004429817 169.8588190600276 28.404797241091728 77.830486729741096 1402.2737914845347 32.420395031571388 73.863462135195732 26.78337536752224 28.755012094974518 88.231861710548401 53.733132347464561 17.693621449172497 18.615051910281181
leaf_count=87 313 111 124 98 112 736 125 333 5999 138 316 114 122 378 226 82 82
internal_value=-1.62669e-05 -0.00152659 0.000210815 0.000329201 0.00248278 5.89087e-05 -0.00596916 -4.74243e-05 -0.000158347 0.00497168 0.00357109 -0.000629384 -0.00306682 0.000444145 -0.000466137 -0.000359654 -0.00458448
internal_weight=2211.84 288.596 1923.24 1877.51 208.761 1668.75 47.8612 103.844 1572.13 104.917 96.6158 240.735 73.232 167.503 141.965 44.477 45.7345
internal_count=9496 1245 8251 8045 896 7149 212 445 6735 451 414 1033 318 715 604 196 206
is_linear=0
shrinkage=0.011451


Tree=480
num_leaves=10
num_cat=0
split_feature=23 0 24 4 25 9 9 20 10
split_gain=7.76801 8.31197 5.51671 9.49095 6.75368 6.94581 6.5752 4.50059 4.46852
threshold=-580.61904761904748 -12.024640657084188 1.0000000180025095e-35 -3.0134629564930253 4.5000000000000009 -0.27336278586278578 0.37537878787878792 -0.32738095238095227 0.15988402176877886
decision_type=8 8 2 8 2 10 8 8 10
left_child=8 -2 3 6 5 -4 -3 -5 -1
right_child=1 2 4 7 -6 -7 -8 -9 -10
leaf_value=-0.0075528540661455113 0.0065636035933000301 0.00033166557818843228 0.0047756711842423562 -0.0020994039199549838 -0.0049854537824122009 0.00077695440534687743 0.0065940457738289928 -0.0001885448196916114 -0.00034366067035742514
leaf_weight=26.981995567679405 25.178929001092911 43.996847286820412 79.854637831449509 179.21110460907221 19.135355427861214 195.86246804147959 43.427256613969803 1594.7815843373537 19.149304807186127
leaf_count=117 119 191 351 770 84 855 187 6806 81
internal_value=8.80741e-06 0.000107799 3.04209e-05 -0.000200259 0.00148389 0.00194376 0.00346866 -0.000382294 -0.00460753
internal_weight=2227.58 2181.45 2156.27 1861.42 294.852 275.717 87.4241 1773.99 46.1313
internal_count=9561 9363 9244 7954 1290 1206 378 7576 198
is_linear=0
shrinkage=0.011451


Tree=481
num_leaves=16
num_cat=0
split_feature=0 21 3 21 3 13 4 9 4 21 13 15 9 1 31
split_gain=6.90822 6.39588 13.6019 15.4526 13.3424 12.9536 10.4475 9.87053 7.59166 13.9675 6.95553 6.73868 6.68677 6.28321 3.35255
threshold=-12.024640657084188 1.0000000180025095e-35 inf -1.4999999999999998 inf 0.32379032258064527 -3.0134629564930253 -0.66510903426791257 -0.62009875375050727 2.5000000000000004 -0.37321428571428567 0.13397435897435903 0.15447860962566848 5.049999999999998 -41.738982016014567
decision_type=8 2 8 2 8 10 8 10 10 2 8 8 8 10 2
left_child=-1 2 6 14 5 11 12 -7 9 -6 -8 -3 -2 -5 -4
right_child=1 4 3 13 8 7 10 -9 -10 -11 -12 -13 -14 -15 -16
leaf_value=0.005848201563704929 0.00037864179887419833 -0.0003228472644142615 -0.0047904845655414429 -0.003162221878756419 -0.0014452612968936086 -0.0092970072249064263 0.0030559620346557481 -0.0011420259903382423 0.010733641955548049 0.010886750933072819 -0.00059178141842706838 0.0018338266067368463 0.0096854272095869848 0.0025097805222506864 -0.011769705599830453
leaf_weight=25.589267149567604 18.327902868390083 387.52180308103561 15.136186905205248 88.650644063949585 34.590109646320343 28.992347523570061 72.92497468739748 57.272237978875637 22.602808766067028 17.708280384540558 1000.7251269444823 371.68854248523712 22.104757279157639 35.337495267391205 28.286843150854111
leaf_count=121 79 1657 79 374 149 124 321 252 113 85 4251 1590 95 147 124
internal_value=8.72109e-06 -6.08822e-05 -0.000583787 -0.00362036 0.000667085 0.000254849 -0.000125606 -0.00393279 0.00527731 0.00281434 -0.000342285 0.00073368 0.00554085 -0.00154091 -0.0094455
internal_weight=2227.46 2201.87 1281.49 167.411 920.376 845.475 1114.08 86.2646 74.9012 52.2984 1073.65 759.21 40.4327 123.988 43.423
internal_count=9561 9440 5470 724 3970 3623 4746 376 347 234 4572 3247 174 521 203
is_linear=0
shrinkage=0.011451


Tree=482
num_leaves=14
num_cat=0
split_feature=0 6 1 26 28 20 17 27 17 14 27 3 29
split_gain=7.22054 6.03005 8.26364 7.34837 6.8447 5.8396 12.9353 6.48938 8.78172 8.61495 4.81407 4.37016 4.23249
threshold=11.620807665982209 1.125145708654794 5.1000000000000094 0.9967896066274532 0.04680861079511308 -0.51190476190476175 -0.39444444444444438 -0.045719107181886737 1.0000000180025095e-35 0.30064102564102574 0.12470284420190457 -0.045938451305132071 7.3639880952380965
decision_type=10 8 10 10 8 8 10 10 10 10 8 8 8
left_child=1 5 3 4 -3 6 12 9 -9 -7 -4 -12 -1
right_child=-2 2 10 -5 -6 7 -8 8 -10 -11 11 -13 -14
leaf_value=0.0027794590008628499 -0.0056649632559960866 0.0017897365279242736 0.0081163288743984711 -0.0068645072643593831 -0.00043990445720172659 0.00054829285993665186 0.0090233639666613442 -0.00097288169343174528 -0.0046041917565906683 -0.0037447899172030406 -0.0028926409843428279 0.0029734861580771235 -0.0038305185694982513
leaf_weight=22.136462807655334 29.817630812525749 270.85273730009794 20.150432288646698 18.514850839972496 538.27469853311777 506.34360829740763 25.320407867431641 423.71325279027224 109.52480314671993 69.057962916791439 18.678786650300026 124.08083505928516 28.084672197699547
leaf_count=97 138 1180 88 81 2268 2188 109 1818 465 297 79 535 123
internal_value=-0.000130209 -5.26199e-05 0.000606445 0.000141513 0.000307314 -0.00060395 0.00246321 -0.000814289 -0.00172353 2.93348e-05 0.00295833 0.00219614 -0.00091872
internal_weight=2204.55 2174.73 990.552 827.642 809.127 1184.18 75.5415 1108.64 533.238 575.402 162.91 142.76 50.2211
internal_count=9466 9328 4231 3529 3448 5097 329 4768 2283 2485 702 614 220
is_linear=0
shrinkage=0.011451


Tree=483
num_leaves=10
num_cat=0
split_feature=0 23 11 12 25 24 10 0 22
split_gain=7.07194 6.40495 8.10474 7.22958 5.59607 6.53449 5.24246 3.46836 1.86331
threshold=11.620807665982209 -415.91249999999997 -0.31823150694118435 -0.66860465116279055 -5.4999999999999991 -1.0000000180025095e-35 0.021065204882116665 -1.8726899383983555 1.0000000180025095e-35
decision_type=10 8 8 10 2 2 8 8 8
left_child=1 3 -3 7 -4 -6 -5 -1 -8
right_child=-2 2 4 6 5 -7 8 -9 -10
leaf_value=-0.0096825401431368929 -0.0056108405274491171 0.0070979296761570542 0.0060071946467069228 0.0031340411247439814 -0.0017162553492485241 0.00021336517739734467 -0.00063080122248163441 -0.003214085340433014 -0.005692559405635937
leaf_weight=20.238207653164864 29.767201870679855 20.778178632259369 19.609073042869568 30.790233314037323 264.13854138553143 1756.4950982257724 19.29750918596983 24.775506913661957 18.556052938103676
leaf_count=87 138 92 85 132 1152 7510 84 108 78
internal_value=-0.000128737 -5.20113e-05 9.42977e-05 -0.00269029 2.06899e-05 -3.93561e-05 -0.000337919 -0.00622059 -0.00316736
internal_weight=2204.45 2174.68 2061.02 113.658 2040.24 2020.63 68.6438 45.0137 37.8536
internal_count=9466 9328 8839 489 8747 8662 294 195 162
is_linear=0
shrinkage=0.011451


Tree=484
num_leaves=11
num_cat=0
split_feature=3 19 4 6 9 14 17 7 18 18
split_gain=7.884 5.74494 9.41553 5.5938 6.02457 5.83854 9.2897 5.96316 4.44235 2.64585
threshold=-0.08680365365585567 -0.86190476190476184 -0.54718360502197128 -1.7111551765522741 -0.57836257309941508 -0.35683229813664591 0.082532051282051294 2.2467071927768174 -0.02451923076923079 -0.16666666666666666
decision_type=8 8 10 8 8 8 10 10 10 10
left_child=-1 2 -2 4 -3 6 -5 -7 -6 -4
right_child=1 3 9 5 8 7 -8 -9 -10 -11
leaf_value=-0.006776164510860945 -0.0013094840694617485 0.003774261772410322 0.00399783962034097 0.0040352525904480616 -0.0038243470868410891 0.00016886973715323563 -0.0027057715545285893 -0.0037846974093604544 -0.00072202965321289145 0.010289534255101018
leaf_weight=21.306199759244919 30.639213696122169 24.963672339916229 18.957835659384727 111.44530506432056 106.1873904466629 1653.1146506220102 34.716012075543404 50.923000685870647 140.5026159286499 18.206565320491791
leaf_count=92 132 110 86 479 469 7063 148 223 611 79
internal_value=4.95558e-05 0.000118003 0.00338278 1.26536e-05 -0.00151969 0.000238102 0.00242915 4.92971e-05 -0.00206409 0.00720636
internal_weight=2210.96 2189.66 67.8036 2121.85 271.654 1850.2 146.161 1704.04 246.69 37.1644
internal_count=9492 9400 297 9103 1190 7913 627 7286 1080 165
is_linear=0
shrinkage=0.011451


Tree=485
num_leaves=13
num_cat=0
split_feature=25 14 31 4 29 13 5 22 19 4 23 9
split_gain=7.42592 6.05394 11.8121 8.69326 9.1487 8.8208 7.33842 6.45724 6.40107 10.6328 5.25605 3.70401
threshold=-5.4999999999999991 0.18208556149732621 88.455892247709144 2.1200890358675997 1.0000000180025095e-35 0.31503759398496245 -1.4147986808285899 55.500000000000007 -0.86190476190476184 -0.54718360502197128 252.54166666666666 -0.17491258741258736
decision_type=2 10 2 10 8 10 10 10 8 10 10 10
left_child=-1 2 8 4 6 -5 -3 -6 9 -2 -10 -4
right_child=1 3 11 5 7 -7 -8 -9 10 -11 -12 -13
leaf_value=0.0068981258599604585 -0.0016494667666320018 0.0012400720930065895 0.0081264346843447997 -0.00057626279207938452 -0.00046723491599679883 -0.0099191182451604382 -0.0048560475167581949 0.003836020771596256 -0.00020366883921203152 0.0084133067351571476 0.0023913013157195965 0.0024679411411824875
leaf_weight=19.901562824845314 24.588402628898621 36.117075949907303 28.781229257583618 24.829597920179367 158.92560247331858 27.965802393853664 88.787608534097672 63.463603504002094 1565.5632627159357 30.10363994538784 108.84272715449333 33.038660295307636
leaf_count=88 106 160 134 106 685 124 381 273 6676 131 472 156
internal_value=4.89996e-05 -1.528e-05 0.000269322 -0.00128758 -0.00062462 -0.0055868 -0.00309607 0.000768541 9.25358e-05 0.00392371 -3.41066e-05 0.00516059
internal_weight=2210.91 2191.01 1790.92 400.089 347.294 52.7954 124.905 222.389 1729.1 54.692 1674.41 61.8199
internal_count=9492 9404 7675 1729 1499 230 541 958 7385 237 7148 290
is_linear=0
shrinkage=0.011451


Tree=486
num_leaves=18
num_cat=0
split_feature=23 11 4 2 20 27 8 11 27 17 0 16 27 3 10 4 8
split_gain=7.58205 12.4411 10.1154 13.9846 8.11955 6.98367 6.21291 6.11698 7.77757 8.62029 6.0375 5.60464 5.90608 5.62388 4.74387 4.26201 3.08035
threshold=-102.41666666666667 -0.22097411923422292 0.012342234231595974 -13.950000000000001 -0.51190476190476175 0.29009870451457032 -0.028649509216288168 -0.25608661738795552 0.20043669174677028 0.86607142857142871 0.43531827515400506 1.5000000000000002 -0.041765970543870393 -0.045346062052506068 -0.092431241561045027 -0.90444073383020862 0.069049407585827519
decision_type=10 8 10 10 8 10 8 8 10 8 8 2 8 8 10 10 10
left_child=7 15 3 10 -5 6 -4 -1 11 16 -3 13 -13 -9 -11 -2 -10
right_child=1 2 5 4 -6 -7 -8 8 9 14 -12 12 -14 -15 -16 -17 -18
leaf_value=-0.0063239257085228066 0.0096640541849006625 -0.011323403155022052 -8.0389044035425594e-05 0.0052737028097081841 -0.00072303085406038583 -0.0039454466665917766 0.0026626818505821872 0.0021310294255605746 0.0032501294103108912 0.0018341760720150704 -0.0031029105376765664 0.0005491885468324214 -0.0056261409983408821 -0.0010759506673779272 -0.0052373354151275748 0.0024900068229447435 0.0099713386972720679
leaf_weight=26.158191069960594 23.089531570672989 20.837580919265747 168.48958313465118 30.970833227038383 461.97833853960037 30.18956233561039 302.08256202936172 77.774702429771423 19.160844847559929 37.237373605370522 27.318206697702408 29.203119844198227 65.19427265226841 840.06687918305397 17.86123526096344 21.133024275302887 17.842864111065865
leaf_count=118 100 92 726 131 1976 140 1303 331 84 160 129 126 281 3571 79 91 80
internal_value=-0.000262966 0.000420195 0.000165783 -0.000919133 -0.000339696 0.00133777 0.00168179 -0.000919152 -0.000787414 0.00238725 -0.00676544 -0.00107765 -0.00372521 -0.000802861 -0.000493185 0.00632311 0.00660945
internal_weight=2216.59 1086.09 1041.87 541.105 492.949 500.762 470.572 1130.5 1104.34 92.1023 48.1558 1012.24 94.3974 917.842 55.0986 44.2226 37.0037
internal_count=9518 4688 4497 2328 2107 2169 2029 4830 4712 403 221 4309 407 3902 239 191 164
is_linear=0
shrinkage=0.011451


Tree=487
num_leaves=18
num_cat=0
split_feature=4 5 3 26 3 3 25 13 25 3 13 13 27 30 7 13 4
split_gain=6.40593 8.30589 8.02506 8.15251 7.08862 9.09326 8.57856 8.00629 6.28607 5.49858 6.64336 10.6153 5.79684 5.49254 5.24687 5.22073 7.85867
threshold=0.012342234231595974 -0.40976080604560633 -0.02997992534104121 -0.1262978298706359 0.033462028461339062 -0.040999949002988027 -1.0000000180025095e-35 -0.39696969696969692 -1.0000000180025095e-35 -0.029530978575564689 -0.085714285714285701 -0.44722222222222213 0.019005631235675963 0.16666666666666674 -0.41013093757814229 0.37321428571428578 -0.90444073383020862
decision_type=10 10 10 10 10 8 2 8 2 10 8 10 10 8 10 10 10
left_child=9 2 13 -4 5 14 -6 -7 -5 10 11 -1 -13 -2 -3 -11 -17
right_child=1 4 3 8 6 7 -8 -9 -10 15 -12 12 -14 -15 -16 16 -18
leaf_value=0.00070247968013303496 0.011477271799974563 -0.00096966943843657756 0.0051139292452254959 0.0030275399214896117 0.0079011077902174653 0.0039504704454684167 0.00027324166606040612 -0.001793333849956392 -0.0025040035138201881 -7.499383046702782e-05 -0.0011164143045205863 -0.0040332991418404818 -0.011823417681251218 0.0034542922313327389 0.0046317268531343757 0.00036839931478837559 -0.0093912323162807024
leaf_weight=29.679685018956661 18.015080325305462 34.2373166680336 49.521427229046822 42.516443997621536 28.985045924782753 33.966768696904182 55.712283134460449 397.30973769724369 70.988020971417427 928.77356751263142 343.01315453648567 26.902840182185173 24.635434709489346 30.141603603959084 59.361917808651924 23.358916014432907 19.412499204277992
leaf_count=141 80 149 221 192 124 151 238 1696 310 3939 1468 124 106 140 252 102 85
internal_value=-0.000259959 0.000542553 0.00249582 0.00127041 -0.000136119 -0.000633101 0.00292472 -0.00133559 -0.000426454 -0.000731893 -0.00181848 -0.00475052 -0.00785982 0.00657069 0.0025904 -0.000256512 -0.00413687
internal_weight=2216.53 820.756 211.183 163.026 609.573 524.876 84.6973 431.277 113.504 1395.78 424.231 81.218 51.5383 48.1567 93.5992 971.545 42.7714
internal_count=9518 3553 943 723 2610 2248 362 1847 502 5965 1839 371 230 220 401 4126 187
is_linear=0
shrinkage=0.011451


Tree=488
num_leaves=9
num_cat=0
split_feature=7 10 31 10 10 14 30 19
split_gain=7.58963 9.25106 6.60154 6.45321 6.07242 4.38938 4.25441 3.219
threshold=-4.8721207197994625 -0.52213663069655702 -88.066844955317933 -0.42786963248735427 0.55082053322451496 -0.24999999999999994 -0.25390720390720384 -0.50641025641025628
decision_type=8 8 2 8 10 10 10 10
left_child=-1 -2 5 -4 -5 6 -3 -7
right_child=1 2 3 4 -6 7 -8 -9
leaf_value=0.0066118482290382944 -0.0060523980746301394 -0.0029430919510662172 0.005090726200959979 0.00022006616876394175 0.0062072834440591879 -0.0012670336098657357 0.0039541835830105123 -0.0074028763527277568
leaf_weight=23.415449589490891 30.448240786790848 29.043935962021351 36.678419962525368 2004.9872944280505 21.800330951809883 18.283675529062748 18.714013241231441 29.693912729620934
leaf_count=101 133 138 157 8575 96 85 84 136
internal_value=0.000217853 0.000147497 0.000236756 0.000373476 0.000286473 -0.0026924 -0.000223258 -0.0051137
internal_weight=2213.07 2189.65 2159.2 2063.47 2026.79 95.7355 47.7579 47.9776
internal_count=9505 9404 9271 8828 8671 443 222 221
is_linear=0
shrinkage=0.011451


Tree=489
num_leaves=11
num_cat=0
split_feature=7 31 31 17 28 7 14 19 9 30
split_gain=7.41937 7.54196 6.09026 5.52977 8.18285 5.9631 5.10652 5.15832 4.08517 3.92373
threshold=-4.8721207197994625 -88.066844955317933 -78.071169176578323 -0.16575091575091572 -0.211377528697508 -2.5602252101563683 -0.39747899159663852 0.034523809523809533 0.6195238095238097 -0.24978991596638647
decision_type=8 2 2 8 10 8 8 8 8 10
left_child=-1 6 9 4 -4 -5 -2 -8 -9 -3
right_child=1 2 3 5 -6 -7 7 8 -10 -11
leaf_value=0.0065363321131022235 0.0025696503565114568 0.0075760116750613312 0.0083092218457033497 -0.004761119993137602 0.0011457608150648661 8.0909827440875089e-05 -0.0076162841556893998 0.0012458997497003571 -0.0054064453406471582 0.00072347702295645579
leaf_weight=23.422361925244331 17.60851526260376 23.693165004253387 22.688305765390396 33.321914061903954 203.61532562971115 1787.7507282197475 32.755770087242126 26.778038591146469 21.136653542518616 20.196038812398911
leaf_count=101 79 103 99 146 872 7640 148 127 102 88
internal_value=0.000215381 0.000145806 0.000291879 0.000200669 0.00188611 -9.38915e-06 -0.00294358 -0.00415812 -0.00172238 0.00448042
internal_weight=2212.97 2189.54 2091.27 2047.38 226.304 1821.07 98.279 80.6705 47.9147 43.8892
internal_count=9505 9404 8948 8757 971 7786 456 377 229 191
is_linear=0
shrinkage=0.011451


Tree=490
num_leaves=18
num_cat=0
split_feature=21 9 10 9 29 22 22 8 9 31 3 23 0 12 28 30 19
split_gain=7.52688 12.6504 7.54988 11.5022 7.28784 7.1721 6.88216 6.82135 11.5415 5.9165 5.82538 4.83022 4.75481 4.6785 4.19096 3.11155 2.85631
threshold=8.5000000000000018 -0.35015673981191214 -0.28288029036230472 -0.21631529390150075 6.087820512820513 556.00000000000011 301.50000000000006 -0.030141851922570403 0.20628425947574888 15.459098627358914 1.0000000180025095e-35 -153.4551282051282 3.1786447638603712 -0.24999999999999992 0.071564410402410683 0.10000000000000006 -0.20416666666666666
decision_type=2 10 8 10 10 10 10 8 10 2 8 10 10 10 10 8 10
left_child=2 11 3 10 12 6 9 -5 -9 -4 -1 -2 14 -12 -3 -14 -8
right_child=1 4 5 7 -6 -7 16 8 -10 -11 13 -13 15 -15 -16 -17 -18
leaf_value=-0.0022069483620066545 -0.00071409677340106585 0.00030302473930394298 -8.1255654555186264e-05 -0.00019093802624435419 0.0004987158758537908 0.006973574568323219 -0.00097692748096922456 -0.010016335559404659 -0.00075914543107641634 0.0013119957607384126 0.0070119880113546258 0.0060980472730051971 -0.011093284465218543 -0.00036925634213822985 -0.0069806780946718673 -0.0050239381630658069 -0.006998192395738549
leaf_weight=36.089617565274239 31.781779319047928 22.114271387457848 1162.592415086925 33.530308589339256 29.507068961858749 20.632518962025642 19.164406836032867 44.814060315489769 29.061736717820168 608.31310687959194 26.081477120518684 23.099613770842552 26.621205985546112 19.338640347123146 18.736414059996605 21.887954369187355 22.394250564277172
leaf_count=156 137 97 4943 143 128 93 84 191 125 2644 115 100 116 83 80 96 99
internal_value=-5.51066e-05 -0.00233756 0.000141723 -0.00203383 -0.00442929 0.000366586 0.000288852 -0.00448422 -0.00641381 0.000397644 0.00120519 0.00219169 -0.00604824 0.00390914 -0.0030958 -0.00845933 -0.00428045
internal_weight=2195.76 173.748 2022.01 188.916 118.867 1833.1 1812.46 107.406 73.8758 1770.91 81.5097 54.8814 89.3598 45.4201 40.8507 48.5092 41.5587
internal_count=9430 754 8676 813 517 7863 7770 459 316 7587 354 237 389 198 177 212 183
is_linear=0
shrinkage=0.011451


Tree=491
num_leaves=18
num_cat=0
split_feature=21 9 10 9 29 22 7 5 29 8 9 8 4 23 31 15 31
split_gain=7.36312 12.3799 7.37913 11.2437 7.13797 7.00497 6.93396 8.30728 7.17444 6.66638 11.2786 5.1393 4.87729 4.72142 4.5044 4.95117 2.89616
threshold=8.5000000000000018 -0.35015673981191214 -0.28288029036230472 -0.21631529390150075 6.087820512820513 556.00000000000011 0.8078494944428839 -2.5506619414204468 -7.8574862637362619 -0.030141851922570403 0.20628425947574888 -0.021300026304243627 -1.2250593743625475 -153.4551282051282 61.62081310894974 0.12367296446243815 -33.914130137638715
decision_type=2 10 8 10 10 10 10 8 8 8 10 10 10 10 2 10 2
left_child=2 13 3 11 14 6 7 -4 -8 -5 -11 16 -13 -2 15 -3 -1
right_child=1 4 5 9 -6 -7 8 -9 -10 10 -12 12 -14 -15 -16 -17 -18
leaf_value=-0.0051615726837114361 -0.00070603180940553671 -0.010508876128972177 0.0043534842389147781 -0.00018879609605721787 0.00049311116253650028 0.0068881085754088096 0.0072841493505031588 -0.00013530068066839676 0.0013457695879824697 -0.0099011892696932932 -0.00075059168849533116 0.0079659859315518826 0.00024031007663901659 0.0060282264459278201 -0.0020103372458189482 -0.0038886823062612157 0.0010144350139571962
leaf_weight=17.492545902729034 31.784283488988876 34.896061435341835 55.368237063288689 33.529926687479019 29.508238941431046 20.65740492939949 30.511656254529953 1537.7385515868664 188.68319466710091 44.823740184307098 29.063884705305099 19.853817209601402 22.518160164356232 23.107213079929352 26.947369284927845 27.427222117781639 21.652668207883835
leaf_count=80 137 151 249 143 128 93 132 6574 815 191 125 85 97 100 118 120 92
internal_value=-5.45635e-05 -0.00231259 0.000140084 -0.0020106 -0.00438326 0.000362415 0.000285542 2.24518e-05 0.00219185 -0.00443317 -0.00634045 0.00119169 0.00392718 0.00216693 -0.00598689 -0.00766703 -0.00178538
internal_weight=2195.56 173.67 2021.89 188.935 118.779 1832.96 1812.3 1593.11 219.195 107.418 73.8876 81.5172 42.372 54.8915 89.2707 62.3233 39.1452
internal_count=9430 754 8676 813 517 7863 7770 6823 947 459 316 354 182 237 389 271 172
is_linear=0
shrinkage=0.011451


Tree=492
num_leaves=10
num_cat=0
split_feature=9 0 31 10 5 14 22 10 7
split_gain=7.51281 6.5349 10.2052 7.33534 7.01847 5.38479 5.81011 6.90658 6.29637
threshold=0.75595238095238104 -5.3908281998631091 -73.529875177712924 -0.28288029036230472 -1.7718621870343751 -0.79285714285714282 288.00000000000006 -0.11286788985557182 -1.6940183763768439
decision_type=10 10 2 8 8 8 10 10 8
left_child=1 2 -1 -4 -5 -3 8 -8 -7
right_child=-2 5 3 4 -6 6 7 -9 -10
leaf_value=-0.004999728373481783 -0.0067044580269260629 0.0046494303344884512 -0.0036132059130376836 0.0087667588445671969 0.0021077278268934524 0.0024420100628964906 0.0014769160661965352 -0.0059307978467495444 -0.00032930284030903201
leaf_weight=28.316002205014229 21.045287951827049 28.858690649271011 26.389761820435524 21.948835067451 268.22857495397329 114.32014058530331 24.589765056967735 48.171793401241302 1651.7112169489264
leaf_count=119 91 125 116 111 1173 495 110 215 7045
internal_value=-7.20057e-07 6.50333e-05 0.00151166 0.00210331 0.00263024 -0.000202544 -0.00028034 -0.00343663 -0.000149059
internal_weight=2233.58 2212.53 344.883 316.567 290.177 1867.65 1838.79 72.7616 1766.03
internal_count=9600 9509 1519 1400 1284 7990 7865 325 7540
is_linear=0
shrinkage=0.011451


Tree=493
num_leaves=14
num_cat=0
split_feature=9 4 14 3 3 3 22 5 31 2 5 9 2
split_gain=7.34317 6.35718 8.44983 9.827 12.6988 7.41372 10.7415 6.9923 6.94908 6.94264 6.15718 4.74292 3.89786
threshold=0.75595238095238104 -0.39854940692229429 -0.67083333333333328 0.040432928431670075 0.014590121459697071 0.038837543973189177 -16.499999999999996 -0.45357009736631876 -78.071169176578323 13.950000000000005 -0.38748416250503398 -0.16118642575943651 11.450000000000005
decision_type=10 8 10 8 10 8 8 10 2 10 8 8 8
left_child=1 2 -1 4 -4 8 12 -5 11 -8 -10 -3 -7
right_child=-2 5 3 7 -6 6 9 -9 10 -11 -12 -13 -14
leaf_value=0.0064363878178145409 -0.0066266267081344131 0.0013945969771205753 -0.0013411070878103944 -0.0016125300153579985 0.0029492909567423176 0.0030182686023763373 0.0013788614494071076 -0.0070497844496022095 0.0019281085889373225 -0.0046374303674351731 -0.00022676039288835337 -0.0054592288300963146 0.008204002187045813
leaf_weight=19.513596788048744 21.056368321180344 17.881207823753357 409.83404429256916 73.306159451603889 115.37566643953323 39.80099518597126 304.9746737331152 53.776103802025318 218.08183149248362 26.760705024003983 847.09118674695492 47.913358628749847 38.003724507987499
leaf_count=85 91 80 1764 317 494 173 1317 242 955 118 3570 216 178
internal_value=-7.17463e-07 6.43122e-05 -0.000864703 -0.00108943 -0.000396083 0.000469647 0.0017884 -0.00393799 -8.66034e-06 0.000885256 0.000215349 -0.00360121 0.00559914
internal_weight=2233.37 2212.31 671.806 652.292 525.21 1540.51 409.54 127.082 1130.97 331.735 1065.17 65.7946 77.8047
internal_count=9600 9509 2902 2817 2258 6607 1786 559 4821 1435 4525 296 351
is_linear=0
shrinkage=0.011451


Tree=494
num_leaves=14
num_cat=0
split_feature=5 0 28 26 13 20 0 8 16 12 3 8 20
split_gain=5.2957 6.85467 6.85102 6.6934 6.63188 6.25349 5.79459 5.79491 4.89157 4.68241 6.47273 4.08423 3.04338
threshold=2.5238067047730648 -12.765229295003422 -0.31719794669245754 0.050220599446876811 -0.30634920634920626 0.59166666666666679 -1.4387405886379196 -0.037756357467892847 1.0000000180025095e-35 0.22731560891938254 -0.015272928943018236 0.066480927895930589 -1.0000000180025095e-35
decision_type=10 10 8 10 8 10 10 10 2 8 10 8 10
left_child=1 -1 6 4 -4 -5 -3 -8 9 10 -2 12 -11
right_child=8 2 3 5 -6 -7 7 -9 -10 11 -12 -13 -14
leaf_value=0.0058071297116451788 -0.00012239159024075722 0.0073228713625351017 0.0020870472207285451 0.0015597791174740191 -0.00047284103425232824 -0.003617123241061847 -0.0028805988736969471 0.0047708241566032017 0.0028430491387691961 -0.0055660858308536273 -0.0089816693241782496 0.0035232841354299444 0.00067769804346354821
leaf_weight=29.935179725289345 17.13235867023468 32.034606300294399 147.44168616831303 534.1238114386797 1275.9593677073717 31.835045576095581 24.25735704600811 26.486443728208542 22.268741935491562 22.973920151591301 28.744918003678322 18.511288613080978 17.827022895216942
leaf_count=135 79 153 648 2291 5425 139 102 115 97 103 130 80 81
internal_value=0.000288914 0.000426551 0.000346989 0.000212089 -0.00020683 0.00126469 0.00356152 0.00112319 -0.00197149 -0.00300216 -0.00572212 -0.000858318 -0.00287078
internal_weight=2229.53 2102.07 2072.14 1989.36 1423.4 565.959 82.7784 50.7438 127.458 105.19 45.8773 59.3122 40.8009
internal_count=9578 9008 8873 8503 6073 2430 370 217 570 473 209 264 184
is_linear=0
shrinkage=0.011451


Tree=495
num_leaves=18
num_cat=0
split_feature=24 9 28 22 8 22 26 6 4 26 6 14 18 9 10 3 11
split_gain=5.41779 10.3056 8.35725 7.86079 7.80327 7.54965 7.01775 5.09731 4.24873 7.0196 8.86776 8.4579 8.34168 6.22693 7.53415 7.54911 5.78843
threshold=1.0000000180025095e-35 -0.27336278586278578 0.013103534378942046 -1.0000000180025095e-35 0.0037310444316009665 104.50000000000001 -0.15247095591122625 0.7337074603972713 0.38315320937923031 -0.97248518864925726 -2.4530419123775897 0.29880952380952391 0.20972222222222225 0.12825350749879055 -0.14346753799673129 -0.042148662503797611 0.16764341454423579
decision_type=2 10 10 10 10 8 10 10 10 8 8 8 10 8 8 8 10
left_child=8 5 4 -4 6 -2 -3 -6 9 11 12 -1 -11 14 -10 -16 -15
right_child=1 2 3 -5 7 -7 -8 -9 13 10 -12 -13 -14 16 15 -17 -18
leaf_value=0.0053466452208930544 0.0077247853993430027 -0.0048411201532172661 -0.0056977069211169669 0.00076043020937101389 0.010054207828091941 0.00073926493291445283 0.0027653816045030313 0.0024790858944748668 0.0072619460781586506 -0.0020823096485679854 -0.00029424821724693934 -0.0017298059796450344 -0.011243883850701526 0.00033903785628104801 0.0061348325270165335 0.00063634108370843755 -0.0041742377528193224
leaf_weight=58.75294953584671 52.604479536414146 24.595763251185417 43.036250069737434 56.575214564800262 21.417796932160854 33.012360438704491 42.283848255872726 25.902197912335396 31.217949330806732 48.30843411386013 1175.2980625927448 34.893192082643509 17.402557514607906 240.62783340364695 37.221021071076393 242.82932508736849 43.410451374948025
leaf_count=253 230 105 187 245 95 147 182 120 134 218 4999 147 79 1044 159 1041 193
internal_value=0.000285648 0.001717 0.000367805 -0.00204897 0.00247551 0.00505766 -5.20509e-05 0.00599922 6.30641e-05 -0.000295773 -0.000524391 0.00271628 -0.00459665 0.000866999 0.001984 0.00137989 -0.000358851
internal_weight=2229.39 299.428 213.811 99.6115 114.2 85.6168 66.8796 47.32 1929.96 1334.66 1241.01 93.6461 65.711 595.307 311.268 280.05 284.038
internal_count=9578 1311 934 432 502 377 287 215 8267 5696 5296 400 297 2571 1334 1200 1237
is_linear=0
shrinkage=0.011451


Tree=496
num_leaves=18
num_cat=0
split_feature=15 31 29 10 26 10 15 29 13 8 31 7 10 0 12 19 10
split_gain=5.42348 9.78362 8.51886 9.01479 8.20724 7.9628 7.35445 7.30113 9.84167 7.02293 9.49939 10.1807 8.00349 6.54845 6.4166 6.70781 6.11393
threshold=-0.062432795698924723 2.7330922077784412 -6.4999999999999982 -0.31147469111220466 0.074487451590609585 -0.37604743447766698 0.16720430107526887 -6.0245726495726482 -0.015957898310839515 0.0097167896710897168 58.298111884395105 0.72553829596808905 0.20693903069988284 -1.4866529774127295 -0.34142228739002922 -0.34807692307692301 -0.40208027641557836
decision_type=8 2 8 8 10 8 10 8 10 10 2 10 10 8 8 10 10
left_child=4 5 -3 16 9 -2 -5 8 -7 10 11 -1 -11 -9 -6 -16 -4
right_child=1 2 3 6 14 7 -8 13 -10 12 -12 -13 -14 -15 15 -17 -18
leaf_value=-0.0038708548600123838 -0.0047184516105269678 0.0054513635919613912 0.0020235737006080732 0.0011893085903693023 -0.0056770831651391917 -0.00082461992275644446 -0.0025728548528120652 0.0015606356343453446 -0.0082654684525033783 0.00037874681922765339 0.0014644139168310845 -0.012674583760591232 -0.0063766018122732911 -0.00050966495345121604 0.0042346165583897382 -6.7008760674442901e-05 0.01054999489880515
leaf_weight=91.668946012854576 50.920728243887424 63.140723034739494 24.613683804869652 434.24323010444641 19.077921479940414 93.271518334746361 80.152289174497128 322.67790800333023 30.49104817211628 154.17559655755758 32.052171424031258 20.911249384284019 26.353720411658287 526.04898452758789 64.933293968439102 172.55895301699638 19.918002009391785
leaf_count=394 224 272 107 1866 82 404 348 1342 128 670 140 90 115 2278 285 739 85
internal_value=1.82923e-05 0.000354295 0.00148604 0.00103216 -0.000931441 -0.00033414 0.000600538 -0.000101515 -0.00269206 -0.00213785 -0.00401208 -0.00557071 -0.000627116 0.000278047 0.000599058 0.00111762 0.00593602
internal_weight=2227.21 1645.48 622.068 558.927 581.732 1023.41 514.396 972.489 123.763 325.162 144.632 112.58 180.529 848.727 256.57 237.492 44.5317
internal_count=9569 7054 2678 2406 2515 4376 2214 4152 532 1409 624 484 785 3620 1106 1024 192
is_linear=0
shrinkage=0.011451


Tree=497
num_leaves=11
num_cat=0
split_feature=14 23 15 20 15 4 19 7 18 2
split_gain=6.68514 6.66886 7.01517 10.4845 8.49864 6.98453 6.13785 6.42439 5.15359 4.56291
threshold=-0.59545454545454535 -580.61904761904748 0.26825396825396836 -0.65833333333333321 0.082085561497326223 4.5171804034072975 -0.22361111111111109 -0.47675812054637451 0.78174603174603186 -3.8000000000000109
decision_type=8 8 10 8 10 10 10 10 10 8
left_child=8 -2 3 4 -3 -5 7 -4 -1 -8
right_child=1 2 6 5 -6 -7 9 -9 -10 -11
leaf_value=0.0066837784861806041 -0.0051973200980345857 -0.0005529682477059684 0.0028232402694611516 -1.3132829359733788e-05 0.009449290498918619 0.0059437719203357499 -2.5850518290688787e-05 -0.0023618902232614429 0.00037491387258633765 -0.0063799261503508908
leaf_weight=33.573405340313911 32.391462996602058 18.128509908914566 47.555415235459805 1845.2632038369775 27.941569492220879 25.513286381959915 20.417093932628632 88.874276712536812 33.847755283117294 53.440681710839272
leaf_count=145 142 80 208 7908 120 112 89 389 144 232
internal_value=1.80225e-05 -9.33335e-05 -1.40168e-05 0.000204036 0.00556139 7.01822e-05 -0.00199604 -0.000549594 0.00355099 -0.00463927
internal_weight=2226.95 2159.53 2127.13 1916.85 46.0701 1870.78 210.287 136.43 67.4212 73.8578
internal_count=9569 9280 9138 8220 200 8020 918 597 289 321
is_linear=0
shrinkage=0.011451


end of trees

feature_importances:
diff_age=607
diff_elo_pre=540
diff_reach_to_height_ratio=467
diff_sapm=443
diff_total_ufc_fights=368
diff_reach_cm=338
diff_td_avg_per_15=329
diff_striking_defense=321
diff_striking_accuracy=300
diff_days_since_last_fight=298
diff_slpm=290
diff_takedown_defense=288
diff_time_controlled_pct=284
diff_significant_strike_rate=273
diff_takedown_accuracy=263
diff_avg_fight_time_seconds=227
diff_decision_win_pct=218
diff_striking_output_decay=186
diff_career_win_pct=164
diff_takedown_output_decay=163
diff_sub_attempts_per_15=158
diff_title_fight_experience=158
diff_finish_rate=151
diff_decision_loss_pct=149
diff_times_knocked_down=148
diff_ko_loss_rate=146
diff_height_cm=132
diff_control_time_pct=131
diff_knockdown_rate=130
diff_submission_success_rate=86
diff_sub_loss_rate=85
diff_submission_win_count=45

parameters:
[boosting: gbdt]
[objective: binary]
[metric: binary_logloss]
[tree_learner: serial]
[device_type: cpu]
[data_sample_strategy: bagging]
[data: ]
[valid: ]
[num_iterations: 498]
[learning_rate: 0.011451]
[num_leaves: 18]
[num_threads: 8]
[seed: 42]
[deterministic: 0]
[force_col_wise: 0]
[force_row_wise: 0]
[histogram_pool_size: -1]
[max_depth: 5]
[min_data_in_leaf: 79]
[min_sum_hessian_in_leaf: 0.001]
[bagging_fraction: 0.622887]
[pos_bagging_fraction: 1]
[neg_bagging_fraction: 1]
[bagging_freq: 2]
[bagging_seed: 400]
[bagging_by_query: 0]
[feature_fraction: 0.72954]
[feature_fraction_bynode: 1]
[feature_fraction_seed: 30056]
[extra_trees: 0]
[extra_seed: 12879]
[early_stopping_round: 0]
[early_stopping_min_delta: 0]
[first_metric_only: 0]
[max_delta_step: 0]
[lambda_l1: 5.25951e-07]
[lambda_l2: 0.66269]
[linear_lambda: 0]
[min_gain_to_split: 0]
[drop_rate: 0.1]
[max_drop: 50]
[skip_drop: 0.5]
[xgboost_dart_mode: 0]
[uniform_drop: 0]
[drop_seed: 17869]
[top_rate: 0.2]
[other_rate: 0.1]
[min_data_per_group: 100]
[max_cat_threshold: 32]
[cat_l2: 10]
[cat_smooth: 10]
[max_cat_to_onehot: 4]
[top_k: 20]
[monotone_constraints: ]
[monotone_constraints_method: basic]
[monotone_penalty: 0]
[feature_contri: ]
[forcedsplits_filename: ]
[refit_decay_rate: 0.9]
[cegb_tradeoff: 1]
[cegb_penalty_split: 0]
[cegb_penalty_feature_lazy: ]
[cegb_penalty_feature_coupled: ]
[path_smooth: 0]
[interaction_constraints: ]
[verbosity: -1]
[saved_feature_importance_type: 0]
[use_quantized_grad: 0]
[num_grad_quant_bins: 4]
[quant_train_renew_leaf: 0]
[stochastic_rounding: 1]
[linear_tree: 0]
[max_bin: 255]
[max_bin_by_feature: ]
[min_data_in_bin: 3]
[bin_construct_sample_cnt: 200000]
[data_random_seed: 175]
[is_enable_sparse: 1]
[enable_bundle: 1]
[use_missing: 1]
[zero_as_missing: 0]
[feature_pre_filter: 1]
[pre_partition: 0]
[two_round: 0]
[header: 0]
[label_column: ]
[weight_column: ]
[group_column: ]
[ignore_column: ]
[categorical_feature: ]
[forcedbins_filename: ]
[precise_float_parser: 0]
[parser_config_file: ]
[objective_seed: 16083]
[num_class: 1]
[is_unbalance: 0]
[scale_pos_weight: 1]
[sigmoid: 1]
[boost_from_average: 1]
[reg_sqrt: 0]
[alpha: 0.9]
[fair_c: 1]
[poisson_max_delta_step: 0.7]
[tweedie_variance_power: 1.5]
[lambdarank_truncation_level: 30]
[lambdarank_norm: 1]
[label_gain: ]
[lambdarank_position_bias_regularization: 0]
[eval_at: ]
[multi_error_top_k: 1]
[auc_mu_weights: ]
[num_machines: 1]
[local_listen_port: 12400]
[time_out: 120]
[machine_list_filename: ]
[machines: ]
[gpu_platform_id: -1]
[gpu_device_id: -1]
[gpu_device_id_list: ]
[gpu_use_dp: 0]
[num_gpu: 1]

end of parameters

pandas_categorical:[]
